{
  "type": "FeatureCollection",
  "features": [
    {
      "type": "Feature",
      "id": "3308142001",
      "properties": {
        "id": "3308142001",
        "name": "Bandongan",
        "slug": "bandongan",
        "district": "Bandongan",
        "sourceCode": "33.08.14.2001",
        "sourceStatus": "Batas Indikatif",
        "boundarySource": "BIG"
      },
      "geometry": {
        "type": "Polygon",
        "coordinates": [
          [
            [
              110.184265,
              -7.45953,
              0.0
            ],
            [
              110.183873,
              -7.459331,
              0.0
            ],
            [
              110.183348,
              -7.459194,
              0.0
            ],
            [
              110.182785,
              -7.458961,
              0.0
            ],
            [
              110.182434,
              -7.459065,
              0.0
            ],
            [
              110.181953,
              -7.459546,
              0.0
            ],
            [
              110.181765,
              -7.459575,
              0.0
            ],
            [
              110.181719,
              -7.459698,
              0.0
            ],
            [
              110.181581,
              -7.459821,
              0.0
            ],
            [
              110.181254,
              -7.459814,
              0.0
            ],
            [
              110.181176,
              -7.459853,
              0.0
            ],
            [
              110.180403,
              -7.459766,
              0.0
            ],
            [
              110.180413,
              -7.460136,
              0.0
            ],
            [
              110.180374,
              -7.460281,
              0.0
            ],
            [
              110.180525,
              -7.460584,
              0.0
            ],
            [
              110.180511,
              -7.460888,
              0.0
            ],
            [
              110.180355,
              -7.461106,
              0.0
            ],
            [
              110.180297,
              -7.461078,
              0.0
            ],
            [
              110.180276,
              -7.461119,
              0.0
            ],
            [
              110.180235,
              -7.461512,
              0.0
            ],
            [
              110.180085,
              -7.461772,
              0.0
            ],
            [
              110.180029,
              -7.462011,
              0.0
            ],
            [
              110.180033,
              -7.462253,
              0.0
            ],
            [
              110.180105,
              -7.462366,
              0.0
            ],
            [
              110.180008,
              -7.463224,
              0.0
            ],
            [
              110.179854,
              -7.463116,
              0.0
            ],
            [
              110.179569,
              -7.463069,
              0.0
            ],
            [
              110.179282,
              -7.462857,
              0.0
            ],
            [
              110.179023,
              -7.462856,
              0.0
            ],
            [
              110.179091,
              -7.463119,
              0.0
            ],
            [
              110.178656,
              -7.463093,
              0.0
            ],
            [
              110.177854,
              -7.463213,
              0.0
            ],
            [
              110.177677,
              -7.463357,
              0.0
            ],
            [
              110.177388,
              -7.463759,
              0.0
            ],
            [
              110.17725,
              -7.463789,
              0.0
            ],
            [
              110.177122,
              -7.464097,
              0.0
            ],
            [
              110.1769,
              -7.464091,
              0.0
            ],
            [
              110.176837,
              -7.464284,
              0.0
            ],
            [
              110.177017,
              -7.464428,
              0.0
            ],
            [
              110.177122,
              -7.465129,
              0.0
            ],
            [
              110.176521,
              -7.465646,
              0.0
            ],
            [
              110.176535,
              -7.466271,
              0.0
            ],
            [
              110.176856,
              -7.466481,
              0.0
            ],
            [
              110.176885,
              -7.466699,
              0.0
            ],
            [
              110.176969,
              -7.466819,
              0.0
            ],
            [
              110.177071,
              -7.466873,
              0.0
            ],
            [
              110.177652,
              -7.466943,
              0.0
            ],
            [
              110.177966,
              -7.467207,
              0.0
            ],
            [
              110.178157,
              -7.467653,
              0.0
            ],
            [
              110.178702,
              -7.467947,
              0.0
            ],
            [
              110.178558,
              -7.468463,
              0.0
            ],
            [
              110.178414,
              -7.4686,
              0.0
            ],
            [
              110.178415,
              -7.468779,
              0.0
            ],
            [
              110.17861,
              -7.469036,
              0.0
            ],
            [
              110.178545,
              -7.469107,
              0.0
            ],
            [
              110.178401,
              -7.46907,
              0.0
            ],
            [
              110.17824,
              -7.469204,
              0.0
            ],
            [
              110.177941,
              -7.470084,
              0.0
            ],
            [
              110.177676,
              -7.470164,
              0.0
            ],
            [
              110.17756,
              -7.470437,
              0.0
            ],
            [
              110.177342,
              -7.470473,
              0.0
            ],
            [
              110.177086,
              -7.470664,
              0.0
            ],
            [
              110.177172,
              -7.470896,
              0.0
            ],
            [
              110.177166,
              -7.471143,
              0.0
            ],
            [
              110.177026,
              -7.471179,
              0.0
            ],
            [
              110.176623,
              -7.470985,
              0.0
            ],
            [
              110.176406,
              -7.471276,
              0.0
            ],
            [
              110.176473,
              -7.471414,
              0.0
            ],
            [
              110.176223,
              -7.471589,
              0.0
            ],
            [
              110.176121,
              -7.471775,
              0.0
            ],
            [
              110.176286,
              -7.471986,
              0.0
            ],
            [
              110.17652,
              -7.472097,
              0.0
            ],
            [
              110.17684,
              -7.472358,
              0.0
            ],
            [
              110.177412,
              -7.472536,
              0.0
            ],
            [
              110.177487,
              -7.472596,
              0.0
            ],
            [
              110.17777,
              -7.473153,
              0.0
            ],
            [
              110.177806,
              -7.473506,
              0.0
            ],
            [
              110.177897,
              -7.473771,
              0.0
            ],
            [
              110.177263,
              -7.47399,
              0.0
            ],
            [
              110.177426,
              -7.47415,
              0.0
            ],
            [
              110.177598,
              -7.474491,
              0.0
            ],
            [
              110.17708,
              -7.474733,
              0.0
            ],
            [
              110.176963,
              -7.474721,
              0.0
            ],
            [
              110.176399,
              -7.474471,
              0.0
            ],
            [
              110.175993,
              -7.474193,
              0.0
            ],
            [
              110.175374,
              -7.474033,
              0.0
            ],
            [
              110.175265,
              -7.474025,
              0.0
            ],
            [
              110.175132,
              -7.474318,
              0.0
            ],
            [
              110.174948,
              -7.474334,
              0.0
            ],
            [
              110.175143,
              -7.474627,
              0.0
            ],
            [
              110.175066,
              -7.474766,
              0.0
            ],
            [
              110.175582,
              -7.475074,
              0.0
            ],
            [
              110.17547,
              -7.475279,
              0.0
            ],
            [
              110.175374,
              -7.475311,
              0.0
            ],
            [
              110.175201,
              -7.475585,
              0.0
            ],
            [
              110.175303,
              -7.475619,
              0.0
            ],
            [
              110.175719,
              -7.475605,
              0.0
            ],
            [
              110.176187,
              -7.475476,
              0.0
            ],
            [
              110.176542,
              -7.475474,
              0.0
            ],
            [
              110.176561,
              -7.475647,
              0.0
            ],
            [
              110.176687,
              -7.475823,
              0.0
            ],
            [
              110.17671,
              -7.475948,
              0.0
            ],
            [
              110.17676,
              -7.475963,
              0.0
            ],
            [
              110.176818,
              -7.475896,
              0.0
            ],
            [
              110.177367,
              -7.475694,
              0.0
            ],
            [
              110.177443,
              -7.475813,
              0.0
            ],
            [
              110.177708,
              -7.476001,
              0.0
            ],
            [
              110.177615,
              -7.47625,
              0.0
            ],
            [
              110.177473,
              -7.476338,
              0.0
            ],
            [
              110.177511,
              -7.476424,
              0.0
            ],
            [
              110.177465,
              -7.476491,
              0.0
            ],
            [
              110.177403,
              -7.47651,
              0.0
            ],
            [
              110.177231,
              -7.476408,
              0.0
            ],
            [
              110.177217,
              -7.476756,
              0.0
            ],
            [
              110.177151,
              -7.476971,
              0.0
            ],
            [
              110.177204,
              -7.477193,
              0.0
            ],
            [
              110.17718,
              -7.477241,
              0.0
            ],
            [
              110.176988,
              -7.477277,
              0.0
            ],
            [
              110.177156,
              -7.477543,
              0.0
            ],
            [
              110.177345,
              -7.477731,
              0.0
            ],
            [
              110.177527,
              -7.477706,
              0.0
            ],
            [
              110.177731,
              -7.477814,
              0.0
            ],
            [
              110.17802,
              -7.477791,
              0.0
            ],
            [
              110.178115,
              -7.477875,
              0.0
            ],
            [
              110.178953,
              -7.478213,
              0.0
            ],
            [
              110.179128,
              -7.478333,
              0.0
            ],
            [
              110.179312,
              -7.478561,
              0.0
            ],
            [
              110.17946,
              -7.478853,
              0.0
            ],
            [
              110.179629,
              -7.479868,
              0.0
            ],
            [
              110.179824,
              -7.480314,
              0.0
            ],
            [
              110.179872,
              -7.48033,
              0.0
            ],
            [
              110.180374,
              -7.480145,
              0.0
            ],
            [
              110.180542,
              -7.480159,
              0.0
            ],
            [
              110.180937,
              -7.480606,
              0.0
            ],
            [
              110.181333,
              -7.480916,
              0.0
            ],
            [
              110.181826,
              -7.48113,
              0.0
            ],
            [
              110.182302,
              -7.481224,
              0.0
            ],
            [
              110.182603,
              -7.481209,
              0.0
            ],
            [
              110.183079,
              -7.481379,
              0.0
            ],
            [
              110.183282,
              -7.480967,
              0.0
            ],
            [
              110.183443,
              -7.480999,
              0.0
            ],
            [
              110.1838,
              -7.480916,
              0.0
            ],
            [
              110.183843,
              -7.48115,
              0.0
            ],
            [
              110.183819,
              -7.481323,
              0.0
            ],
            [
              110.183735,
              -7.481459,
              0.0
            ],
            [
              110.183805,
              -7.481557,
              0.0
            ],
            [
              110.183955,
              -7.481617,
              0.0
            ],
            [
              110.184155,
              -7.481583,
              0.0
            ],
            [
              110.18421,
              -7.481497,
              0.0
            ],
            [
              110.18428,
              -7.481099,
              0.0
            ],
            [
              110.184167,
              -7.480954,
              0.0
            ],
            [
              110.1843,
              -7.480967,
              0.0
            ],
            [
              110.184488,
              -7.481111,
              0.0
            ],
            [
              110.184584,
              -7.481104,
              0.0
            ],
            [
              110.184962,
              -7.480657,
              0.0
            ],
            [
              110.185,
              -7.480349,
              0.0
            ],
            [
              110.185436,
              -7.479982,
              0.0
            ],
            [
              110.186472,
              -7.480593,
              0.0
            ],
            [
              110.186569,
              -7.480746,
              0.0
            ],
            [
              110.186717,
              -7.48086,
              0.0
            ],
            [
              110.186732,
              -7.480977,
              0.0
            ],
            [
              110.186925,
              -7.48112,
              0.0
            ],
            [
              110.187301,
              -7.481249,
              0.0
            ],
            [
              110.187533,
              -7.481254,
              0.0
            ],
            [
              110.187514,
              -7.481093,
              0.0
            ],
            [
              110.187417,
              -7.480978,
              0.0
            ],
            [
              110.187398,
              -7.480767,
              0.0
            ],
            [
              110.187205,
              -7.480378,
              0.0
            ],
            [
              110.186772,
              -7.479985,
              0.0
            ],
            [
              110.186764,
              -7.479925,
              0.0
            ],
            [
              110.186479,
              -7.479789,
              0.0
            ],
            [
              110.186393,
              -7.479634,
              0.0
            ],
            [
              110.18621,
              -7.479489,
              0.0
            ],
            [
              110.186209,
              -7.479366,
              0.0
            ],
            [
              110.186341,
              -7.479179,
              0.0
            ],
            [
              110.186206,
              -7.479065,
              0.0
            ],
            [
              110.186266,
              -7.478966,
              0.0
            ],
            [
              110.18625,
              -7.478794,
              0.0
            ],
            [
              110.186807,
              -7.478181,
              0.0
            ],
            [
              110.186997,
              -7.477871,
              0.0
            ],
            [
              110.187107,
              -7.477498,
              0.0
            ],
            [
              110.187181,
              -7.477482,
              0.0
            ],
            [
              110.18721,
              -7.477399,
              0.0
            ],
            [
              110.187701,
              -7.47731,
              0.0
            ],
            [
              110.187854,
              -7.47715,
              0.0
            ],
            [
              110.188357,
              -7.476868,
              0.0
            ],
            [
              110.188396,
              -7.476741,
              0.0
            ],
            [
              110.18858,
              -7.476675,
              0.0
            ],
            [
              110.188969,
              -7.476318,
              0.0
            ],
            [
              110.189385,
              -7.476474,
              0.0
            ],
            [
              110.189643,
              -7.476652,
              0.0
            ],
            [
              110.189898,
              -7.476667,
              0.0
            ],
            [
              110.18997,
              -7.47648,
              0.0
            ],
            [
              110.190159,
              -7.476378,
              0.0
            ],
            [
              110.190145,
              -7.476296,
              0.0
            ],
            [
              110.190486,
              -7.476299,
              0.0
            ],
            [
              110.190407,
              -7.476132,
              0.0
            ],
            [
              110.190227,
              -7.476027,
              0.0
            ],
            [
              110.190203,
              -7.475768,
              0.0
            ],
            [
              110.190045,
              -7.475471,
              0.0
            ],
            [
              110.190494,
              -7.475123,
              0.0
            ],
            [
              110.190564,
              -7.474888,
              0.0
            ],
            [
              110.1905,
              -7.474673,
              0.0
            ],
            [
              110.19073,
              -7.474494,
              0.0
            ],
            [
              110.190831,
              -7.474517,
              0.0
            ],
            [
              110.191005,
              -7.474749,
              0.0
            ],
            [
              110.191157,
              -7.474688,
              0.0
            ],
            [
              110.191588,
              -7.474681,
              0.0
            ],
            [
              110.192182,
              -7.474071,
              0.0
            ],
            [
              110.192428,
              -7.473744,
              0.0
            ],
            [
              110.192112,
              -7.47346,
              0.0
            ],
            [
              110.192634,
              -7.472691,
              0.0
            ],
            [
              110.192807,
              -7.472598,
              0.0
            ],
            [
              110.192807,
              -7.472335,
              0.0
            ],
            [
              110.192638,
              -7.472251,
              0.0
            ],
            [
              110.192577,
              -7.472109,
              0.0
            ],
            [
              110.192462,
              -7.472015,
              0.0
            ],
            [
              110.192475,
              -7.471838,
              0.0
            ],
            [
              110.191983,
              -7.471798,
              0.0
            ],
            [
              110.191798,
              -7.471523,
              0.0
            ],
            [
              110.191789,
              -7.471406,
              0.0
            ],
            [
              110.191951,
              -7.471415,
              0.0
            ],
            [
              110.192148,
              -7.471589,
              0.0
            ],
            [
              110.192694,
              -7.471453,
              0.0
            ],
            [
              110.192864,
              -7.471186,
              0.0
            ],
            [
              110.192844,
              -7.470729,
              0.0
            ],
            [
              110.19309,
              -7.470389,
              0.0
            ],
            [
              110.193515,
              -7.470154,
              0.0
            ],
            [
              110.193316,
              -7.470126,
              0.0
            ],
            [
              110.193229,
              -7.470027,
              0.0
            ],
            [
              110.193317,
              -7.469767,
              0.0
            ],
            [
              110.193306,
              -7.468794,
              0.0
            ],
            [
              110.193527,
              -7.467922,
              0.0
            ],
            [
              110.193492,
              -7.467565,
              0.0
            ],
            [
              110.193571,
              -7.467262,
              0.0
            ],
            [
              110.193405,
              -7.467166,
              0.0
            ],
            [
              110.193303,
              -7.46701,
              0.0
            ],
            [
              110.193368,
              -7.466764,
              0.0
            ],
            [
              110.193277,
              -7.466481,
              0.0
            ],
            [
              110.193334,
              -7.466374,
              0.0
            ],
            [
              110.193281,
              -7.466305,
              0.0
            ],
            [
              110.193327,
              -7.466181,
              0.0
            ],
            [
              110.193314,
              -7.466093,
              0.0
            ],
            [
              110.193145,
              -7.465843,
              0.0
            ],
            [
              110.193463,
              -7.465733,
              0.0
            ],
            [
              110.193554,
              -7.465623,
              0.0
            ],
            [
              110.193851,
              -7.465553,
              0.0
            ],
            [
              110.194084,
              -7.465347,
              0.0
            ],
            [
              110.194019,
              -7.465129,
              0.0
            ],
            [
              110.193757,
              -7.46496,
              0.0
            ],
            [
              110.193701,
              -7.464804,
              0.0
            ],
            [
              110.193831,
              -7.464637,
              0.0
            ],
            [
              110.193963,
              -7.464662,
              0.0
            ],
            [
              110.194068,
              -7.464605,
              0.0
            ],
            [
              110.1943,
              -7.463903,
              0.0
            ],
            [
              110.19421,
              -7.463694,
              0.0
            ],
            [
              110.194197,
              -7.463421,
              0.0
            ],
            [
              110.193879,
              -7.462958,
              0.0
            ],
            [
              110.194013,
              -7.462832,
              0.0
            ],
            [
              110.193939,
              -7.462626,
              0.0
            ],
            [
              110.193827,
              -7.462573,
              0.0
            ],
            [
              110.19368,
              -7.462599,
              0.0
            ],
            [
              110.193582,
              -7.462671,
              0.0
            ],
            [
              110.193529,
              -7.462884,
              0.0
            ],
            [
              110.193476,
              -7.462915,
              0.0
            ],
            [
              110.192993,
              -7.46257,
              0.0
            ],
            [
              110.192538,
              -7.46251,
              0.0
            ],
            [
              110.192456,
              -7.462428,
              0.0
            ],
            [
              110.192399,
              -7.462317,
              0.0
            ],
            [
              110.192384,
              -7.462105,
              0.0
            ],
            [
              110.192397,
              -7.461766,
              0.0
            ],
            [
              110.192448,
              -7.461663,
              0.0
            ],
            [
              110.192376,
              -7.461354,
              0.0
            ],
            [
              110.192414,
              -7.461015,
              0.0
            ],
            [
              110.192094,
              -7.460694,
              0.0
            ],
            [
              110.191961,
              -7.460413,
              0.0
            ],
            [
              110.191573,
              -7.460116,
              0.0
            ],
            [
              110.191441,
              -7.460102,
              0.0
            ],
            [
              110.191248,
              -7.460192,
              0.0
            ],
            [
              110.191166,
              -7.460167,
              0.0
            ],
            [
              110.191052,
              -7.460244,
              0.0
            ],
            [
              110.190925,
              -7.460215,
              0.0
            ],
            [
              110.190865,
              -7.46015,
              0.0
            ],
            [
              110.191419,
              -7.459931,
              0.0
            ],
            [
              110.191117,
              -7.459923,
              0.0
            ],
            [
              110.190688,
              -7.459831,
              0.0
            ],
            [
              110.190611,
              -7.459774,
              0.0
            ],
            [
              110.190599,
              -7.459654,
              0.0
            ],
            [
              110.190157,
              -7.459523,
              0.0
            ],
            [
              110.189855,
              -7.459286,
              0.0
            ],
            [
              110.189666,
              -7.459201,
              0.0
            ],
            [
              110.189313,
              -7.459243,
              0.0
            ],
            [
              110.188511,
              -7.45956,
              0.0
            ],
            [
              110.188115,
              -7.459845,
              0.0
            ],
            [
              110.187803,
              -7.459954,
              0.0
            ],
            [
              110.187506,
              -7.459933,
              0.0
            ],
            [
              110.187093,
              -7.459617,
              0.0
            ],
            [
              110.18661,
              -7.459414,
              0.0
            ],
            [
              110.185903,
              -7.45954,
              0.0
            ],
            [
              110.185402,
              -7.459743,
              0.0
            ],
            [
              110.185221,
              -7.459763,
              0.0
            ],
            [
              110.184618,
              -7.459649,
              0.0
            ],
            [
              110.184265,
              -7.45953,
              0.0
            ]
          ]
        ]
      }
    },
    {
      "type": "Feature",
      "id": "3308142008",
      "properties": {
        "id": "3308142008",
        "name": "Banyuwangi",
        "slug": "banyuwangi",
        "district": "Bandongan",
        "sourceCode": "33.08.14.2008",
        "sourceStatus": "Batas Indikatif",
        "boundarySource": "BIG"
      },
      "geometry": {
        "type": "Polygon",
        "coordinates": [
          [
            [
              110.206334,
              -7.476734,
              0.0
            ],
            [
              110.206038,
              -7.476668,
              0.0
            ],
            [
              110.205883,
              -7.476726,
              0.0
            ],
            [
              110.205876,
              -7.476879,
              0.0
            ],
            [
              110.205724,
              -7.477199,
              0.0
            ],
            [
              110.205316,
              -7.477194,
              0.0
            ],
            [
              110.205203,
              -7.477464,
              0.0
            ],
            [
              110.205128,
              -7.477509,
              0.0
            ],
            [
              110.204664,
              -7.477454,
              0.0
            ],
            [
              110.204472,
              -7.477496,
              0.0
            ],
            [
              110.204387,
              -7.477645,
              0.0
            ],
            [
              110.204457,
              -7.477781,
              0.0
            ],
            [
              110.204277,
              -7.478005,
              0.0
            ],
            [
              110.204159,
              -7.477967,
              0.0
            ],
            [
              110.203948,
              -7.477988,
              0.0
            ],
            [
              110.203765,
              -7.477931,
              0.0
            ],
            [
              110.203644,
              -7.477965,
              0.0
            ],
            [
              110.203595,
              -7.478054,
              0.0
            ],
            [
              110.20331,
              -7.477864,
              0.0
            ],
            [
              110.203121,
              -7.477868,
              0.0
            ],
            [
              110.20307,
              -7.477784,
              0.0
            ],
            [
              110.202905,
              -7.477882,
              0.0
            ],
            [
              110.20284,
              -7.477843,
              0.0
            ],
            [
              110.202582,
              -7.47785,
              0.0
            ],
            [
              110.20226,
              -7.477677,
              0.0
            ],
            [
              110.201993,
              -7.477687,
              0.0
            ],
            [
              110.201798,
              -7.477614,
              0.0
            ],
            [
              110.201556,
              -7.477667,
              0.0
            ],
            [
              110.201456,
              -7.477747,
              0.0
            ],
            [
              110.201324,
              -7.477671,
              0.0
            ],
            [
              110.200742,
              -7.477559,
              0.0
            ],
            [
              110.200651,
              -7.477498,
              0.0
            ],
            [
              110.200562,
              -7.477536,
              0.0
            ],
            [
              110.200384,
              -7.477415,
              0.0
            ],
            [
              110.200225,
              -7.477464,
              0.0
            ],
            [
              110.20006,
              -7.477404,
              0.0
            ],
            [
              110.199822,
              -7.477423,
              0.0
            ],
            [
              110.199355,
              -7.477121,
              0.0
            ],
            [
              110.199294,
              -7.477002,
              0.0
            ],
            [
              110.199192,
              -7.476971,
              0.0
            ],
            [
              110.19885,
              -7.476688,
              0.0
            ],
            [
              110.198842,
              -7.476387,
              0.0
            ],
            [
              110.198725,
              -7.475968,
              0.0
            ],
            [
              110.19851,
              -7.475782,
              0.0
            ],
            [
              110.19848,
              -7.475705,
              0.0
            ],
            [
              110.198484,
              -7.475429,
              0.0
            ],
            [
              110.19868,
              -7.474814,
              0.0
            ],
            [
              110.198716,
              -7.474389,
              0.0
            ],
            [
              110.198905,
              -7.473998,
              0.0
            ],
            [
              110.198625,
              -7.473875,
              0.0
            ],
            [
              110.198696,
              -7.47372,
              0.0
            ],
            [
              110.198623,
              -7.473695,
              0.0
            ],
            [
              110.19853,
              -7.473781,
              0.0
            ],
            [
              110.198455,
              -7.473617,
              0.0
            ],
            [
              110.197702,
              -7.473747,
              0.0
            ],
            [
              110.197563,
              -7.473693,
              0.0
            ],
            [
              110.197359,
              -7.473503,
              0.0
            ],
            [
              110.19739,
              -7.473318,
              0.0
            ],
            [
              110.197434,
              -7.473285,
              0.0
            ],
            [
              110.197597,
              -7.473349,
              0.0
            ],
            [
              110.197818,
              -7.473014,
              0.0
            ],
            [
              110.197747,
              -7.472903,
              0.0
            ],
            [
              110.197628,
              -7.472918,
              0.0
            ],
            [
              110.197475,
              -7.472661,
              0.0
            ],
            [
              110.197481,
              -7.472617,
              0.0
            ],
            [
              110.197594,
              -7.472606,
              0.0
            ],
            [
              110.19751,
              -7.472389,
              0.0
            ],
            [
              110.197514,
              -7.472267,
              0.0
            ],
            [
              110.19766,
              -7.472281,
              0.0
            ],
            [
              110.197783,
              -7.472087,
              0.0
            ],
            [
              110.197719,
              -7.47195,
              0.0
            ],
            [
              110.197518,
              -7.471849,
              0.0
            ],
            [
              110.197403,
              -7.471596,
              0.0
            ],
            [
              110.197221,
              -7.471387,
              0.0
            ],
            [
              110.19669,
              -7.471067,
              0.0
            ],
            [
              110.196575,
              -7.471088,
              0.0
            ],
            [
              110.196311,
              -7.471339,
              0.0
            ],
            [
              110.196061,
              -7.471154,
              0.0
            ],
            [
              110.195855,
              -7.471425,
              0.0
            ],
            [
              110.195825,
              -7.471637,
              0.0
            ],
            [
              110.195506,
              -7.472017,
              0.0
            ],
            [
              110.195451,
              -7.471879,
              0.0
            ],
            [
              110.195359,
              -7.471824,
              0.0
            ],
            [
              110.193851,
              -7.471149,
              0.0
            ],
            [
              110.193722,
              -7.471172,
              0.0
            ],
            [
              110.193669,
              -7.471002,
              0.0
            ],
            [
              110.193551,
              -7.470966,
              0.0
            ],
            [
              110.193369,
              -7.470792,
              0.0
            ],
            [
              110.193068,
              -7.470749,
              0.0
            ],
            [
              110.192996,
              -7.471037,
              0.0
            ],
            [
              110.192811,
              -7.47122,
              0.0
            ],
            [
              110.19282,
              -7.471294,
              0.0
            ],
            [
              110.192694,
              -7.471453,
              0.0
            ],
            [
              110.192148,
              -7.471589,
              0.0
            ],
            [
              110.191951,
              -7.471415,
              0.0
            ],
            [
              110.191789,
              -7.471406,
              0.0
            ],
            [
              110.191798,
              -7.471523,
              0.0
            ],
            [
              110.191983,
              -7.471798,
              0.0
            ],
            [
              110.192475,
              -7.471838,
              0.0
            ],
            [
              110.192462,
              -7.472015,
              0.0
            ],
            [
              110.192577,
              -7.472109,
              0.0
            ],
            [
              110.192638,
              -7.472251,
              0.0
            ],
            [
              110.192807,
              -7.472335,
              0.0
            ],
            [
              110.192807,
              -7.472598,
              0.0
            ],
            [
              110.192634,
              -7.472691,
              0.0
            ],
            [
              110.192112,
              -7.47346,
              0.0
            ],
            [
              110.192428,
              -7.473744,
              0.0
            ],
            [
              110.192182,
              -7.474071,
              0.0
            ],
            [
              110.191588,
              -7.474681,
              0.0
            ],
            [
              110.191157,
              -7.474688,
              0.0
            ],
            [
              110.191005,
              -7.474749,
              0.0
            ],
            [
              110.190831,
              -7.474517,
              0.0
            ],
            [
              110.19073,
              -7.474494,
              0.0
            ],
            [
              110.1905,
              -7.474673,
              0.0
            ],
            [
              110.190564,
              -7.474888,
              0.0
            ],
            [
              110.190494,
              -7.475123,
              0.0
            ],
            [
              110.190045,
              -7.475471,
              0.0
            ],
            [
              110.190203,
              -7.475768,
              0.0
            ],
            [
              110.190227,
              -7.476027,
              0.0
            ],
            [
              110.190407,
              -7.476132,
              0.0
            ],
            [
              110.190486,
              -7.476299,
              0.0
            ],
            [
              110.190145,
              -7.476296,
              0.0
            ],
            [
              110.190159,
              -7.476378,
              0.0
            ],
            [
              110.18997,
              -7.47648,
              0.0
            ],
            [
              110.189898,
              -7.476667,
              0.0
            ],
            [
              110.189643,
              -7.476652,
              0.0
            ],
            [
              110.189385,
              -7.476474,
              0.0
            ],
            [
              110.188969,
              -7.476318,
              0.0
            ],
            [
              110.18858,
              -7.476675,
              0.0
            ],
            [
              110.188396,
              -7.476741,
              0.0
            ],
            [
              110.188357,
              -7.476868,
              0.0
            ],
            [
              110.187854,
              -7.47715,
              0.0
            ],
            [
              110.187701,
              -7.47731,
              0.0
            ],
            [
              110.18721,
              -7.477399,
              0.0
            ],
            [
              110.187181,
              -7.477482,
              0.0
            ],
            [
              110.187107,
              -7.477498,
              0.0
            ],
            [
              110.186997,
              -7.477871,
              0.0
            ],
            [
              110.186807,
              -7.478181,
              0.0
            ],
            [
              110.18625,
              -7.478794,
              0.0
            ],
            [
              110.186266,
              -7.478966,
              0.0
            ],
            [
              110.186206,
              -7.479065,
              0.0
            ],
            [
              110.186341,
              -7.479179,
              0.0
            ],
            [
              110.186209,
              -7.479366,
              0.0
            ],
            [
              110.18621,
              -7.479489,
              0.0
            ],
            [
              110.186393,
              -7.479634,
              0.0
            ],
            [
              110.186479,
              -7.479789,
              0.0
            ],
            [
              110.186764,
              -7.479925,
              0.0
            ],
            [
              110.186772,
              -7.479985,
              0.0
            ],
            [
              110.187205,
              -7.480378,
              0.0
            ],
            [
              110.187398,
              -7.480767,
              0.0
            ],
            [
              110.187417,
              -7.480978,
              0.0
            ],
            [
              110.187514,
              -7.481093,
              0.0
            ],
            [
              110.187533,
              -7.481254,
              0.0
            ],
            [
              110.187301,
              -7.481249,
              0.0
            ],
            [
              110.186925,
              -7.48112,
              0.0
            ],
            [
              110.186732,
              -7.480977,
              0.0
            ],
            [
              110.186717,
              -7.48086,
              0.0
            ],
            [
              110.186569,
              -7.480746,
              0.0
            ],
            [
              110.186472,
              -7.480593,
              0.0
            ],
            [
              110.185436,
              -7.479982,
              0.0
            ],
            [
              110.185,
              -7.480349,
              0.0
            ],
            [
              110.184962,
              -7.480657,
              0.0
            ],
            [
              110.184584,
              -7.481104,
              0.0
            ],
            [
              110.184488,
              -7.481111,
              0.0
            ],
            [
              110.1843,
              -7.480967,
              0.0
            ],
            [
              110.184167,
              -7.480954,
              0.0
            ],
            [
              110.18428,
              -7.481099,
              0.0
            ],
            [
              110.18421,
              -7.481497,
              0.0
            ],
            [
              110.184155,
              -7.481583,
              0.0
            ],
            [
              110.183909,
              -7.481613,
              0.0
            ],
            [
              110.183735,
              -7.481459,
              0.0
            ],
            [
              110.183471,
              -7.481556,
              0.0
            ],
            [
              110.183243,
              -7.481709,
              0.0
            ],
            [
              110.183004,
              -7.482266,
              0.0
            ],
            [
              110.182939,
              -7.482312,
              0.0
            ],
            [
              110.182587,
              -7.482167,
              0.0
            ],
            [
              110.182625,
              -7.482756,
              0.0
            ],
            [
              110.182527,
              -7.482996,
              0.0
            ],
            [
              110.182373,
              -7.483166,
              0.0
            ],
            [
              110.182425,
              -7.4832,
              0.0
            ],
            [
              110.182367,
              -7.483276,
              0.0
            ],
            [
              110.182091,
              -7.483374,
              0.0
            ],
            [
              110.182121,
              -7.48364,
              0.0
            ],
            [
              110.181878,
              -7.483514,
              0.0
            ],
            [
              110.181764,
              -7.483325,
              0.0
            ],
            [
              110.18151,
              -7.483074,
              0.0
            ],
            [
              110.18139,
              -7.483082,
              0.0
            ],
            [
              110.181114,
              -7.483261,
              0.0
            ],
            [
              110.18082,
              -7.483283,
              0.0
            ],
            [
              110.180684,
              -7.483083,
              0.0
            ],
            [
              110.180356,
              -7.482833,
              0.0
            ],
            [
              110.18007,
              -7.482799,
              0.0
            ],
            [
              110.179883,
              -7.48291,
              0.0
            ],
            [
              110.179871,
              -7.483143,
              0.0
            ],
            [
              110.180159,
              -7.483148,
              0.0
            ],
            [
              110.180427,
              -7.483285,
              0.0
            ],
            [
              110.180497,
              -7.483503,
              0.0
            ],
            [
              110.180462,
              -7.484062,
              0.0
            ],
            [
              110.180601,
              -7.484284,
              0.0
            ],
            [
              110.180673,
              -7.484286,
              0.0
            ],
            [
              110.180861,
              -7.484144,
              0.0
            ],
            [
              110.181241,
              -7.483989,
              0.0
            ],
            [
              110.181465,
              -7.483947,
              0.0
            ],
            [
              110.18158,
              -7.483972,
              0.0
            ],
            [
              110.181755,
              -7.484383,
              0.0
            ],
            [
              110.181896,
              -7.485272,
              0.0
            ],
            [
              110.182278,
              -7.485661,
              0.0
            ],
            [
              110.182488,
              -7.485791,
              0.0
            ],
            [
              110.182825,
              -7.485906,
              0.0
            ],
            [
              110.18332,
              -7.485888,
              0.0
            ],
            [
              110.18352,
              -7.485927,
              0.0
            ],
            [
              110.184019,
              -7.48617,
              0.0
            ],
            [
              110.185395,
              -7.487101,
              0.0
            ],
            [
              110.185646,
              -7.487116,
              0.0
            ],
            [
              110.185997,
              -7.486857,
              0.0
            ],
            [
              110.18613,
              -7.486819,
              0.0
            ],
            [
              110.186412,
              -7.486811,
              0.0
            ],
            [
              110.186663,
              -7.486899,
              0.0
            ],
            [
              110.186989,
              -7.487135,
              0.0
            ],
            [
              110.187604,
              -7.487803,
              0.0
            ],
            [
              110.187642,
              -7.488323,
              0.0
            ],
            [
              110.187724,
              -7.488587,
              0.0
            ],
            [
              110.187961,
              -7.488658,
              0.0
            ],
            [
              110.188319,
              -7.488604,
              0.0
            ],
            [
              110.188614,
              -7.488618,
              0.0
            ],
            [
              110.188976,
              -7.488829,
              0.0
            ],
            [
              110.189599,
              -7.489511,
              0.0
            ],
            [
              110.19001,
              -7.489849,
              0.0
            ],
            [
              110.190082,
              -7.489969,
              0.0
            ],
            [
              110.190137,
              -7.490268,
              0.0
            ],
            [
              110.189962,
              -7.490845,
              0.0
            ],
            [
              110.190141,
              -7.491169,
              0.0
            ],
            [
              110.190305,
              -7.491306,
              0.0
            ],
            [
              110.191156,
              -7.491778,
              0.0
            ],
            [
              110.19142,
              -7.491816,
              0.0
            ],
            [
              110.191866,
              -7.491791,
              0.0
            ],
            [
              110.192079,
              -7.491889,
              0.0
            ],
            [
              110.192079,
              -7.492193,
              0.0
            ],
            [
              110.191984,
              -7.492501,
              0.0
            ],
            [
              110.191833,
              -7.493942,
              0.0
            ],
            [
              110.191925,
              -7.494172,
              0.0
            ],
            [
              110.192298,
              -7.494483,
              0.0
            ],
            [
              110.19258,
              -7.494844,
              0.0
            ],
            [
              110.192638,
              -7.49567,
              0.0
            ],
            [
              110.192817,
              -7.495805,
              0.0
            ],
            [
              110.193316,
              -7.495859,
              0.0
            ],
            [
              110.193818,
              -7.496516,
              0.0
            ],
            [
              110.194217,
              -7.496866,
              0.0
            ],
            [
              110.195619,
              -7.497584,
              0.0
            ],
            [
              110.196533,
              -7.497952,
              0.0
            ],
            [
              110.196691,
              -7.497645,
              0.0
            ],
            [
              110.196909,
              -7.496996,
              0.0
            ],
            [
              110.196741,
              -7.496422,
              0.0
            ],
            [
              110.196366,
              -7.495615,
              0.0
            ],
            [
              110.196342,
              -7.495313,
              0.0
            ],
            [
              110.196686,
              -7.49501,
              0.0
            ],
            [
              110.198074,
              -7.494273,
              0.0
            ],
            [
              110.198615,
              -7.493773,
              0.0
            ],
            [
              110.199154,
              -7.493161,
              0.0
            ],
            [
              110.198892,
              -7.493031,
              0.0
            ],
            [
              110.199139,
              -7.492576,
              0.0
            ],
            [
              110.199557,
              -7.490744,
              0.0
            ],
            [
              110.199989,
              -7.489399,
              0.0
            ],
            [
              110.200138,
              -7.489301,
              0.0
            ],
            [
              110.200279,
              -7.489285,
              0.0
            ],
            [
              110.200384,
              -7.489352,
              0.0
            ],
            [
              110.200703,
              -7.490164,
              0.0
            ],
            [
              110.20081,
              -7.490264,
              0.0
            ],
            [
              110.201102,
              -7.490271,
              0.0
            ],
            [
              110.201524,
              -7.490128,
              0.0
            ],
            [
              110.203686,
              -7.489022,
              0.0
            ],
            [
              110.204008,
              -7.488779,
              0.0
            ],
            [
              110.204879,
              -7.487694,
              0.0
            ],
            [
              110.205457,
              -7.486688,
              0.0
            ],
            [
              110.205514,
              -7.486423,
              0.0
            ],
            [
              110.205528,
              -7.485724,
              0.0
            ],
            [
              110.205956,
              -7.484339,
              0.0
            ],
            [
              110.207063,
              -7.482512,
              0.0
            ],
            [
              110.207377,
              -7.481919,
              0.0
            ],
            [
              110.207484,
              -7.481612,
              0.0
            ],
            [
              110.207458,
              -7.481498,
              0.0
            ],
            [
              110.207377,
              -7.481427,
              0.0
            ],
            [
              110.207156,
              -7.481348,
              0.0
            ],
            [
              110.206906,
              -7.481298,
              0.0
            ],
            [
              110.206463,
              -7.481298,
              0.0
            ],
            [
              110.206363,
              -7.481248,
              0.0
            ],
            [
              110.206035,
              -7.480863,
              0.0
            ],
            [
              110.205742,
              -7.479999,
              0.0
            ],
            [
              110.205721,
              -7.479271,
              0.0
            ],
            [
              110.206154,
              -7.477656,
              0.0
            ],
            [
              110.206334,
              -7.476734,
              0.0
            ]
          ]
        ]
      }
    },
    {
      "type": "Feature",
      "id": "3308142005",
      "properties": {
        "id": "3308142005",
        "name": "Gandusari",
        "slug": "gandusari",
        "district": "Bandongan",
        "sourceCode": "33.08.14.2005",
        "sourceStatus": "Batas Indikatif",
        "boundarySource": "BIG"
      },
      "geometry": {
        "type": "Polygon",
        "coordinates": [
          [
            [
              110.191125,
              -7.438572,
              0.0
            ],
            [
              110.190945,
              -7.438834,
              0.0
            ],
            [
              110.1906,
              -7.43907,
              0.0
            ],
            [
              110.190358,
              -7.439119,
              0.0
            ],
            [
              110.190329,
              -7.43917,
              0.0
            ],
            [
              110.190387,
              -7.439276,
              0.0
            ],
            [
              110.189883,
              -7.438978,
              0.0
            ],
            [
              110.189569,
              -7.43892,
              0.0
            ],
            [
              110.189517,
              -7.438978,
              0.0
            ],
            [
              110.189005,
              -7.439012,
              0.0
            ],
            [
              110.188869,
              -7.438894,
              0.0
            ],
            [
              110.188743,
              -7.439041,
              0.0
            ],
            [
              110.188664,
              -7.439028,
              0.0
            ],
            [
              110.188516,
              -7.438964,
              0.0
            ],
            [
              110.188534,
              -7.438803,
              0.0
            ],
            [
              110.188374,
              -7.438873,
              0.0
            ],
            [
              110.18818,
              -7.438882,
              0.0
            ],
            [
              110.188077,
              -7.438829,
              0.0
            ],
            [
              110.187943,
              -7.438654,
              0.0
            ],
            [
              110.187651,
              -7.438605,
              0.0
            ],
            [
              110.187448,
              -7.438463,
              0.0
            ],
            [
              110.187191,
              -7.438414,
              0.0
            ],
            [
              110.186925,
              -7.43845,
              0.0
            ],
            [
              110.186514,
              -7.438322,
              0.0
            ],
            [
              110.186356,
              -7.438113,
              0.0
            ],
            [
              110.18628,
              -7.437872,
              0.0
            ],
            [
              110.185918,
              -7.437665,
              0.0
            ],
            [
              110.185488,
              -7.437185,
              0.0
            ],
            [
              110.185435,
              -7.437011,
              0.0
            ],
            [
              110.185299,
              -7.436869,
              0.0
            ],
            [
              110.184922,
              -7.436883,
              0.0
            ],
            [
              110.184834,
              -7.436837,
              0.0
            ],
            [
              110.184675,
              -7.436983,
              0.0
            ],
            [
              110.1845,
              -7.437023,
              0.0
            ],
            [
              110.184165,
              -7.436958,
              0.0
            ],
            [
              110.183954,
              -7.4368,
              0.0
            ],
            [
              110.183772,
              -7.436751,
              0.0
            ],
            [
              110.183131,
              -7.436243,
              0.0
            ],
            [
              110.182479,
              -7.435878,
              0.0
            ],
            [
              110.181857,
              -7.435307,
              0.0
            ],
            [
              110.181713,
              -7.435259,
              0.0
            ],
            [
              110.179541,
              -7.435231,
              0.0
            ],
            [
              110.179311,
              -7.43514,
              0.0
            ],
            [
              110.178406,
              -7.434597,
              0.0
            ],
            [
              110.17797,
              -7.434429,
              0.0
            ],
            [
              110.177625,
              -7.434356,
              0.0
            ],
            [
              110.177481,
              -7.434251,
              0.0
            ],
            [
              110.177299,
              -7.434064,
              0.0
            ],
            [
              110.176935,
              -7.433475,
              0.0
            ],
            [
              110.176565,
              -7.433028,
              0.0
            ],
            [
              110.176136,
              -7.432927,
              0.0
            ],
            [
              110.175478,
              -7.433077,
              0.0
            ],
            [
              110.175124,
              -7.433553,
              0.0
            ],
            [
              110.175052,
              -7.433706,
              0.0
            ],
            [
              110.175018,
              -7.434017,
              0.0
            ],
            [
              110.175123,
              -7.43442,
              0.0
            ],
            [
              110.175567,
              -7.435191,
              0.0
            ],
            [
              110.1756,
              -7.435454,
              0.0
            ],
            [
              110.175518,
              -7.436057,
              0.0
            ],
            [
              110.175655,
              -7.437048,
              0.0
            ],
            [
              110.175817,
              -7.437728,
              0.0
            ],
            [
              110.17583,
              -7.438116,
              0.0
            ],
            [
              110.175641,
              -7.439312,
              0.0
            ],
            [
              110.174826,
              -7.44049,
              0.0
            ],
            [
              110.174595,
              -7.441129,
              0.0
            ],
            [
              110.174587,
              -7.441323,
              0.0
            ],
            [
              110.174723,
              -7.441897,
              0.0
            ],
            [
              110.175174,
              -7.443113,
              0.0
            ],
            [
              110.175521,
              -7.444214,
              0.0
            ],
            [
              110.17551,
              -7.444999,
              0.0
            ],
            [
              110.175806,
              -7.445866,
              0.0
            ],
            [
              110.175781,
              -7.446216,
              0.0
            ],
            [
              110.175823,
              -7.446384,
              0.0
            ],
            [
              110.176057,
              -7.446424,
              0.0
            ],
            [
              110.176222,
              -7.446568,
              0.0
            ],
            [
              110.176269,
              -7.446683,
              0.0
            ],
            [
              110.176214,
              -7.446888,
              0.0
            ],
            [
              110.1763,
              -7.447268,
              0.0
            ],
            [
              110.176432,
              -7.447584,
              0.0
            ],
            [
              110.176415,
              -7.447766,
              0.0
            ],
            [
              110.176331,
              -7.447808,
              0.0
            ],
            [
              110.176125,
              -7.447624,
              0.0
            ],
            [
              110.175794,
              -7.447606,
              0.0
            ],
            [
              110.175325,
              -7.447489,
              0.0
            ],
            [
              110.175268,
              -7.447585,
              0.0
            ],
            [
              110.175304,
              -7.447765,
              0.0
            ],
            [
              110.175079,
              -7.447947,
              0.0
            ],
            [
              110.175016,
              -7.447923,
              0.0
            ],
            [
              110.174872,
              -7.448352,
              0.0
            ],
            [
              110.174694,
              -7.448509,
              0.0
            ],
            [
              110.17468,
              -7.448597,
              0.0
            ],
            [
              110.174732,
              -7.448711,
              0.0
            ],
            [
              110.174594,
              -7.448666,
              0.0
            ],
            [
              110.17444,
              -7.448701,
              0.0
            ],
            [
              110.174516,
              -7.448816,
              0.0
            ],
            [
              110.174533,
              -7.449085,
              0.0
            ],
            [
              110.17422,
              -7.449076,
              0.0
            ],
            [
              110.174219,
              -7.449131,
              0.0
            ],
            [
              110.174106,
              -7.449153,
              0.0
            ],
            [
              110.17374,
              -7.44948,
              0.0
            ],
            [
              110.173238,
              -7.449685,
              0.0
            ],
            [
              110.172668,
              -7.450058,
              0.0
            ],
            [
              110.172368,
              -7.450181,
              0.0
            ],
            [
              110.172037,
              -7.450468,
              0.0
            ],
            [
              110.171449,
              -7.45076,
              0.0
            ],
            [
              110.17129,
              -7.450888,
              0.0
            ],
            [
              110.170686,
              -7.451707,
              0.0
            ],
            [
              110.170092,
              -7.452002,
              0.0
            ],
            [
              110.169534,
              -7.453221,
              0.0
            ],
            [
              110.169356,
              -7.454765,
              0.0
            ],
            [
              110.169482,
              -7.455004,
              0.0
            ],
            [
              110.170261,
              -7.455938,
              0.0
            ],
            [
              110.17026,
              -7.456057,
              0.0
            ],
            [
              110.170354,
              -7.456167,
              0.0
            ],
            [
              110.170188,
              -7.456348,
              0.0
            ],
            [
              110.169981,
              -7.456539,
              0.0
            ],
            [
              110.169525,
              -7.456658,
              0.0
            ],
            [
              110.169033,
              -7.457154,
              0.0
            ],
            [
              110.168709,
              -7.457286,
              0.0
            ],
            [
              110.168526,
              -7.457171,
              0.0
            ],
            [
              110.168292,
              -7.45715,
              0.0
            ],
            [
              110.168249,
              -7.457045,
              0.0
            ],
            [
              110.168254,
              -7.456798,
              0.0
            ],
            [
              110.168032,
              -7.456592,
              0.0
            ],
            [
              110.167527,
              -7.456301,
              0.0
            ],
            [
              110.167392,
              -7.456296,
              0.0
            ],
            [
              110.167217,
              -7.456385,
              0.0
            ],
            [
              110.16713,
              -7.456645,
              0.0
            ],
            [
              110.16672,
              -7.456726,
              0.0
            ],
            [
              110.166689,
              -7.456685,
              0.0
            ],
            [
              110.166934,
              -7.455771,
              0.0
            ],
            [
              110.166329,
              -7.455734,
              0.0
            ],
            [
              110.166237,
              -7.45582,
              0.0
            ],
            [
              110.166225,
              -7.456048,
              0.0
            ],
            [
              110.166303,
              -7.456204,
              0.0
            ],
            [
              110.166542,
              -7.456458,
              0.0
            ],
            [
              110.166471,
              -7.456899,
              0.0
            ],
            [
              110.166601,
              -7.457286,
              0.0
            ],
            [
              110.166722,
              -7.457349,
              0.0
            ],
            [
              110.167571,
              -7.456953,
              0.0
            ],
            [
              110.167962,
              -7.456946,
              0.0
            ],
            [
              110.168032,
              -7.457101,
              0.0
            ],
            [
              110.167819,
              -7.457553,
              0.0
            ],
            [
              110.167857,
              -7.457754,
              0.0
            ],
            [
              110.16812,
              -7.457998,
              0.0
            ],
            [
              110.168626,
              -7.458103,
              0.0
            ],
            [
              110.168932,
              -7.458082,
              0.0
            ],
            [
              110.169543,
              -7.457933,
              0.0
            ],
            [
              110.170088,
              -7.457634,
              0.0
            ],
            [
              110.170195,
              -7.457617,
              0.0
            ],
            [
              110.170422,
              -7.45796,
              0.0
            ],
            [
              110.170467,
              -7.45825,
              0.0
            ],
            [
              110.170624,
              -7.458508,
              0.0
            ],
            [
              110.170748,
              -7.458624,
              0.0
            ],
            [
              110.170993,
              -7.458717,
              0.0
            ],
            [
              110.171182,
              -7.458652,
              0.0
            ],
            [
              110.171403,
              -7.458382,
              0.0
            ],
            [
              110.172121,
              -7.458231,
              0.0
            ],
            [
              110.172189,
              -7.458127,
              0.0
            ],
            [
              110.172209,
              -7.457741,
              0.0
            ],
            [
              110.172454,
              -7.457437,
              0.0
            ],
            [
              110.172644,
              -7.457413,
              0.0
            ],
            [
              110.173307,
              -7.457482,
              0.0
            ],
            [
              110.17359,
              -7.457649,
              0.0
            ],
            [
              110.173663,
              -7.457801,
              0.0
            ],
            [
              110.17365,
              -7.457993,
              0.0
            ],
            [
              110.173382,
              -7.45856,
              0.0
            ],
            [
              110.173309,
              -7.458817,
              0.0
            ],
            [
              110.17331,
              -7.458972,
              0.0
            ],
            [
              110.173442,
              -7.45907,
              0.0
            ],
            [
              110.17394,
              -7.459222,
              0.0
            ],
            [
              110.174169,
              -7.459197,
              0.0
            ],
            [
              110.175156,
              -7.458867,
              0.0
            ],
            [
              110.175274,
              -7.458783,
              0.0
            ],
            [
              110.175493,
              -7.458495,
              0.0
            ],
            [
              110.17559,
              -7.458433,
              0.0
            ],
            [
              110.175699,
              -7.458433,
              0.0
            ],
            [
              110.175929,
              -7.458575,
              0.0
            ],
            [
              110.175951,
              -7.459297,
              0.0
            ],
            [
              110.176024,
              -7.459423,
              0.0
            ],
            [
              110.176122,
              -7.459483,
              0.0
            ],
            [
              110.176289,
              -7.459513,
              0.0
            ],
            [
              110.177142,
              -7.459269,
              0.0
            ],
            [
              110.177416,
              -7.459256,
              0.0
            ],
            [
              110.177855,
              -7.459445,
              0.0
            ],
            [
              110.178764,
              -7.460002,
              0.0
            ],
            [
              110.178983,
              -7.459961,
              0.0
            ],
            [
              110.17989,
              -7.459469,
              0.0
            ],
            [
              110.180291,
              -7.459486,
              0.0
            ],
            [
              110.181043,
              -7.459349,
              0.0
            ],
            [
              110.1817,
              -7.459576,
              0.0
            ],
            [
              110.181847,
              -7.459584,
              0.0
            ],
            [
              110.182036,
              -7.459476,
              0.0
            ],
            [
              110.182434,
              -7.459065,
              0.0
            ],
            [
              110.182711,
              -7.458967,
              0.0
            ],
            [
              110.182867,
              -7.458984,
              0.0
            ],
            [
              110.183348,
              -7.459194,
              0.0
            ],
            [
              110.183873,
              -7.459331,
              0.0
            ],
            [
              110.184265,
              -7.45953,
              0.0
            ],
            [
              110.184932,
              -7.459456,
              0.0
            ],
            [
              110.185211,
              -7.459367,
              0.0
            ],
            [
              110.185448,
              -7.459398,
              0.0
            ],
            [
              110.185779,
              -7.459188,
              0.0
            ],
            [
              110.186155,
              -7.45914,
              0.0
            ],
            [
              110.186278,
              -7.459137,
              0.0
            ],
            [
              110.18658,
              -7.459306,
              0.0
            ],
            [
              110.186899,
              -7.459386,
              0.0
            ],
            [
              110.18801,
              -7.459238,
              0.0
            ],
            [
              110.188052,
              -7.459044,
              0.0
            ],
            [
              110.188192,
              -7.458768,
              0.0
            ],
            [
              110.188523,
              -7.458359,
              0.0
            ],
            [
              110.188508,
              -7.4582,
              0.0
            ],
            [
              110.188393,
              -7.458164,
              0.0
            ],
            [
              110.188297,
              -7.458049,
              0.0
            ],
            [
              110.188285,
              -7.457958,
              0.0
            ],
            [
              110.188302,
              -7.457774,
              0.0
            ],
            [
              110.18843,
              -7.457603,
              0.0
            ],
            [
              110.188385,
              -7.457422,
              0.0
            ],
            [
              110.188479,
              -7.457307,
              0.0
            ],
            [
              110.188445,
              -7.456857,
              0.0
            ],
            [
              110.188357,
              -7.456656,
              0.0
            ],
            [
              110.188465,
              -7.456625,
              0.0
            ],
            [
              110.188537,
              -7.45668,
              0.0
            ],
            [
              110.188685,
              -7.456633,
              0.0
            ],
            [
              110.189008,
              -7.45682,
              0.0
            ],
            [
              110.189165,
              -7.456975,
              0.0
            ],
            [
              110.189603,
              -7.456871,
              0.0
            ],
            [
              110.189673,
              -7.4571,
              0.0
            ],
            [
              110.189901,
              -7.457121,
              0.0
            ],
            [
              110.19006,
              -7.45721,
              0.0
            ],
            [
              110.190157,
              -7.457197,
              0.0
            ],
            [
              110.190351,
              -7.457004,
              0.0
            ],
            [
              110.190451,
              -7.457088,
              0.0
            ],
            [
              110.190497,
              -7.456879,
              0.0
            ],
            [
              110.190419,
              -7.456681,
              0.0
            ],
            [
              110.190455,
              -7.45645,
              0.0
            ],
            [
              110.190705,
              -7.456127,
              0.0
            ],
            [
              110.190625,
              -7.455735,
              0.0
            ],
            [
              110.190734,
              -7.455347,
              0.0
            ],
            [
              110.190731,
              -7.455197,
              0.0
            ],
            [
              110.190905,
              -7.454961,
              0.0
            ],
            [
              110.191047,
              -7.454614,
              0.0
            ],
            [
              110.191051,
              -7.454261,
              0.0
            ],
            [
              110.191159,
              -7.454154,
              0.0
            ],
            [
              110.191345,
              -7.454085,
              0.0
            ],
            [
              110.192103,
              -7.454012,
              0.0
            ],
            [
              110.192315,
              -7.453683,
              0.0
            ],
            [
              110.192443,
              -7.453666,
              0.0
            ],
            [
              110.192471,
              -7.453617,
              0.0
            ],
            [
              110.192379,
              -7.453315,
              0.0
            ],
            [
              110.192489,
              -7.453011,
              0.0
            ],
            [
              110.192629,
              -7.452822,
              0.0
            ],
            [
              110.192631,
              -7.452712,
              0.0
            ],
            [
              110.192792,
              -7.452595,
              0.0
            ],
            [
              110.193541,
              -7.453178,
              0.0
            ],
            [
              110.193642,
              -7.453425,
              0.0
            ],
            [
              110.193722,
              -7.453358,
              0.0
            ],
            [
              110.193697,
              -7.453079,
              0.0
            ],
            [
              110.193773,
              -7.453046,
              0.0
            ],
            [
              110.193815,
              -7.452879,
              0.0
            ],
            [
              110.193688,
              -7.452759,
              0.0
            ],
            [
              110.193505,
              -7.452112,
              0.0
            ],
            [
              110.193379,
              -7.452042,
              0.0
            ],
            [
              110.193394,
              -7.451963,
              0.0
            ],
            [
              110.193746,
              -7.451778,
              0.0
            ],
            [
              110.193987,
              -7.451737,
              0.0
            ],
            [
              110.194321,
              -7.451529,
              0.0
            ],
            [
              110.194615,
              -7.451466,
              0.0
            ],
            [
              110.19489,
              -7.451325,
              0.0
            ],
            [
              110.195295,
              -7.451213,
              0.0
            ],
            [
              110.195377,
              -7.450996,
              0.0
            ],
            [
              110.195226,
              -7.450816,
              0.0
            ],
            [
              110.195305,
              -7.450453,
              0.0
            ],
            [
              110.195263,
              -7.450351,
              0.0
            ],
            [
              110.195199,
              -7.450356,
              0.0
            ],
            [
              110.195192,
              -7.450264,
              0.0
            ],
            [
              110.195371,
              -7.450046,
              0.0
            ],
            [
              110.195423,
              -7.449852,
              0.0
            ],
            [
              110.195343,
              -7.449598,
              0.0
            ],
            [
              110.195411,
              -7.449427,
              0.0
            ],
            [
              110.195618,
              -7.449244,
              0.0
            ],
            [
              110.196131,
              -7.44914,
              0.0
            ],
            [
              110.196275,
              -7.449065,
              0.0
            ],
            [
              110.1966,
              -7.44852,
              0.0
            ],
            [
              110.196829,
              -7.448316,
              0.0
            ],
            [
              110.19717,
              -7.448138,
              0.0
            ],
            [
              110.197291,
              -7.448028,
              0.0
            ],
            [
              110.197392,
              -7.447748,
              0.0
            ],
            [
              110.197279,
              -7.447574,
              0.0
            ],
            [
              110.197275,
              -7.447459,
              0.0
            ],
            [
              110.197335,
              -7.447371,
              0.0
            ],
            [
              110.197979,
              -7.447292,
              0.0
            ],
            [
              110.198262,
              -7.447105,
              0.0
            ],
            [
              110.19845,
              -7.446885,
              0.0
            ],
            [
              110.19849,
              -7.446758,
              0.0
            ],
            [
              110.19847,
              -7.446573,
              0.0
            ],
            [
              110.198248,
              -7.446262,
              0.0
            ],
            [
              110.198253,
              -7.445757,
              0.0
            ],
            [
              110.198133,
              -7.445421,
              0.0
            ],
            [
              110.198145,
              -7.444526,
              0.0
            ],
            [
              110.198237,
              -7.444153,
              0.0
            ],
            [
              110.198161,
              -7.443865,
              0.0
            ],
            [
              110.197102,
              -7.443255,
              0.0
            ],
            [
              110.196614,
              -7.442776,
              0.0
            ],
            [
              110.196293,
              -7.442273,
              0.0
            ],
            [
              110.19614,
              -7.442143,
              0.0
            ],
            [
              110.195719,
              -7.441956,
              0.0
            ],
            [
              110.195264,
              -7.441529,
              0.0
            ],
            [
              110.19481,
              -7.440806,
              0.0
            ],
            [
              110.194528,
              -7.439963,
              0.0
            ],
            [
              110.194289,
              -7.439503,
              0.0
            ],
            [
              110.19394,
              -7.439315,
              0.0
            ],
            [
              110.193583,
              -7.439288,
              0.0
            ],
            [
              110.193152,
              -7.439092,
              0.0
            ],
            [
              110.192607,
              -7.439051,
              0.0
            ],
            [
              110.191575,
              -7.438879,
              0.0
            ],
            [
              110.191125,
              -7.438572,
              0.0
            ]
          ]
        ]
      }
    },
    {
      "type": "Feature",
      "id": "3308142012",
      "properties": {
        "id": "3308142012",
        "name": "Kalegen",
        "slug": "kalegen",
        "district": "Bandongan",
        "sourceCode": "33.08.14.2012",
        "sourceStatus": "Batas Indikatif",
        "boundarySource": "BIG"
      },
      "geometry": {
        "type": "Polygon",
        "coordinates": [
          [
            [
              110.157667,
              -7.448606,
              0.0
            ],
            [
              110.157256,
              -7.44877,
              0.0
            ],
            [
              110.157039,
              -7.448734,
              0.0
            ],
            [
              110.156885,
              -7.448617,
              0.0
            ],
            [
              110.156702,
              -7.448319,
              0.0
            ],
            [
              110.156521,
              -7.44763,
              0.0
            ],
            [
              110.156512,
              -7.447332,
              0.0
            ],
            [
              110.156406,
              -7.447193,
              0.0
            ],
            [
              110.156138,
              -7.447242,
              0.0
            ],
            [
              110.155936,
              -7.447677,
              0.0
            ],
            [
              110.155857,
              -7.447689,
              0.0
            ],
            [
              110.155363,
              -7.447302,
              0.0
            ],
            [
              110.154731,
              -7.447167,
              0.0
            ],
            [
              110.154359,
              -7.447231,
              0.0
            ],
            [
              110.153348,
              -7.446614,
              0.0
            ],
            [
              110.153098,
              -7.446542,
              0.0
            ],
            [
              110.153037,
              -7.446375,
              0.0
            ],
            [
              110.153086,
              -7.44623,
              0.0
            ],
            [
              110.153394,
              -7.446093,
              0.0
            ],
            [
              110.153434,
              -7.445985,
              0.0
            ],
            [
              110.153466,
              -7.44537,
              0.0
            ],
            [
              110.153372,
              -7.445039,
              0.0
            ],
            [
              110.153302,
              -7.444941,
              0.0
            ],
            [
              110.152961,
              -7.444821,
              0.0
            ],
            [
              110.151776,
              -7.444801,
              0.0
            ],
            [
              110.151641,
              -7.444758,
              0.0
            ],
            [
              110.151514,
              -7.444604,
              0.0
            ],
            [
              110.151425,
              -7.443961,
              0.0
            ],
            [
              110.151274,
              -7.443616,
              0.0
            ],
            [
              110.150691,
              -7.443079,
              0.0
            ],
            [
              110.150423,
              -7.442972,
              0.0
            ],
            [
              110.14985,
              -7.442931,
              0.0
            ],
            [
              110.148831,
              -7.443527,
              0.0
            ],
            [
              110.148582,
              -7.443807,
              0.0
            ],
            [
              110.148103,
              -7.443847,
              0.0
            ],
            [
              110.147779,
              -7.443576,
              0.0
            ],
            [
              110.147748,
              -7.443472,
              0.0
            ],
            [
              110.147729,
              -7.443288,
              0.0
            ],
            [
              110.147931,
              -7.442951,
              0.0
            ],
            [
              110.148031,
              -7.442681,
              0.0
            ],
            [
              110.147992,
              -7.442379,
              0.0
            ],
            [
              110.147844,
              -7.442242,
              0.0
            ],
            [
              110.147459,
              -7.442072,
              0.0
            ],
            [
              110.146884,
              -7.442133,
              0.0
            ],
            [
              110.146603,
              -7.442115,
              0.0
            ],
            [
              110.146419,
              -7.441982,
              0.0
            ],
            [
              110.146009,
              -7.4415,
              0.0
            ],
            [
              110.145874,
              -7.441461,
              0.0
            ],
            [
              110.145568,
              -7.441573,
              0.0
            ],
            [
              110.14534,
              -7.441414,
              0.0
            ],
            [
              110.144863,
              -7.441308,
              0.0
            ],
            [
              110.144483,
              -7.441059,
              0.0
            ],
            [
              110.143768,
              -7.440822,
              0.0
            ],
            [
              110.143632,
              -7.440594,
              0.0
            ],
            [
              110.143542,
              -7.440526,
              0.0
            ],
            [
              110.143358,
              -7.440629,
              0.0
            ],
            [
              110.143285,
              -7.440779,
              0.0
            ],
            [
              110.142253,
              -7.441312,
              0.0
            ],
            [
              110.142127,
              -7.44131,
              0.0
            ],
            [
              110.141925,
              -7.441222,
              0.0
            ],
            [
              110.141719,
              -7.440939,
              0.0
            ],
            [
              110.141459,
              -7.440861,
              0.0
            ],
            [
              110.141387,
              -7.440539,
              0.0
            ],
            [
              110.141256,
              -7.440537,
              0.0
            ],
            [
              110.141154,
              -7.440629,
              0.0
            ],
            [
              110.140802,
              -7.440777,
              0.0
            ],
            [
              110.140536,
              -7.440744,
              0.0
            ],
            [
              110.140368,
              -7.441053,
              0.0
            ],
            [
              110.140255,
              -7.441524,
              0.0
            ],
            [
              110.140233,
              -7.442224,
              0.0
            ],
            [
              110.13984,
              -7.442669,
              0.0
            ],
            [
              110.139593,
              -7.4433,
              0.0
            ],
            [
              110.139425,
              -7.443306,
              0.0
            ],
            [
              110.139224,
              -7.443389,
              0.0
            ],
            [
              110.139185,
              -7.443482,
              0.0
            ],
            [
              110.139202,
              -7.443757,
              0.0
            ],
            [
              110.139001,
              -7.443933,
              0.0
            ],
            [
              110.138806,
              -7.444256,
              0.0
            ],
            [
              110.138862,
              -7.444486,
              0.0
            ],
            [
              110.139173,
              -7.444639,
              0.0
            ],
            [
              110.139626,
              -7.444739,
              0.0
            ],
            [
              110.140024,
              -7.445134,
              0.0
            ],
            [
              110.139732,
              -7.445562,
              0.0
            ],
            [
              110.140112,
              -7.44576,
              0.0
            ],
            [
              110.139788,
              -7.446355,
              0.0
            ],
            [
              110.14026,
              -7.446494,
              0.0
            ],
            [
              110.140429,
              -7.447107,
              0.0
            ],
            [
              110.140536,
              -7.447273,
              0.0
            ],
            [
              110.141348,
              -7.44731,
              0.0
            ],
            [
              110.142101,
              -7.447507,
              0.0
            ],
            [
              110.142339,
              -7.447512,
              0.0
            ],
            [
              110.142576,
              -7.447432,
              0.0
            ],
            [
              110.143102,
              -7.446965,
              0.0
            ],
            [
              110.143246,
              -7.446901,
              0.0
            ],
            [
              110.143555,
              -7.446881,
              0.0
            ],
            [
              110.14398,
              -7.446941,
              0.0
            ],
            [
              110.144391,
              -7.447146,
              0.0
            ],
            [
              110.144908,
              -7.447565,
              0.0
            ],
            [
              110.145654,
              -7.447845,
              0.0
            ],
            [
              110.146369,
              -7.448328,
              0.0
            ],
            [
              110.147037,
              -7.448937,
              0.0
            ],
            [
              110.147822,
              -7.449483,
              0.0
            ],
            [
              110.147949,
              -7.449636,
              0.0
            ],
            [
              110.148232,
              -7.450194,
              0.0
            ],
            [
              110.148824,
              -7.450884,
              0.0
            ],
            [
              110.149253,
              -7.45118,
              0.0
            ],
            [
              110.149483,
              -7.451212,
              0.0
            ],
            [
              110.14983,
              -7.451436,
              0.0
            ],
            [
              110.149974,
              -7.451664,
              0.0
            ],
            [
              110.150032,
              -7.451886,
              0.0
            ],
            [
              110.150012,
              -7.452261,
              0.0
            ],
            [
              110.150154,
              -7.452729,
              0.0
            ],
            [
              110.150371,
              -7.452977,
              0.0
            ],
            [
              110.150381,
              -7.453109,
              0.0
            ],
            [
              110.15045,
              -7.45317,
              0.0
            ],
            [
              110.150591,
              -7.453146,
              0.0
            ],
            [
              110.151056,
              -7.452819,
              0.0
            ],
            [
              110.151385,
              -7.452985,
              0.0
            ],
            [
              110.151446,
              -7.453029,
              0.0
            ],
            [
              110.151319,
              -7.453151,
              0.0
            ],
            [
              110.151718,
              -7.45389,
              0.0
            ],
            [
              110.151872,
              -7.454037,
              0.0
            ],
            [
              110.152069,
              -7.453879,
              0.0
            ],
            [
              110.15222,
              -7.453874,
              0.0
            ],
            [
              110.152856,
              -7.454157,
              0.0
            ],
            [
              110.153228,
              -7.454758,
              0.0
            ],
            [
              110.153407,
              -7.455185,
              0.0
            ],
            [
              110.153722,
              -7.455066,
              0.0
            ],
            [
              110.153813,
              -7.455076,
              0.0
            ],
            [
              110.153976,
              -7.455169,
              0.0
            ],
            [
              110.154081,
              -7.455167,
              0.0
            ],
            [
              110.154308,
              -7.455391,
              0.0
            ],
            [
              110.154573,
              -7.455407,
              0.0
            ],
            [
              110.154965,
              -7.456139,
              0.0
            ],
            [
              110.156004,
              -7.457046,
              0.0
            ],
            [
              110.156033,
              -7.457107,
              0.0
            ],
            [
              110.155747,
              -7.457031,
              0.0
            ],
            [
              110.155613,
              -7.457064,
              0.0
            ],
            [
              110.155534,
              -7.457134,
              0.0
            ],
            [
              110.155446,
              -7.457368,
              0.0
            ],
            [
              110.15536,
              -7.457398,
              0.0
            ],
            [
              110.155013,
              -7.457288,
              0.0
            ],
            [
              110.154893,
              -7.457309,
              0.0
            ],
            [
              110.154743,
              -7.457455,
              0.0
            ],
            [
              110.154429,
              -7.457429,
              0.0
            ],
            [
              110.154638,
              -7.457812,
              0.0
            ],
            [
              110.155259,
              -7.458001,
              0.0
            ],
            [
              110.155556,
              -7.458007,
              0.0
            ],
            [
              110.15589,
              -7.458216,
              0.0
            ],
            [
              110.156297,
              -7.458284,
              0.0
            ],
            [
              110.156415,
              -7.458351,
              0.0
            ],
            [
              110.156661,
              -7.458172,
              0.0
            ],
            [
              110.156883,
              -7.457927,
              0.0
            ],
            [
              110.156971,
              -7.457446,
              0.0
            ],
            [
              110.157194,
              -7.457186,
              0.0
            ],
            [
              110.157194,
              -7.457024,
              0.0
            ],
            [
              110.157009,
              -7.456765,
              0.0
            ],
            [
              110.157544,
              -7.457025,
              0.0
            ],
            [
              110.15779,
              -7.45693,
              0.0
            ],
            [
              110.157869,
              -7.456793,
              0.0
            ],
            [
              110.158028,
              -7.456664,
              0.0
            ],
            [
              110.158136,
              -7.456662,
              0.0
            ],
            [
              110.158372,
              -7.456704,
              0.0
            ],
            [
              110.158655,
              -7.456978,
              0.0
            ],
            [
              110.158873,
              -7.457029,
              0.0
            ],
            [
              110.15902,
              -7.457155,
              0.0
            ],
            [
              110.159218,
              -7.457105,
              0.0
            ],
            [
              110.159436,
              -7.457162,
              0.0
            ],
            [
              110.159903,
              -7.457489,
              0.0
            ],
            [
              110.160087,
              -7.457504,
              0.0
            ],
            [
              110.160617,
              -7.457799,
              0.0
            ],
            [
              110.161007,
              -7.457841,
              0.0
            ],
            [
              110.161452,
              -7.458018,
              0.0
            ],
            [
              110.161525,
              -7.457995,
              0.0
            ],
            [
              110.161555,
              -7.457971,
              0.0
            ],
            [
              110.161488,
              -7.457892,
              0.0
            ],
            [
              110.161644,
              -7.457695,
              0.0
            ],
            [
              110.161721,
              -7.457349,
              0.0
            ],
            [
              110.161932,
              -7.457068,
              0.0
            ],
            [
              110.161902,
              -7.456925,
              0.0
            ],
            [
              110.161543,
              -7.456373,
              0.0
            ],
            [
              110.161838,
              -7.456322,
              0.0
            ],
            [
              110.16211,
              -7.456625,
              0.0
            ],
            [
              110.16244,
              -7.45675,
              0.0
            ],
            [
              110.162685,
              -7.456744,
              0.0
            ],
            [
              110.162803,
              -7.45671,
              0.0
            ],
            [
              110.162692,
              -7.456565,
              0.0
            ],
            [
              110.162666,
              -7.456405,
              0.0
            ],
            [
              110.162688,
              -7.456329,
              0.0
            ],
            [
              110.162822,
              -7.456209,
              0.0
            ],
            [
              110.162808,
              -7.456054,
              0.0
            ],
            [
              110.162355,
              -7.455722,
              0.0
            ],
            [
              110.161862,
              -7.455215,
              0.0
            ],
            [
              110.161494,
              -7.454436,
              0.0
            ],
            [
              110.161647,
              -7.454215,
              0.0
            ],
            [
              110.161655,
              -7.454049,
              0.0
            ],
            [
              110.161016,
              -7.453371,
              0.0
            ],
            [
              110.160876,
              -7.453069,
              0.0
            ],
            [
              110.160622,
              -7.452709,
              0.0
            ],
            [
              110.160539,
              -7.452159,
              0.0
            ],
            [
              110.160443,
              -7.452012,
              0.0
            ],
            [
              110.160246,
              -7.451892,
              0.0
            ],
            [
              110.160105,
              -7.451736,
              0.0
            ],
            [
              110.159899,
              -7.451284,
              0.0
            ],
            [
              110.159006,
              -7.451151,
              0.0
            ],
            [
              110.15886,
              -7.450986,
              0.0
            ],
            [
              110.158547,
              -7.451028,
              0.0
            ],
            [
              110.158301,
              -7.450856,
              0.0
            ],
            [
              110.158204,
              -7.450695,
              0.0
            ],
            [
              110.158216,
              -7.450475,
              0.0
            ],
            [
              110.158454,
              -7.450282,
              0.0
            ],
            [
              110.158821,
              -7.450231,
              0.0
            ],
            [
              110.158955,
              -7.450078,
              0.0
            ],
            [
              110.158984,
              -7.449875,
              0.0
            ],
            [
              110.158747,
              -7.449727,
              0.0
            ],
            [
              110.15854,
              -7.449526,
              0.0
            ],
            [
              110.15846,
              -7.44937,
              0.0
            ],
            [
              110.15851,
              -7.449148,
              0.0
            ],
            [
              110.158662,
              -7.448907,
              0.0
            ],
            [
              110.158599,
              -7.44872,
              0.0
            ],
            [
              110.158386,
              -7.448622,
              0.0
            ],
            [
              110.157667,
              -7.448606,
              0.0
            ]
          ]
        ]
      }
    },
    {
      "type": "Feature",
      "id": "3308142011",
      "properties": {
        "id": "3308142011",
        "name": "Kebonagung",
        "slug": "kebonagung",
        "district": "Bandongan",
        "sourceCode": "33.08.14.2011",
        "sourceStatus": "Batas Indikatif",
        "boundarySource": "BIG"
      },
      "geometry": {
        "type": "Polygon",
        "coordinates": [
          [
            [
              110.155484,
              -7.458003,
              0.0
            ],
            [
              110.155259,
              -7.458001,
              0.0
            ],
            [
              110.154638,
              -7.457812,
              0.0
            ],
            [
              110.154429,
              -7.457429,
              0.0
            ],
            [
              110.154743,
              -7.457455,
              0.0
            ],
            [
              110.154893,
              -7.457309,
              0.0
            ],
            [
              110.155013,
              -7.457288,
              0.0
            ],
            [
              110.15536,
              -7.457398,
              0.0
            ],
            [
              110.155446,
              -7.457368,
              0.0
            ],
            [
              110.155534,
              -7.457134,
              0.0
            ],
            [
              110.155613,
              -7.457064,
              0.0
            ],
            [
              110.155747,
              -7.457031,
              0.0
            ],
            [
              110.156033,
              -7.457107,
              0.0
            ],
            [
              110.155907,
              -7.456938,
              0.0
            ],
            [
              110.154965,
              -7.456139,
              0.0
            ],
            [
              110.154573,
              -7.455407,
              0.0
            ],
            [
              110.154308,
              -7.455391,
              0.0
            ],
            [
              110.154081,
              -7.455167,
              0.0
            ],
            [
              110.153976,
              -7.455169,
              0.0
            ],
            [
              110.153813,
              -7.455076,
              0.0
            ],
            [
              110.153722,
              -7.455066,
              0.0
            ],
            [
              110.153407,
              -7.455185,
              0.0
            ],
            [
              110.153228,
              -7.454758,
              0.0
            ],
            [
              110.152856,
              -7.454157,
              0.0
            ],
            [
              110.15222,
              -7.453874,
              0.0
            ],
            [
              110.152069,
              -7.453879,
              0.0
            ],
            [
              110.151872,
              -7.454037,
              0.0
            ],
            [
              110.151718,
              -7.45389,
              0.0
            ],
            [
              110.151451,
              -7.453422,
              0.0
            ],
            [
              110.151319,
              -7.453151,
              0.0
            ],
            [
              110.151446,
              -7.453029,
              0.0
            ],
            [
              110.151324,
              -7.452946,
              0.0
            ],
            [
              110.151056,
              -7.452819,
              0.0
            ],
            [
              110.150822,
              -7.452954,
              0.0
            ],
            [
              110.150671,
              -7.453108,
              0.0
            ],
            [
              110.15045,
              -7.45317,
              0.0
            ],
            [
              110.150381,
              -7.453109,
              0.0
            ],
            [
              110.150371,
              -7.452977,
              0.0
            ],
            [
              110.150154,
              -7.452729,
              0.0
            ],
            [
              110.150012,
              -7.452261,
              0.0
            ],
            [
              110.150032,
              -7.451886,
              0.0
            ],
            [
              110.149974,
              -7.451664,
              0.0
            ],
            [
              110.14983,
              -7.451436,
              0.0
            ],
            [
              110.149483,
              -7.451212,
              0.0
            ],
            [
              110.149253,
              -7.45118,
              0.0
            ],
            [
              110.148824,
              -7.450884,
              0.0
            ],
            [
              110.148232,
              -7.450194,
              0.0
            ],
            [
              110.147949,
              -7.449636,
              0.0
            ],
            [
              110.147822,
              -7.449483,
              0.0
            ],
            [
              110.147037,
              -7.448937,
              0.0
            ],
            [
              110.146369,
              -7.448328,
              0.0
            ],
            [
              110.145654,
              -7.447845,
              0.0
            ],
            [
              110.144908,
              -7.447565,
              0.0
            ],
            [
              110.144391,
              -7.447146,
              0.0
            ],
            [
              110.14398,
              -7.446941,
              0.0
            ],
            [
              110.143555,
              -7.446881,
              0.0
            ],
            [
              110.143246,
              -7.446901,
              0.0
            ],
            [
              110.143102,
              -7.446965,
              0.0
            ],
            [
              110.142576,
              -7.447432,
              0.0
            ],
            [
              110.142339,
              -7.447512,
              0.0
            ],
            [
              110.142101,
              -7.447507,
              0.0
            ],
            [
              110.141348,
              -7.44731,
              0.0
            ],
            [
              110.140536,
              -7.447273,
              0.0
            ],
            [
              110.140961,
              -7.447452,
              0.0
            ],
            [
              110.141283,
              -7.447675,
              0.0
            ],
            [
              110.142365,
              -7.448634,
              0.0
            ],
            [
              110.142446,
              -7.448826,
              0.0
            ],
            [
              110.14269,
              -7.449099,
              0.0
            ],
            [
              110.14302,
              -7.449401,
              0.0
            ],
            [
              110.14325,
              -7.449464,
              0.0
            ],
            [
              110.143389,
              -7.449608,
              0.0
            ],
            [
              110.143532,
              -7.450134,
              0.0
            ],
            [
              110.143536,
              -7.450393,
              0.0
            ],
            [
              110.14315,
              -7.45113,
              0.0
            ],
            [
              110.142851,
              -7.451881,
              0.0
            ],
            [
              110.142741,
              -7.452891,
              0.0
            ],
            [
              110.142864,
              -7.453466,
              0.0
            ],
            [
              110.143896,
              -7.455414,
              0.0
            ],
            [
              110.14421,
              -7.456645,
              0.0
            ],
            [
              110.144253,
              -7.457166,
              0.0
            ],
            [
              110.144607,
              -7.457723,
              0.0
            ],
            [
              110.144565,
              -7.457953,
              0.0
            ],
            [
              110.14506,
              -7.458364,
              0.0
            ],
            [
              110.145487,
              -7.458549,
              0.0
            ],
            [
              110.145887,
              -7.458593,
              0.0
            ],
            [
              110.146301,
              -7.458862,
              0.0
            ],
            [
              110.146538,
              -7.458879,
              0.0
            ],
            [
              110.146827,
              -7.458712,
              0.0
            ],
            [
              110.146975,
              -7.458703,
              0.0
            ],
            [
              110.147454,
              -7.458972,
              0.0
            ],
            [
              110.147665,
              -7.459034,
              0.0
            ],
            [
              110.147761,
              -7.459226,
              0.0
            ],
            [
              110.148003,
              -7.459291,
              0.0
            ],
            [
              110.148141,
              -7.459473,
              0.0
            ],
            [
              110.148265,
              -7.45977,
              0.0
            ],
            [
              110.148215,
              -7.459992,
              0.0
            ],
            [
              110.148289,
              -7.460194,
              0.0
            ],
            [
              110.14842,
              -7.460299,
              0.0
            ],
            [
              110.148725,
              -7.4603,
              0.0
            ],
            [
              110.149114,
              -7.460656,
              0.0
            ],
            [
              110.149186,
              -7.460647,
              0.0
            ],
            [
              110.149228,
              -7.460525,
              0.0
            ],
            [
              110.149318,
              -7.460483,
              0.0
            ],
            [
              110.149599,
              -7.460594,
              0.0
            ],
            [
              110.149755,
              -7.460738,
              0.0
            ],
            [
              110.150025,
              -7.460667,
              0.0
            ],
            [
              110.150237,
              -7.460814,
              0.0
            ],
            [
              110.150426,
              -7.460715,
              0.0
            ],
            [
              110.150615,
              -7.46071,
              0.0
            ],
            [
              110.150627,
              -7.460955,
              0.0
            ],
            [
              110.150872,
              -7.461189,
              0.0
            ],
            [
              110.151706,
              -7.462441,
              0.0
            ],
            [
              110.15199,
              -7.462656,
              0.0
            ],
            [
              110.152532,
              -7.462822,
              0.0
            ],
            [
              110.152642,
              -7.462973,
              0.0
            ],
            [
              110.152622,
              -7.463093,
              0.0
            ],
            [
              110.152346,
              -7.463454,
              0.0
            ],
            [
              110.152167,
              -7.464257,
              0.0
            ],
            [
              110.151864,
              -7.464211,
              0.0
            ],
            [
              110.151471,
              -7.464297,
              0.0
            ],
            [
              110.151295,
              -7.464513,
              0.0
            ],
            [
              110.151323,
              -7.464577,
              0.0
            ],
            [
              110.151232,
              -7.464694,
              0.0
            ],
            [
              110.151258,
              -7.464762,
              0.0
            ],
            [
              110.151145,
              -7.464902,
              0.0
            ],
            [
              110.151263,
              -7.465294,
              0.0
            ],
            [
              110.151476,
              -7.465544,
              0.0
            ],
            [
              110.151503,
              -7.465911,
              0.0
            ],
            [
              110.151646,
              -7.46618,
              0.0
            ],
            [
              110.151899,
              -7.466436,
              0.0
            ],
            [
              110.151874,
              -7.466609,
              0.0
            ],
            [
              110.151955,
              -7.466746,
              0.0
            ],
            [
              110.152206,
              -7.466937,
              0.0
            ],
            [
              110.152618,
              -7.467427,
              0.0
            ],
            [
              110.152709,
              -7.467665,
              0.0
            ],
            [
              110.152835,
              -7.46784,
              0.0
            ],
            [
              110.153655,
              -7.467614,
              0.0
            ],
            [
              110.153798,
              -7.468045,
              0.0
            ],
            [
              110.153796,
              -7.468432,
              0.0
            ],
            [
              110.154537,
              -7.46817,
              0.0
            ],
            [
              110.154836,
              -7.468337,
              0.0
            ],
            [
              110.155483,
              -7.46836,
              0.0
            ],
            [
              110.155956,
              -7.468634,
              0.0
            ],
            [
              110.156206,
              -7.468699,
              0.0
            ],
            [
              110.156344,
              -7.468666,
              0.0
            ],
            [
              110.156532,
              -7.468443,
              0.0
            ],
            [
              110.156753,
              -7.468419,
              0.0
            ],
            [
              110.15682,
              -7.46852,
              0.0
            ],
            [
              110.156971,
              -7.46922,
              0.0
            ],
            [
              110.157807,
              -7.470229,
              0.0
            ],
            [
              110.15777,
              -7.470464,
              0.0
            ],
            [
              110.157902,
              -7.470617,
              0.0
            ],
            [
              110.158437,
              -7.470971,
              0.0
            ],
            [
              110.158498,
              -7.471084,
              0.0
            ],
            [
              110.158498,
              -7.471338,
              0.0
            ],
            [
              110.158661,
              -7.471438,
              0.0
            ],
            [
              110.158905,
              -7.47146,
              0.0
            ],
            [
              110.159039,
              -7.471585,
              0.0
            ],
            [
              110.159082,
              -7.471769,
              0.0
            ],
            [
              110.159408,
              -7.471978,
              0.0
            ],
            [
              110.159434,
              -7.472294,
              0.0
            ],
            [
              110.159477,
              -7.472378,
              0.0
            ],
            [
              110.159659,
              -7.472488,
              0.0
            ],
            [
              110.159668,
              -7.47257,
              0.0
            ],
            [
              110.159876,
              -7.472675,
              0.0
            ],
            [
              110.159936,
              -7.472922,
              0.0
            ],
            [
              110.159924,
              -7.473128,
              0.0
            ],
            [
              110.159995,
              -7.473279,
              0.0
            ],
            [
              110.160074,
              -7.473303,
              0.0
            ],
            [
              110.160041,
              -7.47308,
              0.0
            ],
            [
              110.160185,
              -7.472968,
              0.0
            ],
            [
              110.160214,
              -7.472858,
              0.0
            ],
            [
              110.160298,
              -7.472839,
              0.0
            ],
            [
              110.160433,
              -7.4727,
              0.0
            ],
            [
              110.160469,
              -7.472543,
              0.0
            ],
            [
              110.16058,
              -7.472368,
              0.0
            ],
            [
              110.160845,
              -7.472323,
              0.0
            ],
            [
              110.161118,
              -7.472128,
              0.0
            ],
            [
              110.161116,
              -7.47199,
              0.0
            ],
            [
              110.160911,
              -7.471842,
              0.0
            ],
            [
              110.160803,
              -7.471695,
              0.0
            ],
            [
              110.160932,
              -7.47148,
              0.0
            ],
            [
              110.16092,
              -7.471249,
              0.0
            ],
            [
              110.161109,
              -7.471137,
              0.0
            ],
            [
              110.161541,
              -7.471587,
              0.0
            ],
            [
              110.161966,
              -7.471365,
              0.0
            ],
            [
              110.162012,
              -7.471202,
              0.0
            ],
            [
              110.162362,
              -7.470935,
              0.0
            ],
            [
              110.162722,
              -7.470964,
              0.0
            ],
            [
              110.162732,
              -7.470916,
              0.0
            ],
            [
              110.162583,
              -7.470775,
              0.0
            ],
            [
              110.162607,
              -7.470691,
              0.0
            ],
            [
              110.162766,
              -7.470622,
              0.0
            ],
            [
              110.162747,
              -7.470474,
              0.0
            ],
            [
              110.162797,
              -7.470321,
              0.0
            ],
            [
              110.163064,
              -7.470072,
              0.0
            ],
            [
              110.163184,
              -7.469895,
              0.0
            ],
            [
              110.163545,
              -7.469831,
              0.0
            ],
            [
              110.164301,
              -7.469858,
              0.0
            ],
            [
              110.164326,
              -7.469808,
              0.0
            ],
            [
              110.164197,
              -7.469551,
              0.0
            ],
            [
              110.164303,
              -7.469297,
              0.0
            ],
            [
              110.164474,
              -7.469088,
              0.0
            ],
            [
              110.164463,
              -7.46869,
              0.0
            ],
            [
              110.164401,
              -7.468574,
              0.0
            ],
            [
              110.164656,
              -7.468583,
              0.0
            ],
            [
              110.164652,
              -7.468021,
              0.0
            ],
            [
              110.164961,
              -7.467943,
              0.0
            ],
            [
              110.165217,
              -7.467772,
              0.0
            ],
            [
              110.165205,
              -7.467634,
              0.0
            ],
            [
              110.164974,
              -7.467463,
              0.0
            ],
            [
              110.165258,
              -7.467234,
              0.0
            ],
            [
              110.16514,
              -7.466898,
              0.0
            ],
            [
              110.165322,
              -7.466631,
              0.0
            ],
            [
              110.165342,
              -7.466503,
              0.0
            ],
            [
              110.165296,
              -7.466344,
              0.0
            ],
            [
              110.164955,
              -7.46637,
              0.0
            ],
            [
              110.164782,
              -7.466333,
              0.0
            ],
            [
              110.164697,
              -7.4659,
              0.0
            ],
            [
              110.164489,
              -7.465586,
              0.0
            ],
            [
              110.164734,
              -7.465534,
              0.0
            ],
            [
              110.16515,
              -7.465764,
              0.0
            ],
            [
              110.165467,
              -7.465648,
              0.0
            ],
            [
              110.1655,
              -7.465607,
              0.0
            ],
            [
              110.165391,
              -7.465481,
              0.0
            ],
            [
              110.165276,
              -7.465209,
              0.0
            ],
            [
              110.165211,
              -7.465186,
              0.0
            ],
            [
              110.165221,
              -7.465058,
              0.0
            ],
            [
              110.165104,
              -7.464874,
              0.0
            ],
            [
              110.165307,
              -7.464634,
              0.0
            ],
            [
              110.164998,
              -7.464292,
              0.0
            ],
            [
              110.164857,
              -7.464263,
              0.0
            ],
            [
              110.164746,
              -7.464344,
              0.0
            ],
            [
              110.16452,
              -7.464247,
              0.0
            ],
            [
              110.164136,
              -7.464199,
              0.0
            ],
            [
              110.16412,
              -7.464117,
              0.0
            ],
            [
              110.163863,
              -7.463879,
              0.0
            ],
            [
              110.163785,
              -7.463626,
              0.0
            ],
            [
              110.163611,
              -7.463445,
              0.0
            ],
            [
              110.163627,
              -7.463235,
              0.0
            ],
            [
              110.163517,
              -7.463112,
              0.0
            ],
            [
              110.163164,
              -7.462474,
              0.0
            ],
            [
              110.163048,
              -7.462091,
              0.0
            ],
            [
              110.162988,
              -7.461996,
              0.0
            ],
            [
              110.162742,
              -7.461833,
              0.0
            ],
            [
              110.162759,
              -7.461613,
              0.0
            ],
            [
              110.162687,
              -7.461364,
              0.0
            ],
            [
              110.162689,
              -7.46107,
              0.0
            ],
            [
              110.162436,
              -7.460788,
              0.0
            ],
            [
              110.162086,
              -7.460525,
              0.0
            ],
            [
              110.16191,
              -7.46041,
              0.0
            ],
            [
              110.161139,
              -7.461206,
              0.0
            ],
            [
              110.160318,
              -7.461111,
              0.0
            ],
            [
              110.160327,
              -7.461308,
              0.0
            ],
            [
              110.160251,
              -7.461333,
              0.0
            ],
            [
              110.160355,
              -7.461464,
              0.0
            ],
            [
              110.160456,
              -7.461798,
              0.0
            ],
            [
              110.160302,
              -7.461663,
              0.0
            ],
            [
              110.159901,
              -7.461497,
              0.0
            ],
            [
              110.159219,
              -7.460837,
              0.0
            ],
            [
              110.15876,
              -7.46053,
              0.0
            ],
            [
              110.158626,
              -7.460276,
              0.0
            ],
            [
              110.15842,
              -7.4602,
              0.0
            ],
            [
              110.15798,
              -7.460185,
              0.0
            ],
            [
              110.157674,
              -7.4601,
              0.0
            ],
            [
              110.157311,
              -7.46011,
              0.0
            ],
            [
              110.15687,
              -7.459956,
              0.0
            ],
            [
              110.156678,
              -7.459829,
              0.0
            ],
            [
              110.156308,
              -7.45945,
              0.0
            ],
            [
              110.156106,
              -7.459448,
              0.0
            ],
            [
              110.155929,
              -7.459212,
              0.0
            ],
            [
              110.155951,
              -7.459104,
              0.0
            ],
            [
              110.15586,
              -7.459094,
              0.0
            ],
            [
              110.155735,
              -7.459172,
              0.0
            ],
            [
              110.155443,
              -7.458959,
              0.0
            ],
            [
              110.155381,
              -7.458838,
              0.0
            ],
            [
              110.155426,
              -7.458779,
              0.0
            ],
            [
              110.155555,
              -7.458744,
              0.0
            ],
            [
              110.155591,
              -7.458664,
              0.0
            ],
            [
              110.155355,
              -7.458487,
              0.0
            ],
            [
              110.155281,
              -7.45826,
              0.0
            ],
            [
              110.155484,
              -7.458003,
              0.0
            ]
          ]
        ]
      }
    },
    {
      "type": "Feature",
      "id": "3308142009",
      "properties": {
        "id": "3308142009",
        "name": "Kedungsari",
        "slug": "kedungsari",
        "district": "Bandongan",
        "sourceCode": "33.08.14.2009",
        "sourceStatus": "Batas Indikatif",
        "boundarySource": "BIG"
      },
      "geometry": {
        "type": "Polygon",
        "coordinates": [
          [
            [
              110.196533,
              -7.497952,
              0.0
            ],
            [
              110.195619,
              -7.497584,
              0.0
            ],
            [
              110.194217,
              -7.496866,
              0.0
            ],
            [
              110.193818,
              -7.496516,
              0.0
            ],
            [
              110.193316,
              -7.495859,
              0.0
            ],
            [
              110.192817,
              -7.495805,
              0.0
            ],
            [
              110.192638,
              -7.49567,
              0.0
            ],
            [
              110.191088,
              -7.497063,
              0.0
            ],
            [
              110.190661,
              -7.497769,
              0.0
            ],
            [
              110.190289,
              -7.49823,
              0.0
            ],
            [
              110.190075,
              -7.498385,
              0.0
            ],
            [
              110.189847,
              -7.498676,
              0.0
            ],
            [
              110.189465,
              -7.498853,
              0.0
            ],
            [
              110.188706,
              -7.498945,
              0.0
            ],
            [
              110.188414,
              -7.499113,
              0.0
            ],
            [
              110.18812,
              -7.499404,
              0.0
            ],
            [
              110.187931,
              -7.499475,
              0.0
            ],
            [
              110.187718,
              -7.499505,
              0.0
            ],
            [
              110.187569,
              -7.499283,
              0.0
            ],
            [
              110.187126,
              -7.498887,
              0.0
            ],
            [
              110.186916,
              -7.498603,
              0.0
            ],
            [
              110.186482,
              -7.498378,
              0.0
            ],
            [
              110.18598,
              -7.498317,
              0.0
            ],
            [
              110.18594,
              -7.498247,
              0.0
            ],
            [
              110.185892,
              -7.498249,
              0.0
            ],
            [
              110.185319,
              -7.498346,
              0.0
            ],
            [
              110.185144,
              -7.498528,
              0.0
            ],
            [
              110.185036,
              -7.498535,
              0.0
            ],
            [
              110.184761,
              -7.498293,
              0.0
            ],
            [
              110.184564,
              -7.498185,
              0.0
            ],
            [
              110.184353,
              -7.498086,
              0.0
            ],
            [
              110.184104,
              -7.49807,
              0.0
            ],
            [
              110.183775,
              -7.497917,
              0.0
            ],
            [
              110.183427,
              -7.498037,
              0.0
            ],
            [
              110.183261,
              -7.498037,
              0.0
            ],
            [
              110.183031,
              -7.498137,
              0.0
            ],
            [
              110.182627,
              -7.498553,
              0.0
            ],
            [
              110.182367,
              -7.498969,
              0.0
            ],
            [
              110.182093,
              -7.499715,
              0.0
            ],
            [
              110.182027,
              -7.500411,
              0.0
            ],
            [
              110.182268,
              -7.500876,
              0.0
            ],
            [
              110.182776,
              -7.501541,
              0.0
            ],
            [
              110.183364,
              -7.50254,
              0.0
            ],
            [
              110.183391,
              -7.50274,
              0.0
            ],
            [
              110.183473,
              -7.502901,
              0.0
            ],
            [
              110.183612,
              -7.503028,
              0.0
            ],
            [
              110.184269,
              -7.503267,
              0.0
            ],
            [
              110.184122,
              -7.503586,
              0.0
            ],
            [
              110.183932,
              -7.504256,
              0.0
            ],
            [
              110.183895,
              -7.504534,
              0.0
            ],
            [
              110.18394,
              -7.504699,
              0.0
            ],
            [
              110.183689,
              -7.504899,
              0.0
            ],
            [
              110.183231,
              -7.505393,
              0.0
            ],
            [
              110.182972,
              -7.505763,
              0.0
            ],
            [
              110.18278,
              -7.506247,
              0.0
            ],
            [
              110.182554,
              -7.506562,
              0.0
            ],
            [
              110.182163,
              -7.507462,
              0.0
            ],
            [
              110.181973,
              -7.508141,
              0.0
            ],
            [
              110.181795,
              -7.508508,
              0.0
            ],
            [
              110.18166,
              -7.508678,
              0.0
            ],
            [
              110.181729,
              -7.508843,
              0.0
            ],
            [
              110.181737,
              -7.509374,
              0.0
            ],
            [
              110.181812,
              -7.509457,
              0.0
            ],
            [
              110.182481,
              -7.509425,
              0.0
            ],
            [
              110.182658,
              -7.509475,
              0.0
            ],
            [
              110.182792,
              -7.509623,
              0.0
            ],
            [
              110.182777,
              -7.510227,
              0.0
            ],
            [
              110.183072,
              -7.51023,
              0.0
            ],
            [
              110.183657,
              -7.51064,
              0.0
            ],
            [
              110.18404,
              -7.510605,
              0.0
            ],
            [
              110.184151,
              -7.510682,
              0.0
            ],
            [
              110.184636,
              -7.511274,
              0.0
            ],
            [
              110.184648,
              -7.511434,
              0.0
            ],
            [
              110.184334,
              -7.511651,
              0.0
            ],
            [
              110.184279,
              -7.511852,
              0.0
            ],
            [
              110.184396,
              -7.512065,
              0.0
            ],
            [
              110.184607,
              -7.512066,
              0.0
            ],
            [
              110.184703,
              -7.51214,
              0.0
            ],
            [
              110.184724,
              -7.512358,
              0.0
            ],
            [
              110.184807,
              -7.512542,
              0.0
            ],
            [
              110.184582,
              -7.512793,
              0.0
            ],
            [
              110.184142,
              -7.513087,
              0.0
            ],
            [
              110.184156,
              -7.513314,
              0.0
            ],
            [
              110.184358,
              -7.513317,
              0.0
            ],
            [
              110.184446,
              -7.513362,
              0.0
            ],
            [
              110.184417,
              -7.513535,
              0.0
            ],
            [
              110.183911,
              -7.513605,
              0.0
            ],
            [
              110.183693,
              -7.513741,
              0.0
            ],
            [
              110.183674,
              -7.513934,
              0.0
            ],
            [
              110.183942,
              -7.513976,
              0.0
            ],
            [
              110.184246,
              -7.514398,
              0.0
            ],
            [
              110.185314,
              -7.515265,
              0.0
            ],
            [
              110.18538,
              -7.515292,
              0.0
            ],
            [
              110.185699,
              -7.515155,
              0.0
            ],
            [
              110.185722,
              -7.514835,
              0.0
            ],
            [
              110.185776,
              -7.514803,
              0.0
            ],
            [
              110.185926,
              -7.514892,
              0.0
            ],
            [
              110.185969,
              -7.515064,
              0.0
            ],
            [
              110.186118,
              -7.515229,
              0.0
            ],
            [
              110.186133,
              -7.515355,
              0.0
            ],
            [
              110.186246,
              -7.515308,
              0.0
            ],
            [
              110.186331,
              -7.515128,
              0.0
            ],
            [
              110.186454,
              -7.51513,
              0.0
            ],
            [
              110.186453,
              -7.515624,
              0.0
            ],
            [
              110.186779,
              -7.51572,
              0.0
            ],
            [
              110.187034,
              -7.516143,
              0.0
            ],
            [
              110.186875,
              -7.516541,
              0.0
            ],
            [
              110.187101,
              -7.516961,
              0.0
            ],
            [
              110.18713,
              -7.517101,
              0.0
            ],
            [
              110.187039,
              -7.51739,
              0.0
            ],
            [
              110.187054,
              -7.517653,
              0.0
            ],
            [
              110.186872,
              -7.517718,
              0.0
            ],
            [
              110.186767,
              -7.517683,
              0.0
            ],
            [
              110.186514,
              -7.517334,
              0.0
            ],
            [
              110.186374,
              -7.517279,
              0.0
            ],
            [
              110.186052,
              -7.517289,
              0.0
            ],
            [
              110.185835,
              -7.517438,
              0.0
            ],
            [
              110.185826,
              -7.517886,
              0.0
            ],
            [
              110.186101,
              -7.518521,
              0.0
            ],
            [
              110.186118,
              -7.518689,
              0.0
            ],
            [
              110.185925,
              -7.51899,
              0.0
            ],
            [
              110.185899,
              -7.519154,
              0.0
            ],
            [
              110.186083,
              -7.518777,
              0.0
            ],
            [
              110.186339,
              -7.518583,
              0.0
            ],
            [
              110.186752,
              -7.518378,
              0.0
            ],
            [
              110.187151,
              -7.51824,
              0.0
            ],
            [
              110.188476,
              -7.518136,
              0.0
            ],
            [
              110.188627,
              -7.51806,
              0.0
            ],
            [
              110.189501,
              -7.515532,
              0.0
            ],
            [
              110.189581,
              -7.515062,
              0.0
            ],
            [
              110.189576,
              -7.5145,
              0.0
            ],
            [
              110.190011,
              -7.514081,
              0.0
            ],
            [
              110.19015,
              -7.51384,
              0.0
            ],
            [
              110.190116,
              -7.513682,
              0.0
            ],
            [
              110.189544,
              -7.512684,
              0.0
            ],
            [
              110.189279,
              -7.512112,
              0.0
            ],
            [
              110.188879,
              -7.510941,
              0.0
            ],
            [
              110.18815,
              -7.509426,
              0.0
            ],
            [
              110.188019,
              -7.509117,
              0.0
            ],
            [
              110.187979,
              -7.508879,
              0.0
            ],
            [
              110.189071,
              -7.50684,
              0.0
            ],
            [
              110.189605,
              -7.505944,
              0.0
            ],
            [
              110.189619,
              -7.505706,
              0.0
            ],
            [
              110.189549,
              -7.505317,
              0.0
            ],
            [
              110.189294,
              -7.504827,
              0.0
            ],
            [
              110.1893,
              -7.504745,
              0.0
            ],
            [
              110.190252,
              -7.503934,
              0.0
            ],
            [
              110.191227,
              -7.50262,
              0.0
            ],
            [
              110.191293,
              -7.502343,
              0.0
            ],
            [
              110.191418,
              -7.502163,
              0.0
            ],
            [
              110.191642,
              -7.501996,
              0.0
            ],
            [
              110.19478,
              -7.500308,
              0.0
            ],
            [
              110.195038,
              -7.50013,
              0.0
            ],
            [
              110.195299,
              -7.499817,
              0.0
            ],
            [
              110.195714,
              -7.499103,
              0.0
            ],
            [
              110.196533,
              -7.497952,
              0.0
            ]
          ]
        ]
      }
    },
    {
      "type": "Feature",
      "id": "3308142013",
      "properties": {
        "id": "3308142013",
        "name": "Ngepanrejo",
        "slug": "ngepanrejo",
        "district": "Bandongan",
        "sourceCode": "33.08.14.2013",
        "sourceStatus": "Batas Indikatif",
        "boundarySource": "BIG"
      },
      "geometry": {
        "type": "Polygon",
        "coordinates": [
          [
            [
              110.175478,
              -7.433077,
              0.0
            ],
            [
              110.175565,
              -7.432641,
              0.0
            ],
            [
              110.175081,
              -7.432372,
              0.0
            ],
            [
              110.174805,
              -7.431391,
              0.0
            ],
            [
              110.174528,
              -7.431022,
              0.0
            ],
            [
              110.174101,
              -7.430652,
              0.0
            ],
            [
              110.173906,
              -7.430073,
              0.0
            ],
            [
              110.173753,
              -7.429871,
              0.0
            ],
            [
              110.173509,
              -7.429665,
              0.0
            ],
            [
              110.173404,
              -7.429488,
              0.0
            ],
            [
              110.173127,
              -7.428607,
              0.0
            ],
            [
              110.17274,
              -7.428342,
              0.0
            ],
            [
              110.172297,
              -7.42812,
              0.0
            ],
            [
              110.172031,
              -7.427922,
              0.0
            ],
            [
              110.171887,
              -7.427725,
              0.0
            ],
            [
              110.171743,
              -7.427685,
              0.0
            ],
            [
              110.171525,
              -7.427778,
              0.0
            ],
            [
              110.171423,
              -7.427757,
              0.0
            ],
            [
              110.171013,
              -7.427454,
              0.0
            ],
            [
              110.170839,
              -7.427214,
              0.0
            ],
            [
              110.170046,
              -7.426653,
              0.0
            ],
            [
              110.169759,
              -7.426368,
              0.0
            ],
            [
              110.168936,
              -7.425894,
              0.0
            ],
            [
              110.168046,
              -7.425641,
              0.0
            ],
            [
              110.167303,
              -7.425643,
              0.0
            ],
            [
              110.166728,
              -7.425543,
              0.0
            ],
            [
              110.165823,
              -7.425494,
              0.0
            ],
            [
              110.165239,
              -7.42525,
              0.0
            ],
            [
              110.164537,
              -7.424821,
              0.0
            ],
            [
              110.164278,
              -7.424739,
              0.0
            ],
            [
              110.163309,
              -7.42469,
              0.0
            ],
            [
              110.16309,
              -7.424273,
              0.0
            ],
            [
              110.162829,
              -7.422674,
              0.0
            ],
            [
              110.162534,
              -7.421582,
              0.0
            ],
            [
              110.162521,
              -7.420826,
              0.0
            ],
            [
              110.162229,
              -7.420385,
              0.0
            ],
            [
              110.162016,
              -7.419197,
              0.0
            ],
            [
              110.161713,
              -7.417019,
              0.0
            ],
            [
              110.161051,
              -7.415379,
              0.0
            ],
            [
              110.160202,
              -7.417325,
              0.0
            ],
            [
              110.159096,
              -7.419498,
              0.0
            ],
            [
              110.157774,
              -7.421074,
              0.0
            ],
            [
              110.155604,
              -7.423211,
              0.0
            ],
            [
              110.154991,
              -7.424242,
              0.0
            ],
            [
              110.154848,
              -7.424964,
              0.0
            ],
            [
              110.154432,
              -7.42785,
              0.0
            ],
            [
              110.153887,
              -7.430983,
              0.0
            ],
            [
              110.153491,
              -7.43203,
              0.0
            ],
            [
              110.152209,
              -7.433413,
              0.0
            ],
            [
              110.151657,
              -7.434353,
              0.0
            ],
            [
              110.151523,
              -7.43499,
              0.0
            ],
            [
              110.151558,
              -7.436478,
              0.0
            ],
            [
              110.151497,
              -7.436686,
              0.0
            ],
            [
              110.151211,
              -7.437017,
              0.0
            ],
            [
              110.150904,
              -7.43728,
              0.0
            ],
            [
              110.150838,
              -7.437661,
              0.0
            ],
            [
              110.150759,
              -7.437626,
              0.0
            ],
            [
              110.150551,
              -7.437374,
              0.0
            ],
            [
              110.150418,
              -7.43737,
              0.0
            ],
            [
              110.150211,
              -7.437447,
              0.0
            ],
            [
              110.149951,
              -7.437719,
              0.0
            ],
            [
              110.149899,
              -7.437883,
              0.0
            ],
            [
              110.15002,
              -7.438235,
              0.0
            ],
            [
              110.149729,
              -7.438485,
              0.0
            ],
            [
              110.149343,
              -7.438624,
              0.0
            ],
            [
              110.149109,
              -7.438846,
              0.0
            ],
            [
              110.149086,
              -7.438973,
              0.0
            ],
            [
              110.14914,
              -7.439046,
              0.0
            ],
            [
              110.149623,
              -7.439231,
              0.0
            ],
            [
              110.150014,
              -7.439444,
              0.0
            ],
            [
              110.150096,
              -7.439578,
              0.0
            ],
            [
              110.150096,
              -7.439834,
              0.0
            ],
            [
              110.1502,
              -7.4401,
              0.0
            ],
            [
              110.150607,
              -7.4404,
              0.0
            ],
            [
              110.150738,
              -7.440581,
              0.0
            ],
            [
              110.150984,
              -7.440681,
              0.0
            ],
            [
              110.152063,
              -7.440761,
              0.0
            ],
            [
              110.152339,
              -7.440847,
              0.0
            ],
            [
              110.152485,
              -7.440962,
              0.0
            ],
            [
              110.152619,
              -7.441178,
              0.0
            ],
            [
              110.152611,
              -7.441877,
              0.0
            ],
            [
              110.152656,
              -7.442027,
              0.0
            ],
            [
              110.152946,
              -7.44221,
              0.0
            ],
            [
              110.153532,
              -7.442381,
              0.0
            ],
            [
              110.153909,
              -7.44304,
              0.0
            ],
            [
              110.153987,
              -7.443041,
              0.0
            ],
            [
              110.154215,
              -7.442807,
              0.0
            ],
            [
              110.154415,
              -7.442678,
              0.0
            ],
            [
              110.154674,
              -7.442641,
              0.0
            ],
            [
              110.154819,
              -7.442734,
              0.0
            ],
            [
              110.155281,
              -7.443483,
              0.0
            ],
            [
              110.155239,
              -7.443683,
              0.0
            ],
            [
              110.155068,
              -7.444015,
              0.0
            ],
            [
              110.15506,
              -7.444207,
              0.0
            ],
            [
              110.155124,
              -7.444357,
              0.0
            ],
            [
              110.155395,
              -7.444594,
              0.0
            ],
            [
              110.155588,
              -7.444689,
              0.0
            ],
            [
              110.155797,
              -7.444681,
              0.0
            ],
            [
              110.15601,
              -7.444539,
              0.0
            ],
            [
              110.156202,
              -7.444971,
              0.0
            ],
            [
              110.156688,
              -7.445591,
              0.0
            ],
            [
              110.157029,
              -7.445774,
              0.0
            ],
            [
              110.157102,
              -7.445864,
              0.0
            ],
            [
              110.157192,
              -7.44622,
              0.0
            ],
            [
              110.157185,
              -7.446814,
              0.0
            ],
            [
              110.157245,
              -7.447009,
              0.0
            ],
            [
              110.157366,
              -7.447098,
              0.0
            ],
            [
              110.157671,
              -7.447145,
              0.0
            ],
            [
              110.157798,
              -7.447218,
              0.0
            ],
            [
              110.157819,
              -7.447347,
              0.0
            ],
            [
              110.157715,
              -7.447998,
              0.0
            ],
            [
              110.157622,
              -7.448299,
              0.0
            ],
            [
              110.157625,
              -7.448545,
              0.0
            ],
            [
              110.157667,
              -7.448606,
              0.0
            ],
            [
              110.157922,
              -7.448636,
              0.0
            ],
            [
              110.158386,
              -7.448622,
              0.0
            ],
            [
              110.158599,
              -7.44872,
              0.0
            ],
            [
              110.158649,
              -7.448787,
              0.0
            ],
            [
              110.158662,
              -7.448907,
              0.0
            ],
            [
              110.15851,
              -7.449148,
              0.0
            ],
            [
              110.15846,
              -7.44937,
              0.0
            ],
            [
              110.15854,
              -7.449526,
              0.0
            ],
            [
              110.158747,
              -7.449727,
              0.0
            ],
            [
              110.158984,
              -7.449875,
              0.0
            ],
            [
              110.158984,
              -7.449988,
              0.0
            ],
            [
              110.158821,
              -7.450231,
              0.0
            ],
            [
              110.158454,
              -7.450282,
              0.0
            ],
            [
              110.158216,
              -7.450475,
              0.0
            ],
            [
              110.158204,
              -7.450695,
              0.0
            ],
            [
              110.158301,
              -7.450856,
              0.0
            ],
            [
              110.158547,
              -7.451028,
              0.0
            ],
            [
              110.1589,
              -7.450985,
              0.0
            ],
            [
              110.159906,
              -7.451135,
              0.0
            ],
            [
              110.160805,
              -7.451124,
              0.0
            ],
            [
              110.161032,
              -7.451005,
              0.0
            ],
            [
              110.161181,
              -7.450594,
              0.0
            ],
            [
              110.161268,
              -7.450485,
              0.0
            ],
            [
              110.161591,
              -7.450435,
              0.0
            ],
            [
              110.161747,
              -7.450586,
              0.0
            ],
            [
              110.161784,
              -7.450747,
              0.0
            ],
            [
              110.16162,
              -7.451198,
              0.0
            ],
            [
              110.161584,
              -7.451686,
              0.0
            ],
            [
              110.161208,
              -7.452347,
              0.0
            ],
            [
              110.161079,
              -7.452729,
              0.0
            ],
            [
              110.161219,
              -7.452969,
              0.0
            ],
            [
              110.161794,
              -7.453024,
              0.0
            ],
            [
              110.161971,
              -7.453107,
              0.0
            ],
            [
              110.162095,
              -7.453228,
              0.0
            ],
            [
              110.162131,
              -7.45336,
              0.0
            ],
            [
              110.162125,
              -7.454,
              0.0
            ],
            [
              110.162219,
              -7.45417,
              0.0
            ],
            [
              110.162385,
              -7.454248,
              0.0
            ],
            [
              110.162698,
              -7.454211,
              0.0
            ],
            [
              110.16283,
              -7.454098,
              0.0
            ],
            [
              110.163083,
              -7.453639,
              0.0
            ],
            [
              110.163211,
              -7.453501,
              0.0
            ],
            [
              110.163345,
              -7.453436,
              0.0
            ],
            [
              110.163966,
              -7.453469,
              0.0
            ],
            [
              110.164597,
              -7.453142,
              0.0
            ],
            [
              110.164849,
              -7.453118,
              0.0
            ],
            [
              110.165025,
              -7.453157,
              0.0
            ],
            [
              110.165202,
              -7.453262,
              0.0
            ],
            [
              110.165285,
              -7.453414,
              0.0
            ],
            [
              110.16529,
              -7.453979,
              0.0
            ],
            [
              110.165541,
              -7.454543,
              0.0
            ],
            [
              110.165664,
              -7.454673,
              0.0
            ],
            [
              110.165813,
              -7.454743,
              0.0
            ],
            [
              110.166707,
              -7.454963,
              0.0
            ],
            [
              110.167048,
              -7.455341,
              0.0
            ],
            [
              110.16706,
              -7.455603,
              0.0
            ],
            [
              110.166892,
              -7.455896,
              0.0
            ],
            [
              110.166689,
              -7.456685,
              0.0
            ],
            [
              110.16672,
              -7.456726,
              0.0
            ],
            [
              110.16713,
              -7.456645,
              0.0
            ],
            [
              110.167217,
              -7.456385,
              0.0
            ],
            [
              110.167392,
              -7.456296,
              0.0
            ],
            [
              110.167527,
              -7.456301,
              0.0
            ],
            [
              110.168032,
              -7.456592,
              0.0
            ],
            [
              110.168254,
              -7.456798,
              0.0
            ],
            [
              110.168249,
              -7.457045,
              0.0
            ],
            [
              110.168292,
              -7.45715,
              0.0
            ],
            [
              110.168526,
              -7.457171,
              0.0
            ],
            [
              110.168709,
              -7.457286,
              0.0
            ],
            [
              110.168803,
              -7.457272,
              0.0
            ],
            [
              110.169033,
              -7.457154,
              0.0
            ],
            [
              110.169525,
              -7.456658,
              0.0
            ],
            [
              110.169981,
              -7.456539,
              0.0
            ],
            [
              110.170354,
              -7.456167,
              0.0
            ],
            [
              110.17026,
              -7.456057,
              0.0
            ],
            [
              110.170261,
              -7.455938,
              0.0
            ],
            [
              110.169482,
              -7.455004,
              0.0
            ],
            [
              110.169356,
              -7.454765,
              0.0
            ],
            [
              110.169534,
              -7.453221,
              0.0
            ],
            [
              110.170092,
              -7.452002,
              0.0
            ],
            [
              110.170686,
              -7.451707,
              0.0
            ],
            [
              110.17129,
              -7.450888,
              0.0
            ],
            [
              110.171449,
              -7.45076,
              0.0
            ],
            [
              110.172037,
              -7.450468,
              0.0
            ],
            [
              110.172368,
              -7.450181,
              0.0
            ],
            [
              110.172668,
              -7.450058,
              0.0
            ],
            [
              110.173238,
              -7.449685,
              0.0
            ],
            [
              110.17374,
              -7.44948,
              0.0
            ],
            [
              110.174106,
              -7.449153,
              0.0
            ],
            [
              110.174219,
              -7.449131,
              0.0
            ],
            [
              110.17422,
              -7.449076,
              0.0
            ],
            [
              110.174533,
              -7.449085,
              0.0
            ],
            [
              110.174516,
              -7.448816,
              0.0
            ],
            [
              110.17444,
              -7.448701,
              0.0
            ],
            [
              110.174594,
              -7.448666,
              0.0
            ],
            [
              110.174732,
              -7.448711,
              0.0
            ],
            [
              110.17468,
              -7.448597,
              0.0
            ],
            [
              110.174694,
              -7.448509,
              0.0
            ],
            [
              110.174872,
              -7.448352,
              0.0
            ],
            [
              110.175016,
              -7.447923,
              0.0
            ],
            [
              110.175079,
              -7.447947,
              0.0
            ],
            [
              110.175304,
              -7.447765,
              0.0
            ],
            [
              110.175268,
              -7.447585,
              0.0
            ],
            [
              110.175325,
              -7.447489,
              0.0
            ],
            [
              110.175794,
              -7.447606,
              0.0
            ],
            [
              110.176125,
              -7.447624,
              0.0
            ],
            [
              110.176331,
              -7.447808,
              0.0
            ],
            [
              110.176433,
              -7.447712,
              0.0
            ],
            [
              110.176432,
              -7.447584,
              0.0
            ],
            [
              110.1763,
              -7.447268,
              0.0
            ],
            [
              110.176214,
              -7.446888,
              0.0
            ],
            [
              110.176269,
              -7.446683,
              0.0
            ],
            [
              110.176222,
              -7.446568,
              0.0
            ],
            [
              110.176057,
              -7.446424,
              0.0
            ],
            [
              110.175823,
              -7.446384,
              0.0
            ],
            [
              110.175781,
              -7.446216,
              0.0
            ],
            [
              110.175806,
              -7.445866,
              0.0
            ],
            [
              110.17551,
              -7.444999,
              0.0
            ],
            [
              110.175521,
              -7.444214,
              0.0
            ],
            [
              110.175174,
              -7.443113,
              0.0
            ],
            [
              110.174723,
              -7.441897,
              0.0
            ],
            [
              110.174587,
              -7.441323,
              0.0
            ],
            [
              110.174595,
              -7.441129,
              0.0
            ],
            [
              110.174826,
              -7.44049,
              0.0
            ],
            [
              110.175641,
              -7.439312,
              0.0
            ],
            [
              110.17583,
              -7.438116,
              0.0
            ],
            [
              110.175817,
              -7.437728,
              0.0
            ],
            [
              110.175655,
              -7.437048,
              0.0
            ],
            [
              110.175518,
              -7.436057,
              0.0
            ],
            [
              110.1756,
              -7.435454,
              0.0
            ],
            [
              110.175567,
              -7.435191,
              0.0
            ],
            [
              110.175123,
              -7.43442,
              0.0
            ],
            [
              110.175018,
              -7.434017,
              0.0
            ],
            [
              110.175052,
              -7.433706,
              0.0
            ],
            [
              110.175124,
              -7.433553,
              0.0
            ],
            [
              110.175478,
              -7.433077,
              0.0
            ]
          ]
        ]
      }
    },
    {
      "type": "Feature",
      "id": "3308142014",
      "properties": {
        "id": "3308142014",
        "name": "Rejosari",
        "slug": "rejosari",
        "district": "Bandongan",
        "sourceCode": "33.08.14.2014",
        "sourceStatus": "Batas Indikatif",
        "boundarySource": "BIG"
      },
      "geometry": {
        "type": "Polygon",
        "coordinates": [
          [
            [
              110.203205,
              -7.425597,
              0.0
            ],
            [
              110.203066,
              -7.425448,
              0.0
            ],
            [
              110.203063,
              -7.424973,
              0.0
            ],
            [
              110.202954,
              -7.424814,
              0.0
            ],
            [
              110.202416,
              -7.424913,
              0.0
            ],
            [
              110.202035,
              -7.424864,
              0.0
            ],
            [
              110.201908,
              -7.424805,
              0.0
            ],
            [
              110.201797,
              -7.424556,
              0.0
            ],
            [
              110.20156,
              -7.424379,
              0.0
            ],
            [
              110.201622,
              -7.424125,
              0.0
            ],
            [
              110.201559,
              -7.423954,
              0.0
            ],
            [
              110.201505,
              -7.423931,
              0.0
            ],
            [
              110.201371,
              -7.42403,
              0.0
            ],
            [
              110.201181,
              -7.423921,
              0.0
            ],
            [
              110.201216,
              -7.423762,
              0.0
            ],
            [
              110.20107,
              -7.423538,
              0.0
            ],
            [
              110.201084,
              -7.423327,
              0.0
            ],
            [
              110.200997,
              -7.423211,
              0.0
            ],
            [
              110.200899,
              -7.423155,
              0.0
            ],
            [
              110.200836,
              -7.423183,
              0.0
            ],
            [
              110.200624,
              -7.422989,
              0.0
            ],
            [
              110.200407,
              -7.422896,
              0.0
            ],
            [
              110.19963,
              -7.423252,
              0.0
            ],
            [
              110.199584,
              -7.423394,
              0.0
            ],
            [
              110.199482,
              -7.423465,
              0.0
            ],
            [
              110.199021,
              -7.423614,
              0.0
            ],
            [
              110.198843,
              -7.423826,
              0.0
            ],
            [
              110.198879,
              -7.424098,
              0.0
            ],
            [
              110.198656,
              -7.42463,
              0.0
            ],
            [
              110.198274,
              -7.425342,
              0.0
            ],
            [
              110.197878,
              -7.425856,
              0.0
            ],
            [
              110.197509,
              -7.426079,
              0.0
            ],
            [
              110.196345,
              -7.426619,
              0.0
            ],
            [
              110.195082,
              -7.426984,
              0.0
            ],
            [
              110.194741,
              -7.427173,
              0.0
            ],
            [
              110.194617,
              -7.427175,
              0.0
            ],
            [
              110.194609,
              -7.427457,
              0.0
            ],
            [
              110.194539,
              -7.427716,
              0.0
            ],
            [
              110.194825,
              -7.428133,
              0.0
            ],
            [
              110.194789,
              -7.428262,
              0.0
            ],
            [
              110.194701,
              -7.42836,
              0.0
            ],
            [
              110.1947,
              -7.428645,
              0.0
            ],
            [
              110.19449,
              -7.42886,
              0.0
            ],
            [
              110.194291,
              -7.429187,
              0.0
            ],
            [
              110.194333,
              -7.429352,
              0.0
            ],
            [
              110.194454,
              -7.429387,
              0.0
            ],
            [
              110.19437,
              -7.429467,
              0.0
            ],
            [
              110.194302,
              -7.429659,
              0.0
            ],
            [
              110.194112,
              -7.429737,
              0.0
            ],
            [
              110.194067,
              -7.430009,
              0.0
            ],
            [
              110.193989,
              -7.430045,
              0.0
            ],
            [
              110.193755,
              -7.430031,
              0.0
            ],
            [
              110.193656,
              -7.430089,
              0.0
            ],
            [
              110.193709,
              -7.430235,
              0.0
            ],
            [
              110.193872,
              -7.430304,
              0.0
            ],
            [
              110.193872,
              -7.430367,
              0.0
            ],
            [
              110.193753,
              -7.43058,
              0.0
            ],
            [
              110.193618,
              -7.430694,
              0.0
            ],
            [
              110.193666,
              -7.430907,
              0.0
            ],
            [
              110.193497,
              -7.431072,
              0.0
            ],
            [
              110.193193,
              -7.431999,
              0.0
            ],
            [
              110.193138,
              -7.432064,
              0.0
            ],
            [
              110.192915,
              -7.432114,
              0.0
            ],
            [
              110.192906,
              -7.433009,
              0.0
            ],
            [
              110.192571,
              -7.433968,
              0.0
            ],
            [
              110.19255,
              -7.434303,
              0.0
            ],
            [
              110.192456,
              -7.434593,
              0.0
            ],
            [
              110.192336,
              -7.434653,
              0.0
            ],
            [
              110.192288,
              -7.43483,
              0.0
            ],
            [
              110.192273,
              -7.43527,
              0.0
            ],
            [
              110.192026,
              -7.436256,
              0.0
            ],
            [
              110.19142,
              -7.437475,
              0.0
            ],
            [
              110.191247,
              -7.437753,
              0.0
            ],
            [
              110.191055,
              -7.437958,
              0.0
            ],
            [
              110.190882,
              -7.438058,
              0.0
            ],
            [
              110.190814,
              -7.438284,
              0.0
            ],
            [
              110.191278,
              -7.438711,
              0.0
            ],
            [
              110.191575,
              -7.438879,
              0.0
            ],
            [
              110.192607,
              -7.439051,
              0.0
            ],
            [
              110.193152,
              -7.439092,
              0.0
            ],
            [
              110.193583,
              -7.439288,
              0.0
            ],
            [
              110.19394,
              -7.439315,
              0.0
            ],
            [
              110.194198,
              -7.439426,
              0.0
            ],
            [
              110.194442,
              -7.439761,
              0.0
            ],
            [
              110.19481,
              -7.440806,
              0.0
            ],
            [
              110.195264,
              -7.441529,
              0.0
            ],
            [
              110.195719,
              -7.441956,
              0.0
            ],
            [
              110.19614,
              -7.442143,
              0.0
            ],
            [
              110.196293,
              -7.442273,
              0.0
            ],
            [
              110.196614,
              -7.442776,
              0.0
            ],
            [
              110.197102,
              -7.443255,
              0.0
            ],
            [
              110.198161,
              -7.443865,
              0.0
            ],
            [
              110.198218,
              -7.443975,
              0.0
            ],
            [
              110.198237,
              -7.444153,
              0.0
            ],
            [
              110.198145,
              -7.444526,
              0.0
            ],
            [
              110.198133,
              -7.445421,
              0.0
            ],
            [
              110.198253,
              -7.445757,
              0.0
            ],
            [
              110.198248,
              -7.446262,
              0.0
            ],
            [
              110.19847,
              -7.446573,
              0.0
            ],
            [
              110.19849,
              -7.446758,
              0.0
            ],
            [
              110.19845,
              -7.446885,
              0.0
            ],
            [
              110.198175,
              -7.447185,
              0.0
            ],
            [
              110.197979,
              -7.447292,
              0.0
            ],
            [
              110.197335,
              -7.447371,
              0.0
            ],
            [
              110.197275,
              -7.447459,
              0.0
            ],
            [
              110.197279,
              -7.447574,
              0.0
            ],
            [
              110.197392,
              -7.447748,
              0.0
            ],
            [
              110.197291,
              -7.448028,
              0.0
            ],
            [
              110.19717,
              -7.448138,
              0.0
            ],
            [
              110.196829,
              -7.448316,
              0.0
            ],
            [
              110.1966,
              -7.44852,
              0.0
            ],
            [
              110.196275,
              -7.449065,
              0.0
            ],
            [
              110.196131,
              -7.44914,
              0.0
            ],
            [
              110.195618,
              -7.449244,
              0.0
            ],
            [
              110.195469,
              -7.449347,
              0.0
            ],
            [
              110.195343,
              -7.449598,
              0.0
            ],
            [
              110.195424,
              -7.449812,
              0.0
            ],
            [
              110.195371,
              -7.450046,
              0.0
            ],
            [
              110.195192,
              -7.450264,
              0.0
            ],
            [
              110.195199,
              -7.450356,
              0.0
            ],
            [
              110.195263,
              -7.450351,
              0.0
            ],
            [
              110.195305,
              -7.450453,
              0.0
            ],
            [
              110.195226,
              -7.450816,
              0.0
            ],
            [
              110.195377,
              -7.450996,
              0.0
            ],
            [
              110.195339,
              -7.451134,
              0.0
            ],
            [
              110.195578,
              -7.451226,
              0.0
            ],
            [
              110.195943,
              -7.451287,
              0.0
            ],
            [
              110.196589,
              -7.451035,
              0.0
            ],
            [
              110.196654,
              -7.451093,
              0.0
            ],
            [
              110.196945,
              -7.451112,
              0.0
            ],
            [
              110.197131,
              -7.450954,
              0.0
            ],
            [
              110.197126,
              -7.450484,
              0.0
            ],
            [
              110.197207,
              -7.450335,
              0.0
            ],
            [
              110.197217,
              -7.449883,
              0.0
            ],
            [
              110.19743,
              -7.449683,
              0.0
            ],
            [
              110.197627,
              -7.449695,
              0.0
            ],
            [
              110.19802,
              -7.449486,
              0.0
            ],
            [
              110.198286,
              -7.449613,
              0.0
            ],
            [
              110.19895,
              -7.449765,
              0.0
            ],
            [
              110.199182,
              -7.449758,
              0.0
            ],
            [
              110.199288,
              -7.449802,
              0.0
            ],
            [
              110.1997,
              -7.449764,
              0.0
            ],
            [
              110.19981,
              -7.449905,
              0.0
            ],
            [
              110.19981,
              -7.450319,
              0.0
            ],
            [
              110.199892,
              -7.450434,
              0.0
            ],
            [
              110.200147,
              -7.450441,
              0.0
            ],
            [
              110.200175,
              -7.450591,
              0.0
            ],
            [
              110.200305,
              -7.45065,
              0.0
            ],
            [
              110.200438,
              -7.450623,
              0.0
            ],
            [
              110.200451,
              -7.450696,
              0.0
            ],
            [
              110.200506,
              -7.450721,
              0.0
            ],
            [
              110.200996,
              -7.450788,
              0.0
            ],
            [
              110.201063,
              -7.45083,
              0.0
            ],
            [
              110.200948,
              -7.450942,
              0.0
            ],
            [
              110.201408,
              -7.451018,
              0.0
            ],
            [
              110.201699,
              -7.451275,
              0.0
            ],
            [
              110.202025,
              -7.451298,
              0.0
            ],
            [
              110.202179,
              -7.451253,
              0.0
            ],
            [
              110.202336,
              -7.451339,
              0.0
            ],
            [
              110.202365,
              -7.45138,
              0.0
            ],
            [
              110.202303,
              -7.451613,
              0.0
            ],
            [
              110.202348,
              -7.451993,
              0.0
            ],
            [
              110.202741,
              -7.451939,
              0.0
            ],
            [
              110.202899,
              -7.451963,
              0.0
            ],
            [
              110.203712,
              -7.451759,
              0.0
            ],
            [
              110.203866,
              -7.451807,
              0.0
            ],
            [
              110.204086,
              -7.451989,
              0.0
            ],
            [
              110.204283,
              -7.451982,
              0.0
            ],
            [
              110.204244,
              -7.452121,
              0.0
            ],
            [
              110.204273,
              -7.452214,
              0.0
            ],
            [
              110.204442,
              -7.452377,
              0.0
            ],
            [
              110.204594,
              -7.452687,
              0.0
            ],
            [
              110.204688,
              -7.452603,
              0.0
            ],
            [
              110.204817,
              -7.452592,
              0.0
            ],
            [
              110.205882,
              -7.452755,
              0.0
            ],
            [
              110.206149,
              -7.452622,
              0.0
            ],
            [
              110.206208,
              -7.451893,
              0.0
            ],
            [
              110.206454,
              -7.450816,
              0.0
            ],
            [
              110.206477,
              -7.450278,
              0.0
            ],
            [
              110.206465,
              -7.450051,
              0.0
            ],
            [
              110.206414,
              -7.450059,
              0.0
            ],
            [
              110.206429,
              -7.449624,
              0.0
            ],
            [
              110.20627,
              -7.449392,
              0.0
            ],
            [
              110.206212,
              -7.449386,
              0.0
            ],
            [
              110.206207,
              -7.449286,
              0.0
            ],
            [
              110.206222,
              -7.449241,
              0.0
            ],
            [
              110.206282,
              -7.449246,
              0.0
            ],
            [
              110.206297,
              -7.44912,
              0.0
            ],
            [
              110.206429,
              -7.449121,
              0.0
            ],
            [
              110.206415,
              -7.448734,
              0.0
            ],
            [
              110.206121,
              -7.447987,
              0.0
            ],
            [
              110.20572,
              -7.447354,
              0.0
            ],
            [
              110.205655,
              -7.447028,
              0.0
            ],
            [
              110.206093,
              -7.447074,
              0.0
            ],
            [
              110.206417,
              -7.447192,
              0.0
            ],
            [
              110.207359,
              -7.447103,
              0.0
            ],
            [
              110.207501,
              -7.447067,
              0.0
            ],
            [
              110.207597,
              -7.446959,
              0.0
            ],
            [
              110.20783,
              -7.446512,
              0.0
            ],
            [
              110.208061,
              -7.44646,
              0.0
            ],
            [
              110.208552,
              -7.446631,
              0.0
            ],
            [
              110.208636,
              -7.446722,
              0.0
            ],
            [
              110.208635,
              -7.446875,
              0.0
            ],
            [
              110.20857,
              -7.446985,
              0.0
            ],
            [
              110.208254,
              -7.447178,
              0.0
            ],
            [
              110.208213,
              -7.447245,
              0.0
            ],
            [
              110.208265,
              -7.447712,
              0.0
            ],
            [
              110.208528,
              -7.448002,
              0.0
            ],
            [
              110.210364,
              -7.447946,
              0.0
            ],
            [
              110.21042,
              -7.447859,
              0.0
            ],
            [
              110.210428,
              -7.447307,
              0.0
            ],
            [
              110.210634,
              -7.447269,
              0.0
            ],
            [
              110.210903,
              -7.447348,
              0.0
            ],
            [
              110.211051,
              -7.447504,
              0.0
            ],
            [
              110.211063,
              -7.447655,
              0.0
            ],
            [
              110.210847,
              -7.447769,
              0.0
            ],
            [
              110.210779,
              -7.447915,
              0.0
            ],
            [
              110.210829,
              -7.448085,
              0.0
            ],
            [
              110.210959,
              -7.448138,
              0.0
            ],
            [
              110.211477,
              -7.44788,
              0.0
            ],
            [
              110.211607,
              -7.447723,
              0.0
            ],
            [
              110.211871,
              -7.447634,
              0.0
            ],
            [
              110.211774,
              -7.446989,
              0.0
            ],
            [
              110.211807,
              -7.446579,
              0.0
            ],
            [
              110.212021,
              -7.446203,
              0.0
            ],
            [
              110.212456,
              -7.445719,
              0.0
            ],
            [
              110.212799,
              -7.44553,
              0.0
            ],
            [
              110.213363,
              -7.445458,
              0.0
            ],
            [
              110.213956,
              -7.445301,
              0.0
            ],
            [
              110.214241,
              -7.44503,
              0.0
            ],
            [
              110.214455,
              -7.44438,
              0.0
            ],
            [
              110.214446,
              -7.443982,
              0.0
            ],
            [
              110.2145,
              -7.44396,
              0.0
            ],
            [
              110.214357,
              -7.443524,
              0.0
            ],
            [
              110.214207,
              -7.44344,
              0.0
            ],
            [
              110.213943,
              -7.443421,
              0.0
            ],
            [
              110.213158,
              -7.443665,
              0.0
            ],
            [
              110.212792,
              -7.4437,
              0.0
            ],
            [
              110.212372,
              -7.443574,
              0.0
            ],
            [
              110.212169,
              -7.443436,
              0.0
            ],
            [
              110.212007,
              -7.443226,
              0.0
            ],
            [
              110.211882,
              -7.442927,
              0.0
            ],
            [
              110.211829,
              -7.442442,
              0.0
            ],
            [
              110.211848,
              -7.442089,
              0.0
            ],
            [
              110.212059,
              -7.441384,
              0.0
            ],
            [
              110.21235,
              -7.440946,
              0.0
            ],
            [
              110.213392,
              -7.439711,
              0.0
            ],
            [
              110.213717,
              -7.439257,
              0.0
            ],
            [
              110.214078,
              -7.438408,
              0.0
            ],
            [
              110.214319,
              -7.437966,
              0.0
            ],
            [
              110.215458,
              -7.436615,
              0.0
            ],
            [
              110.215578,
              -7.436386,
              0.0
            ],
            [
              110.215507,
              -7.435782,
              0.0
            ],
            [
              110.215128,
              -7.434609,
              0.0
            ],
            [
              110.215374,
              -7.433765,
              0.0
            ],
            [
              110.215123,
              -7.433354,
              0.0
            ],
            [
              110.214564,
              -7.432895,
              0.0
            ],
            [
              110.214327,
              -7.432527,
              0.0
            ],
            [
              110.213934,
              -7.432207,
              0.0
            ],
            [
              110.213879,
              -7.432075,
              0.0
            ],
            [
              110.213897,
              -7.431766,
              0.0
            ],
            [
              110.212963,
              -7.431514,
              0.0
            ],
            [
              110.212802,
              -7.431529,
              0.0
            ],
            [
              110.212521,
              -7.431739,
              0.0
            ],
            [
              110.212441,
              -7.431731,
              0.0
            ],
            [
              110.212349,
              -7.431649,
              0.0
            ],
            [
              110.212181,
              -7.431373,
              0.0
            ],
            [
              110.21216,
              -7.431241,
              0.0
            ],
            [
              110.212157,
              -7.430684,
              0.0
            ],
            [
              110.212238,
              -7.430356,
              0.0
            ],
            [
              110.211437,
              -7.430202,
              0.0
            ],
            [
              110.211379,
              -7.430073,
              0.0
            ],
            [
              110.211431,
              -7.429897,
              0.0
            ],
            [
              110.211343,
              -7.429757,
              0.0
            ],
            [
              110.211046,
              -7.429634,
              0.0
            ],
            [
              110.21082,
              -7.429688,
              0.0
            ],
            [
              110.210417,
              -7.429922,
              0.0
            ],
            [
              110.210085,
              -7.430046,
              0.0
            ],
            [
              110.209365,
              -7.430033,
              0.0
            ],
            [
              110.209274,
              -7.429961,
              0.0
            ],
            [
              110.209224,
              -7.429779,
              0.0
            ],
            [
              110.209238,
              -7.429421,
              0.0
            ],
            [
              110.209356,
              -7.428956,
              0.0
            ],
            [
              110.209193,
              -7.428758,
              0.0
            ],
            [
              110.208682,
              -7.428434,
              0.0
            ],
            [
              110.208509,
              -7.428401,
              0.0
            ],
            [
              110.208296,
              -7.42846,
              0.0
            ],
            [
              110.208102,
              -7.428419,
              0.0
            ],
            [
              110.207977,
              -7.428025,
              0.0
            ],
            [
              110.207546,
              -7.427635,
              0.0
            ],
            [
              110.20737,
              -7.427579,
              0.0
            ],
            [
              110.206859,
              -7.427549,
              0.0
            ],
            [
              110.206568,
              -7.427352,
              0.0
            ],
            [
              110.206302,
              -7.42737,
              0.0
            ],
            [
              110.205864,
              -7.427544,
              0.0
            ],
            [
              110.205665,
              -7.427522,
              0.0
            ],
            [
              110.205513,
              -7.427409,
              0.0
            ],
            [
              110.205209,
              -7.427033,
              0.0
            ],
            [
              110.205112,
              -7.426735,
              0.0
            ],
            [
              110.205118,
              -7.426338,
              0.0
            ],
            [
              110.205067,
              -7.426181,
              0.0
            ],
            [
              110.204956,
              -7.426064,
              0.0
            ],
            [
              110.20481,
              -7.426033,
              0.0
            ],
            [
              110.204623,
              -7.426456,
              0.0
            ],
            [
              110.204489,
              -7.42646,
              0.0
            ],
            [
              110.204366,
              -7.426421,
              0.0
            ],
            [
              110.2042,
              -7.426237,
              0.0
            ],
            [
              110.20401,
              -7.4258,
              0.0
            ],
            [
              110.203916,
              -7.425815,
              0.0
            ],
            [
              110.203649,
              -7.426192,
              0.0
            ],
            [
              110.203496,
              -7.426142,
              0.0
            ],
            [
              110.20322,
              -7.425875,
              0.0
            ],
            [
              110.203205,
              -7.425597,
              0.0
            ]
          ]
        ]
      }
    },
    {
      "type": "Feature",
      "id": "3308142002",
      "properties": {
        "id": "3308142002",
        "name": "Salamkanci",
        "slug": "salamkanci",
        "district": "Bandongan",
        "sourceCode": "33.08.14.2002",
        "sourceStatus": "Batas Indikatif",
        "boundarySource": "BIG"
      },
      "geometry": {
        "type": "Polygon",
        "coordinates": [
          [
            [
              110.192638,
              -7.49567,
              0.0
            ],
            [
              110.19258,
              -7.494844,
              0.0
            ],
            [
              110.192298,
              -7.494483,
              0.0
            ],
            [
              110.191925,
              -7.494172,
              0.0
            ],
            [
              110.191833,
              -7.493942,
              0.0
            ],
            [
              110.191984,
              -7.492501,
              0.0
            ],
            [
              110.192079,
              -7.492193,
              0.0
            ],
            [
              110.192079,
              -7.491889,
              0.0
            ],
            [
              110.191866,
              -7.491791,
              0.0
            ],
            [
              110.19142,
              -7.491816,
              0.0
            ],
            [
              110.191156,
              -7.491778,
              0.0
            ],
            [
              110.190305,
              -7.491306,
              0.0
            ],
            [
              110.190141,
              -7.491169,
              0.0
            ],
            [
              110.189962,
              -7.490845,
              0.0
            ],
            [
              110.190137,
              -7.490268,
              0.0
            ],
            [
              110.190118,
              -7.49008,
              0.0
            ],
            [
              110.19001,
              -7.489849,
              0.0
            ],
            [
              110.189599,
              -7.489511,
              0.0
            ],
            [
              110.188976,
              -7.488829,
              0.0
            ],
            [
              110.188719,
              -7.48865,
              0.0
            ],
            [
              110.188441,
              -7.488603,
              0.0
            ],
            [
              110.187961,
              -7.488658,
              0.0
            ],
            [
              110.187724,
              -7.488587,
              0.0
            ],
            [
              110.187642,
              -7.488323,
              0.0
            ],
            [
              110.187604,
              -7.487803,
              0.0
            ],
            [
              110.187278,
              -7.48742,
              0.0
            ],
            [
              110.186781,
              -7.486979,
              0.0
            ],
            [
              110.186412,
              -7.486811,
              0.0
            ],
            [
              110.18613,
              -7.486819,
              0.0
            ],
            [
              110.185997,
              -7.486857,
              0.0
            ],
            [
              110.185646,
              -7.487116,
              0.0
            ],
            [
              110.185395,
              -7.487101,
              0.0
            ],
            [
              110.184019,
              -7.48617,
              0.0
            ],
            [
              110.18352,
              -7.485927,
              0.0
            ],
            [
              110.18332,
              -7.485888,
              0.0
            ],
            [
              110.182825,
              -7.485906,
              0.0
            ],
            [
              110.182488,
              -7.485791,
              0.0
            ],
            [
              110.182278,
              -7.485661,
              0.0
            ],
            [
              110.181917,
              -7.485319,
              0.0
            ],
            [
              110.181755,
              -7.484383,
              0.0
            ],
            [
              110.18158,
              -7.483972,
              0.0
            ],
            [
              110.181465,
              -7.483947,
              0.0
            ],
            [
              110.181241,
              -7.483989,
              0.0
            ],
            [
              110.180861,
              -7.484144,
              0.0
            ],
            [
              110.180673,
              -7.484286,
              0.0
            ],
            [
              110.180601,
              -7.484284,
              0.0
            ],
            [
              110.180462,
              -7.484062,
              0.0
            ],
            [
              110.180492,
              -7.483418,
              0.0
            ],
            [
              110.180427,
              -7.483285,
              0.0
            ],
            [
              110.18024,
              -7.483169,
              0.0
            ],
            [
              110.179871,
              -7.483143,
              0.0
            ],
            [
              110.180021,
              -7.484343,
              0.0
            ],
            [
              110.180119,
              -7.484462,
              0.0
            ],
            [
              110.180344,
              -7.484593,
              0.0
            ],
            [
              110.180938,
              -7.484675,
              0.0
            ],
            [
              110.180443,
              -7.484755,
              0.0
            ],
            [
              110.180243,
              -7.484653,
              0.0
            ],
            [
              110.180039,
              -7.484628,
              0.0
            ],
            [
              110.179785,
              -7.484491,
              0.0
            ],
            [
              110.178701,
              -7.484196,
              0.0
            ],
            [
              110.17812,
              -7.483914,
              0.0
            ],
            [
              110.177838,
              -7.483889,
              0.0
            ],
            [
              110.177595,
              -7.483937,
              0.0
            ],
            [
              110.17693,
              -7.483941,
              0.0
            ],
            [
              110.175295,
              -7.484357,
              0.0
            ],
            [
              110.174055,
              -7.484538,
              0.0
            ],
            [
              110.174009,
              -7.484792,
              0.0
            ],
            [
              110.173803,
              -7.484998,
              0.0
            ],
            [
              110.173721,
              -7.485309,
              0.0
            ],
            [
              110.173667,
              -7.485348,
              0.0
            ],
            [
              110.172951,
              -7.485152,
              0.0
            ],
            [
              110.172799,
              -7.485149,
              0.0
            ],
            [
              110.172085,
              -7.485264,
              0.0
            ],
            [
              110.171493,
              -7.485177,
              0.0
            ],
            [
              110.170972,
              -7.485355,
              0.0
            ],
            [
              110.170801,
              -7.48546,
              0.0
            ],
            [
              110.170491,
              -7.485784,
              0.0
            ],
            [
              110.170366,
              -7.486007,
              0.0
            ],
            [
              110.170142,
              -7.486822,
              0.0
            ],
            [
              110.169545,
              -7.48739,
              0.0
            ],
            [
              110.168672,
              -7.488412,
              0.0
            ],
            [
              110.168377,
              -7.489013,
              0.0
            ],
            [
              110.168427,
              -7.489439,
              0.0
            ],
            [
              110.16878,
              -7.490344,
              0.0
            ],
            [
              110.169034,
              -7.490532,
              0.0
            ],
            [
              110.169441,
              -7.490733,
              0.0
            ],
            [
              110.169833,
              -7.491457,
              0.0
            ],
            [
              110.170039,
              -7.49174,
              0.0
            ],
            [
              110.170264,
              -7.491903,
              0.0
            ],
            [
              110.17048,
              -7.491965,
              0.0
            ],
            [
              110.171546,
              -7.492727,
              0.0
            ],
            [
              110.172125,
              -7.492756,
              0.0
            ],
            [
              110.172265,
              -7.49303,
              0.0
            ],
            [
              110.172615,
              -7.4934,
              0.0
            ],
            [
              110.173148,
              -7.49334,
              0.0
            ],
            [
              110.173529,
              -7.493402,
              0.0
            ],
            [
              110.173729,
              -7.493556,
              0.0
            ],
            [
              110.173944,
              -7.493832,
              0.0
            ],
            [
              110.17418,
              -7.493949,
              0.0
            ],
            [
              110.174335,
              -7.494448,
              0.0
            ],
            [
              110.17444,
              -7.494622,
              0.0
            ],
            [
              110.174431,
              -7.494739,
              0.0
            ],
            [
              110.174586,
              -7.495342,
              0.0
            ],
            [
              110.174988,
              -7.495531,
              0.0
            ],
            [
              110.174939,
              -7.495887,
              0.0
            ],
            [
              110.175301,
              -7.496049,
              0.0
            ],
            [
              110.175503,
              -7.496632,
              0.0
            ],
            [
              110.175564,
              -7.496999,
              0.0
            ],
            [
              110.175552,
              -7.497219,
              0.0
            ],
            [
              110.175473,
              -7.497293,
              0.0
            ],
            [
              110.175283,
              -7.497885,
              0.0
            ],
            [
              110.175578,
              -7.497996,
              0.0
            ],
            [
              110.175566,
              -7.4982,
              0.0
            ],
            [
              110.175234,
              -7.49834,
              0.0
            ],
            [
              110.174984,
              -7.498584,
              0.0
            ],
            [
              110.175176,
              -7.498633,
              0.0
            ],
            [
              110.175458,
              -7.498557,
              0.0
            ],
            [
              110.175614,
              -7.498464,
              0.0
            ],
            [
              110.175875,
              -7.498149,
              0.0
            ],
            [
              110.176003,
              -7.49807,
              0.0
            ],
            [
              110.176589,
              -7.498033,
              0.0
            ],
            [
              110.176516,
              -7.498352,
              0.0
            ],
            [
              110.176543,
              -7.498633,
              0.0
            ],
            [
              110.176668,
              -7.499054,
              0.0
            ],
            [
              110.177154,
              -7.499918,
              0.0
            ],
            [
              110.177235,
              -7.500532,
              0.0
            ],
            [
              110.177316,
              -7.500666,
              0.0
            ],
            [
              110.177468,
              -7.500581,
              0.0
            ],
            [
              110.177624,
              -7.500314,
              0.0
            ],
            [
              110.177866,
              -7.500113,
              0.0
            ],
            [
              110.178112,
              -7.50006,
              0.0
            ],
            [
              110.178399,
              -7.500124,
              0.0
            ],
            [
              110.178621,
              -7.499973,
              0.0
            ],
            [
              110.178823,
              -7.499941,
              0.0
            ],
            [
              110.179003,
              -7.49995,
              0.0
            ],
            [
              110.179176,
              -7.500033,
              0.0
            ],
            [
              110.179205,
              -7.499957,
              0.0
            ],
            [
              110.179128,
              -7.499662,
              0.0
            ],
            [
              110.179171,
              -7.49965,
              0.0
            ],
            [
              110.179499,
              -7.499708,
              0.0
            ],
            [
              110.179661,
              -7.500036,
              0.0
            ],
            [
              110.179684,
              -7.500222,
              0.0
            ],
            [
              110.180153,
              -7.500388,
              0.0
            ],
            [
              110.180421,
              -7.500437,
              0.0
            ],
            [
              110.181006,
              -7.500261,
              0.0
            ],
            [
              110.181294,
              -7.500453,
              0.0
            ],
            [
              110.181861,
              -7.500454,
              0.0
            ],
            [
              110.182027,
              -7.500411,
              0.0
            ],
            [
              110.182093,
              -7.499715,
              0.0
            ],
            [
              110.182367,
              -7.498969,
              0.0
            ],
            [
              110.182627,
              -7.498553,
              0.0
            ],
            [
              110.183031,
              -7.498137,
              0.0
            ],
            [
              110.183667,
              -7.497929,
              0.0
            ],
            [
              110.183775,
              -7.497917,
              0.0
            ],
            [
              110.184104,
              -7.49807,
              0.0
            ],
            [
              110.184353,
              -7.498086,
              0.0
            ],
            [
              110.184761,
              -7.498293,
              0.0
            ],
            [
              110.185036,
              -7.498535,
              0.0
            ],
            [
              110.185144,
              -7.498528,
              0.0
            ],
            [
              110.185319,
              -7.498346,
              0.0
            ],
            [
              110.185892,
              -7.498249,
              0.0
            ],
            [
              110.18594,
              -7.498247,
              0.0
            ],
            [
              110.18598,
              -7.498317,
              0.0
            ],
            [
              110.186482,
              -7.498378,
              0.0
            ],
            [
              110.186916,
              -7.498603,
              0.0
            ],
            [
              110.187126,
              -7.498887,
              0.0
            ],
            [
              110.187569,
              -7.499283,
              0.0
            ],
            [
              110.187718,
              -7.499505,
              0.0
            ],
            [
              110.187931,
              -7.499475,
              0.0
            ],
            [
              110.18812,
              -7.499404,
              0.0
            ],
            [
              110.188414,
              -7.499113,
              0.0
            ],
            [
              110.188706,
              -7.498945,
              0.0
            ],
            [
              110.189465,
              -7.498853,
              0.0
            ],
            [
              110.189847,
              -7.498676,
              0.0
            ],
            [
              110.190075,
              -7.498385,
              0.0
            ],
            [
              110.190289,
              -7.49823,
              0.0
            ],
            [
              110.190661,
              -7.497769,
              0.0
            ],
            [
              110.191088,
              -7.497063,
              0.0
            ],
            [
              110.192638,
              -7.49567,
              0.0
            ]
          ]
        ]
      }
    },
    {
      "type": "Feature",
      "id": "3308142006",
      "properties": {
        "id": "3308142006",
        "name": "Sidorejo",
        "slug": "sidorejo",
        "district": "Bandongan",
        "sourceCode": "33.08.14.2006",
        "sourceStatus": "Batas Indikatif",
        "boundarySource": "BIG"
      },
      "geometry": {
        "type": "Polygon",
        "coordinates": [
          [
            [
              110.211871,
              -7.447634,
              0.0
            ],
            [
              110.211607,
              -7.447723,
              0.0
            ],
            [
              110.211477,
              -7.44788,
              0.0
            ],
            [
              110.211196,
              -7.448033,
              0.0
            ],
            [
              110.210887,
              -7.448131,
              0.0
            ],
            [
              110.210813,
              -7.448054,
              0.0
            ],
            [
              110.210779,
              -7.447915,
              0.0
            ],
            [
              110.210847,
              -7.447769,
              0.0
            ],
            [
              110.211063,
              -7.447655,
              0.0
            ],
            [
              110.211051,
              -7.447504,
              0.0
            ],
            [
              110.210903,
              -7.447348,
              0.0
            ],
            [
              110.210555,
              -7.447271,
              0.0
            ],
            [
              110.210428,
              -7.447307,
              0.0
            ],
            [
              110.210413,
              -7.447355,
              0.0
            ],
            [
              110.21042,
              -7.447859,
              0.0
            ],
            [
              110.210364,
              -7.447946,
              0.0
            ],
            [
              110.208528,
              -7.448002,
              0.0
            ],
            [
              110.208265,
              -7.447712,
              0.0
            ],
            [
              110.208213,
              -7.447245,
              0.0
            ],
            [
              110.208254,
              -7.447178,
              0.0
            ],
            [
              110.20857,
              -7.446985,
              0.0
            ],
            [
              110.208635,
              -7.446875,
              0.0
            ],
            [
              110.208636,
              -7.446722,
              0.0
            ],
            [
              110.208552,
              -7.446631,
              0.0
            ],
            [
              110.208061,
              -7.44646,
              0.0
            ],
            [
              110.20783,
              -7.446512,
              0.0
            ],
            [
              110.207597,
              -7.446959,
              0.0
            ],
            [
              110.207501,
              -7.447067,
              0.0
            ],
            [
              110.207359,
              -7.447103,
              0.0
            ],
            [
              110.206417,
              -7.447192,
              0.0
            ],
            [
              110.206093,
              -7.447074,
              0.0
            ],
            [
              110.205655,
              -7.447028,
              0.0
            ],
            [
              110.20572,
              -7.447354,
              0.0
            ],
            [
              110.206121,
              -7.447987,
              0.0
            ],
            [
              110.206415,
              -7.448734,
              0.0
            ],
            [
              110.206429,
              -7.449121,
              0.0
            ],
            [
              110.206297,
              -7.44912,
              0.0
            ],
            [
              110.206282,
              -7.449246,
              0.0
            ],
            [
              110.206222,
              -7.449241,
              0.0
            ],
            [
              110.206207,
              -7.449286,
              0.0
            ],
            [
              110.206212,
              -7.449386,
              0.0
            ],
            [
              110.20627,
              -7.449392,
              0.0
            ],
            [
              110.206429,
              -7.449624,
              0.0
            ],
            [
              110.206414,
              -7.450059,
              0.0
            ],
            [
              110.206465,
              -7.450051,
              0.0
            ],
            [
              110.206477,
              -7.450278,
              0.0
            ],
            [
              110.206454,
              -7.450816,
              0.0
            ],
            [
              110.206208,
              -7.451893,
              0.0
            ],
            [
              110.206149,
              -7.452622,
              0.0
            ],
            [
              110.205882,
              -7.452755,
              0.0
            ],
            [
              110.204817,
              -7.452592,
              0.0
            ],
            [
              110.204688,
              -7.452603,
              0.0
            ],
            [
              110.204594,
              -7.452687,
              0.0
            ],
            [
              110.204442,
              -7.452377,
              0.0
            ],
            [
              110.204273,
              -7.452214,
              0.0
            ],
            [
              110.204244,
              -7.452121,
              0.0
            ],
            [
              110.204283,
              -7.451982,
              0.0
            ],
            [
              110.204086,
              -7.451989,
              0.0
            ],
            [
              110.203866,
              -7.451807,
              0.0
            ],
            [
              110.203712,
              -7.451759,
              0.0
            ],
            [
              110.202899,
              -7.451963,
              0.0
            ],
            [
              110.202741,
              -7.451939,
              0.0
            ],
            [
              110.202348,
              -7.451993,
              0.0
            ],
            [
              110.202303,
              -7.451613,
              0.0
            ],
            [
              110.202365,
              -7.45138,
              0.0
            ],
            [
              110.202336,
              -7.451339,
              0.0
            ],
            [
              110.202179,
              -7.451253,
              0.0
            ],
            [
              110.202025,
              -7.451298,
              0.0
            ],
            [
              110.201699,
              -7.451275,
              0.0
            ],
            [
              110.201408,
              -7.451018,
              0.0
            ],
            [
              110.200948,
              -7.450942,
              0.0
            ],
            [
              110.201063,
              -7.45083,
              0.0
            ],
            [
              110.200996,
              -7.450788,
              0.0
            ],
            [
              110.200506,
              -7.450721,
              0.0
            ],
            [
              110.200451,
              -7.450696,
              0.0
            ],
            [
              110.200438,
              -7.450623,
              0.0
            ],
            [
              110.200305,
              -7.45065,
              0.0
            ],
            [
              110.200175,
              -7.450591,
              0.0
            ],
            [
              110.200147,
              -7.450441,
              0.0
            ],
            [
              110.199892,
              -7.450434,
              0.0
            ],
            [
              110.19981,
              -7.450319,
              0.0
            ],
            [
              110.19981,
              -7.449905,
              0.0
            ],
            [
              110.1997,
              -7.449764,
              0.0
            ],
            [
              110.199288,
              -7.449802,
              0.0
            ],
            [
              110.199182,
              -7.449758,
              0.0
            ],
            [
              110.19895,
              -7.449765,
              0.0
            ],
            [
              110.198286,
              -7.449613,
              0.0
            ],
            [
              110.19802,
              -7.449486,
              0.0
            ],
            [
              110.197627,
              -7.449695,
              0.0
            ],
            [
              110.19743,
              -7.449683,
              0.0
            ],
            [
              110.197217,
              -7.449883,
              0.0
            ],
            [
              110.197207,
              -7.450335,
              0.0
            ],
            [
              110.197126,
              -7.450484,
              0.0
            ],
            [
              110.197131,
              -7.450954,
              0.0
            ],
            [
              110.197059,
              -7.451034,
              0.0
            ],
            [
              110.196945,
              -7.451112,
              0.0
            ],
            [
              110.196654,
              -7.451093,
              0.0
            ],
            [
              110.196589,
              -7.451035,
              0.0
            ],
            [
              110.195943,
              -7.451287,
              0.0
            ],
            [
              110.195578,
              -7.451226,
              0.0
            ],
            [
              110.195339,
              -7.451134,
              0.0
            ],
            [
              110.195295,
              -7.451213,
              0.0
            ],
            [
              110.19489,
              -7.451325,
              0.0
            ],
            [
              110.194615,
              -7.451466,
              0.0
            ],
            [
              110.194321,
              -7.451529,
              0.0
            ],
            [
              110.193987,
              -7.451737,
              0.0
            ],
            [
              110.193855,
              -7.45174,
              0.0
            ],
            [
              110.193469,
              -7.451902,
              0.0
            ],
            [
              110.193379,
              -7.452042,
              0.0
            ],
            [
              110.193505,
              -7.452112,
              0.0
            ],
            [
              110.193633,
              -7.452637,
              0.0
            ],
            [
              110.193815,
              -7.452879,
              0.0
            ],
            [
              110.193773,
              -7.453046,
              0.0
            ],
            [
              110.193697,
              -7.453079,
              0.0
            ],
            [
              110.193722,
              -7.453358,
              0.0
            ],
            [
              110.193642,
              -7.453425,
              0.0
            ],
            [
              110.193541,
              -7.453178,
              0.0
            ],
            [
              110.192792,
              -7.452595,
              0.0
            ],
            [
              110.192631,
              -7.452712,
              0.0
            ],
            [
              110.192629,
              -7.452822,
              0.0
            ],
            [
              110.192489,
              -7.453011,
              0.0
            ],
            [
              110.192379,
              -7.453315,
              0.0
            ],
            [
              110.192471,
              -7.453617,
              0.0
            ],
            [
              110.192443,
              -7.453666,
              0.0
            ],
            [
              110.192315,
              -7.453683,
              0.0
            ],
            [
              110.192103,
              -7.454012,
              0.0
            ],
            [
              110.191345,
              -7.454085,
              0.0
            ],
            [
              110.191159,
              -7.454154,
              0.0
            ],
            [
              110.191051,
              -7.454261,
              0.0
            ],
            [
              110.191047,
              -7.454614,
              0.0
            ],
            [
              110.190905,
              -7.454961,
              0.0
            ],
            [
              110.190731,
              -7.455197,
              0.0
            ],
            [
              110.190734,
              -7.455347,
              0.0
            ],
            [
              110.190625,
              -7.455735,
              0.0
            ],
            [
              110.190705,
              -7.456127,
              0.0
            ],
            [
              110.190455,
              -7.45645,
              0.0
            ],
            [
              110.190419,
              -7.456681,
              0.0
            ],
            [
              110.190497,
              -7.456879,
              0.0
            ],
            [
              110.190451,
              -7.457088,
              0.0
            ],
            [
              110.190351,
              -7.457004,
              0.0
            ],
            [
              110.190157,
              -7.457197,
              0.0
            ],
            [
              110.19006,
              -7.45721,
              0.0
            ],
            [
              110.189901,
              -7.457121,
              0.0
            ],
            [
              110.189673,
              -7.4571,
              0.0
            ],
            [
              110.189603,
              -7.456871,
              0.0
            ],
            [
              110.189165,
              -7.456975,
              0.0
            ],
            [
              110.189008,
              -7.45682,
              0.0
            ],
            [
              110.188685,
              -7.456633,
              0.0
            ],
            [
              110.188537,
              -7.45668,
              0.0
            ],
            [
              110.188465,
              -7.456625,
              0.0
            ],
            [
              110.188357,
              -7.456656,
              0.0
            ],
            [
              110.188445,
              -7.456857,
              0.0
            ],
            [
              110.188479,
              -7.457307,
              0.0
            ],
            [
              110.188385,
              -7.457422,
              0.0
            ],
            [
              110.18843,
              -7.457603,
              0.0
            ],
            [
              110.188302,
              -7.457774,
              0.0
            ],
            [
              110.188285,
              -7.457958,
              0.0
            ],
            [
              110.188297,
              -7.458049,
              0.0
            ],
            [
              110.188393,
              -7.458164,
              0.0
            ],
            [
              110.188508,
              -7.4582,
              0.0
            ],
            [
              110.188523,
              -7.458359,
              0.0
            ],
            [
              110.188192,
              -7.458768,
              0.0
            ],
            [
              110.188052,
              -7.459044,
              0.0
            ],
            [
              110.18801,
              -7.459238,
              0.0
            ],
            [
              110.186899,
              -7.459386,
              0.0
            ],
            [
              110.18658,
              -7.459306,
              0.0
            ],
            [
              110.186278,
              -7.459137,
              0.0
            ],
            [
              110.186155,
              -7.45914,
              0.0
            ],
            [
              110.185779,
              -7.459188,
              0.0
            ],
            [
              110.185448,
              -7.459398,
              0.0
            ],
            [
              110.185211,
              -7.459367,
              0.0
            ],
            [
              110.184932,
              -7.459456,
              0.0
            ],
            [
              110.184265,
              -7.45953,
              0.0
            ],
            [
              110.184618,
              -7.459649,
              0.0
            ],
            [
              110.185221,
              -7.459763,
              0.0
            ],
            [
              110.185402,
              -7.459743,
              0.0
            ],
            [
              110.185903,
              -7.45954,
              0.0
            ],
            [
              110.18661,
              -7.459414,
              0.0
            ],
            [
              110.187093,
              -7.459617,
              0.0
            ],
            [
              110.187506,
              -7.459933,
              0.0
            ],
            [
              110.187803,
              -7.459954,
              0.0
            ],
            [
              110.188115,
              -7.459845,
              0.0
            ],
            [
              110.188511,
              -7.45956,
              0.0
            ],
            [
              110.189313,
              -7.459243,
              0.0
            ],
            [
              110.189603,
              -7.459198,
              0.0
            ],
            [
              110.189855,
              -7.459286,
              0.0
            ],
            [
              110.190278,
              -7.459568,
              0.0
            ],
            [
              110.190599,
              -7.459654,
              0.0
            ],
            [
              110.190896,
              -7.459652,
              0.0
            ],
            [
              110.191223,
              -7.4596,
              0.0
            ],
            [
              110.191482,
              -7.459484,
              0.0
            ],
            [
              110.191942,
              -7.459068,
              0.0
            ],
            [
              110.192157,
              -7.458707,
              0.0
            ],
            [
              110.192421,
              -7.458561,
              0.0
            ],
            [
              110.19258,
              -7.458533,
              0.0
            ],
            [
              110.193172,
              -7.458608,
              0.0
            ],
            [
              110.193517,
              -7.458352,
              0.0
            ],
            [
              110.193937,
              -7.458229,
              0.0
            ],
            [
              110.194009,
              -7.458068,
              0.0
            ],
            [
              110.194112,
              -7.458004,
              0.0
            ],
            [
              110.194561,
              -7.457873,
              0.0
            ],
            [
              110.194856,
              -7.457713,
              0.0
            ],
            [
              110.195326,
              -7.457824,
              0.0
            ],
            [
              110.195827,
              -7.457796,
              0.0
            ],
            [
              110.195966,
              -7.457746,
              0.0
            ],
            [
              110.196138,
              -7.457811,
              0.0
            ],
            [
              110.196239,
              -7.45807,
              0.0
            ],
            [
              110.196424,
              -7.457941,
              0.0
            ],
            [
              110.196714,
              -7.457918,
              0.0
            ],
            [
              110.196982,
              -7.458696,
              0.0
            ],
            [
              110.197258,
              -7.458531,
              0.0
            ],
            [
              110.197995,
              -7.458536,
              0.0
            ],
            [
              110.198117,
              -7.458566,
              0.0
            ],
            [
              110.198202,
              -7.458689,
              0.0
            ],
            [
              110.198245,
              -7.459006,
              0.0
            ],
            [
              110.198661,
              -7.458951,
              0.0
            ],
            [
              110.198895,
              -7.459038,
              0.0
            ],
            [
              110.199079,
              -7.45904,
              0.0
            ],
            [
              110.199391,
              -7.458873,
              0.0
            ],
            [
              110.199583,
              -7.458885,
              0.0
            ],
            [
              110.199741,
              -7.458979,
              0.0
            ],
            [
              110.199806,
              -7.459184,
              0.0
            ],
            [
              110.199886,
              -7.459249,
              0.0
            ],
            [
              110.200441,
              -7.459208,
              0.0
            ],
            [
              110.200786,
              -7.459392,
              0.0
            ],
            [
              110.200975,
              -7.459595,
              0.0
            ],
            [
              110.201115,
              -7.459672,
              0.0
            ],
            [
              110.201288,
              -7.45965,
              0.0
            ],
            [
              110.201617,
              -7.459704,
              0.0
            ],
            [
              110.201815,
              -7.459796,
              0.0
            ],
            [
              110.201974,
              -7.460058,
              0.0
            ],
            [
              110.202034,
              -7.4603,
              0.0
            ],
            [
              110.202158,
              -7.460373,
              0.0
            ],
            [
              110.202151,
              -7.460469,
              0.0
            ],
            [
              110.202112,
              -7.460519,
              0.0
            ],
            [
              110.201716,
              -7.460578,
              0.0
            ],
            [
              110.20169,
              -7.460633,
              0.0
            ],
            [
              110.201888,
              -7.460923,
              0.0
            ],
            [
              110.20207,
              -7.460961,
              0.0
            ],
            [
              110.202225,
              -7.461076,
              0.0
            ],
            [
              110.202285,
              -7.46156,
              0.0
            ],
            [
              110.202418,
              -7.46174,
              0.0
            ],
            [
              110.20253,
              -7.461741,
              0.0
            ],
            [
              110.203687,
              -7.461373,
              0.0
            ],
            [
              110.204143,
              -7.461432,
              0.0
            ],
            [
              110.204114,
              -7.461632,
              0.0
            ],
            [
              110.204006,
              -7.461804,
              0.0
            ],
            [
              110.204197,
              -7.461934,
              0.0
            ],
            [
              110.204353,
              -7.461879,
              0.0
            ],
            [
              110.204548,
              -7.462013,
              0.0
            ],
            [
              110.204556,
              -7.462128,
              0.0
            ],
            [
              110.20464,
              -7.462206,
              0.0
            ],
            [
              110.204672,
              -7.46238,
              0.0
            ],
            [
              110.204744,
              -7.462456,
              0.0
            ],
            [
              110.205094,
              -7.462557,
              0.0
            ],
            [
              110.205201,
              -7.462698,
              0.0
            ],
            [
              110.205526,
              -7.462793,
              0.0
            ],
            [
              110.206307,
              -7.46266,
              0.0
            ],
            [
              110.206736,
              -7.462804,
              0.0
            ],
            [
              110.20702,
              -7.462819,
              0.0
            ],
            [
              110.207473,
              -7.462709,
              0.0
            ],
            [
              110.207836,
              -7.462547,
              0.0
            ],
            [
              110.207992,
              -7.462547,
              0.0
            ],
            [
              110.208389,
              -7.462801,
              0.0
            ],
            [
              110.208639,
              -7.46284,
              0.0
            ],
            [
              110.208904,
              -7.463047,
              0.0
            ],
            [
              110.209209,
              -7.46311,
              0.0
            ],
            [
              110.209233,
              -7.463404,
              0.0
            ],
            [
              110.209388,
              -7.463613,
              0.0
            ],
            [
              110.209447,
              -7.46382,
              0.0
            ],
            [
              110.209629,
              -7.463826,
              0.0
            ],
            [
              110.20974,
              -7.463967,
              0.0
            ],
            [
              110.209817,
              -7.464336,
              0.0
            ],
            [
              110.209889,
              -7.46447,
              0.0
            ],
            [
              110.209871,
              -7.464699,
              0.0
            ],
            [
              110.2104,
              -7.46476,
              0.0
            ],
            [
              110.21042,
              -7.464852,
              0.0
            ],
            [
              110.211023,
              -7.464763,
              0.0
            ],
            [
              110.211168,
              -7.464699,
              0.0
            ],
            [
              110.211361,
              -7.463128,
              0.0
            ],
            [
              110.211561,
              -7.462649,
              0.0
            ],
            [
              110.211836,
              -7.462322,
              0.0
            ],
            [
              110.211836,
              -7.461813,
              0.0
            ],
            [
              110.211736,
              -7.461551,
              0.0
            ],
            [
              110.211641,
              -7.461451,
              0.0
            ],
            [
              110.210451,
              -7.460756,
              0.0
            ],
            [
              110.210146,
              -7.46048,
              0.0
            ],
            [
              110.209975,
              -7.460218,
              0.0
            ],
            [
              110.210003,
              -7.459785,
              0.0
            ],
            [
              110.210146,
              -7.459428,
              0.0
            ],
            [
              110.211802,
              -7.45634,
              0.0
            ],
            [
              110.212183,
              -7.455455,
              0.0
            ],
            [
              110.212212,
              -7.455241,
              0.0
            ],
            [
              110.211669,
              -7.453737,
              0.0
            ],
            [
              110.211655,
              -7.453404,
              0.0
            ],
            [
              110.211721,
              -7.453166,
              0.0
            ],
            [
              110.211893,
              -7.45298,
              0.0
            ],
            [
              110.212564,
              -7.452661,
              0.0
            ],
            [
              110.213106,
              -7.452323,
              0.0
            ],
            [
              110.21353,
              -7.451947,
              0.0
            ],
            [
              110.213725,
              -7.451719,
              0.0
            ],
            [
              110.213925,
              -7.451357,
              0.0
            ],
            [
              110.214034,
              -7.451077,
              0.0
            ],
            [
              110.214063,
              -7.450791,
              0.0
            ],
            [
              110.214015,
              -7.450572,
              0.0
            ],
            [
              110.213868,
              -7.450277,
              0.0
            ],
            [
              110.213135,
              -7.449416,
              0.0
            ],
            [
              110.21195,
              -7.447841,
              0.0
            ],
            [
              110.211871,
              -7.447634,
              0.0
            ]
          ]
        ]
      }
    },
    {
      "type": "Feature",
      "id": "3308142010",
      "properties": {
        "id": "3308142010",
        "name": "Sukodadi",
        "slug": "sukodadi",
        "district": "Bandongan",
        "sourceCode": "33.08.14.2010",
        "sourceStatus": "Batas Indikatif",
        "boundarySource": "BIG"
      },
      "geometry": {
        "type": "Polygon",
        "coordinates": [
          [
            [
              110.176121,
              -7.471775,
              0.0
            ],
            [
              110.175972,
              -7.471476,
              0.0
            ],
            [
              110.175331,
              -7.471101,
              0.0
            ],
            [
              110.174638,
              -7.470534,
              0.0
            ],
            [
              110.174301,
              -7.470167,
              0.0
            ],
            [
              110.174024,
              -7.470159,
              0.0
            ],
            [
              110.173833,
              -7.470098,
              0.0
            ],
            [
              110.173553,
              -7.46981,
              0.0
            ],
            [
              110.173281,
              -7.46935,
              0.0
            ],
            [
              110.17308,
              -7.469236,
              0.0
            ],
            [
              110.172618,
              -7.469099,
              0.0
            ],
            [
              110.172347,
              -7.468926,
              0.0
            ],
            [
              110.172171,
              -7.468722,
              0.0
            ],
            [
              110.170909,
              -7.468041,
              0.0
            ],
            [
              110.170381,
              -7.467559,
              0.0
            ],
            [
              110.169522,
              -7.466973,
              0.0
            ],
            [
              110.168889,
              -7.466392,
              0.0
            ],
            [
              110.168741,
              -7.466172,
              0.0
            ],
            [
              110.168578,
              -7.46576,
              0.0
            ],
            [
              110.168435,
              -7.465597,
              0.0
            ],
            [
              110.168214,
              -7.465524,
              0.0
            ],
            [
              110.167955,
              -7.465538,
              0.0
            ],
            [
              110.167639,
              -7.465452,
              0.0
            ],
            [
              110.167527,
              -7.465732,
              0.0
            ],
            [
              110.167249,
              -7.465765,
              0.0
            ],
            [
              110.166931,
              -7.465585,
              0.0
            ],
            [
              110.166804,
              -7.465398,
              0.0
            ],
            [
              110.166619,
              -7.465372,
              0.0
            ],
            [
              110.166464,
              -7.465213,
              0.0
            ],
            [
              110.166298,
              -7.465213,
              0.0
            ],
            [
              110.166042,
              -7.465117,
              0.0
            ],
            [
              110.165733,
              -7.464906,
              0.0
            ],
            [
              110.165613,
              -7.464891,
              0.0
            ],
            [
              110.165307,
              -7.464634,
              0.0
            ],
            [
              110.165104,
              -7.464874,
              0.0
            ],
            [
              110.165221,
              -7.465058,
              0.0
            ],
            [
              110.165211,
              -7.465186,
              0.0
            ],
            [
              110.165276,
              -7.465209,
              0.0
            ],
            [
              110.165391,
              -7.465481,
              0.0
            ],
            [
              110.1655,
              -7.465607,
              0.0
            ],
            [
              110.165467,
              -7.465648,
              0.0
            ],
            [
              110.16515,
              -7.465764,
              0.0
            ],
            [
              110.164734,
              -7.465534,
              0.0
            ],
            [
              110.164489,
              -7.465586,
              0.0
            ],
            [
              110.164697,
              -7.4659,
              0.0
            ],
            [
              110.164782,
              -7.466333,
              0.0
            ],
            [
              110.164955,
              -7.46637,
              0.0
            ],
            [
              110.165296,
              -7.466344,
              0.0
            ],
            [
              110.165342,
              -7.466503,
              0.0
            ],
            [
              110.165322,
              -7.466631,
              0.0
            ],
            [
              110.16514,
              -7.466898,
              0.0
            ],
            [
              110.165258,
              -7.467234,
              0.0
            ],
            [
              110.164974,
              -7.467463,
              0.0
            ],
            [
              110.165205,
              -7.467634,
              0.0
            ],
            [
              110.165217,
              -7.467772,
              0.0
            ],
            [
              110.164961,
              -7.467943,
              0.0
            ],
            [
              110.164652,
              -7.468021,
              0.0
            ],
            [
              110.164656,
              -7.468583,
              0.0
            ],
            [
              110.164401,
              -7.468574,
              0.0
            ],
            [
              110.164463,
              -7.46869,
              0.0
            ],
            [
              110.164474,
              -7.469088,
              0.0
            ],
            [
              110.164303,
              -7.469297,
              0.0
            ],
            [
              110.164197,
              -7.469551,
              0.0
            ],
            [
              110.164326,
              -7.469808,
              0.0
            ],
            [
              110.164301,
              -7.469858,
              0.0
            ],
            [
              110.163545,
              -7.469831,
              0.0
            ],
            [
              110.163184,
              -7.469895,
              0.0
            ],
            [
              110.163064,
              -7.470072,
              0.0
            ],
            [
              110.162797,
              -7.470321,
              0.0
            ],
            [
              110.162747,
              -7.470474,
              0.0
            ],
            [
              110.162766,
              -7.470622,
              0.0
            ],
            [
              110.162607,
              -7.470691,
              0.0
            ],
            [
              110.162583,
              -7.470775,
              0.0
            ],
            [
              110.162732,
              -7.470916,
              0.0
            ],
            [
              110.162722,
              -7.470964,
              0.0
            ],
            [
              110.162362,
              -7.470935,
              0.0
            ],
            [
              110.162012,
              -7.471202,
              0.0
            ],
            [
              110.161966,
              -7.471365,
              0.0
            ],
            [
              110.161541,
              -7.471587,
              0.0
            ],
            [
              110.162125,
              -7.471643,
              0.0
            ],
            [
              110.162471,
              -7.471469,
              0.0
            ],
            [
              110.162641,
              -7.471469,
              0.0
            ],
            [
              110.162723,
              -7.471523,
              0.0
            ],
            [
              110.162972,
              -7.471914,
              0.0
            ],
            [
              110.163215,
              -7.472189,
              0.0
            ],
            [
              110.164057,
              -7.472279,
              0.0
            ],
            [
              110.164118,
              -7.472666,
              0.0
            ],
            [
              110.164323,
              -7.473176,
              0.0
            ],
            [
              110.164408,
              -7.473275,
              0.0
            ],
            [
              110.164779,
              -7.473375,
              0.0
            ],
            [
              110.164904,
              -7.473476,
              0.0
            ],
            [
              110.165043,
              -7.474028,
              0.0
            ],
            [
              110.165161,
              -7.474213,
              0.0
            ],
            [
              110.165344,
              -7.47432,
              0.0
            ],
            [
              110.165648,
              -7.474388,
              0.0
            ],
            [
              110.166154,
              -7.475023,
              0.0
            ],
            [
              110.166333,
              -7.475105,
              0.0
            ],
            [
              110.166846,
              -7.475161,
              0.0
            ],
            [
              110.167179,
              -7.475319,
              0.0
            ],
            [
              110.16727,
              -7.47548,
              0.0
            ],
            [
              110.167324,
              -7.475928,
              0.0
            ],
            [
              110.167393,
              -7.476056,
              0.0
            ],
            [
              110.167678,
              -7.476332,
              0.0
            ],
            [
              110.167791,
              -7.476689,
              0.0
            ],
            [
              110.168405,
              -7.47717,
              0.0
            ],
            [
              110.168769,
              -7.477376,
              0.0
            ],
            [
              110.169275,
              -7.478164,
              0.0
            ],
            [
              110.169762,
              -7.478173,
              0.0
            ],
            [
              110.169951,
              -7.478318,
              0.0
            ],
            [
              110.170334,
              -7.478829,
              0.0
            ],
            [
              110.170796,
              -7.479119,
              0.0
            ],
            [
              110.170942,
              -7.479133,
              0.0
            ],
            [
              110.171106,
              -7.479071,
              0.0
            ],
            [
              110.171263,
              -7.479138,
              0.0
            ],
            [
              110.171645,
              -7.479596,
              0.0
            ],
            [
              110.171791,
              -7.48002,
              0.0
            ],
            [
              110.171786,
              -7.480466,
              0.0
            ],
            [
              110.171509,
              -7.480796,
              0.0
            ],
            [
              110.171458,
              -7.480973,
              0.0
            ],
            [
              110.171777,
              -7.481639,
              0.0
            ],
            [
              110.171924,
              -7.481748,
              0.0
            ],
            [
              110.172355,
              -7.481798,
              0.0
            ],
            [
              110.172798,
              -7.481963,
              0.0
            ],
            [
              110.173643,
              -7.482562,
              0.0
            ],
            [
              110.174197,
              -7.483072,
              0.0
            ],
            [
              110.174055,
              -7.484538,
              0.0
            ],
            [
              110.175295,
              -7.484357,
              0.0
            ],
            [
              110.176642,
              -7.483989,
              0.0
            ],
            [
              110.177838,
              -7.483889,
              0.0
            ],
            [
              110.17812,
              -7.483914,
              0.0
            ],
            [
              110.178701,
              -7.484196,
              0.0
            ],
            [
              110.179785,
              -7.484491,
              0.0
            ],
            [
              110.180039,
              -7.484628,
              0.0
            ],
            [
              110.180243,
              -7.484653,
              0.0
            ],
            [
              110.180443,
              -7.484755,
              0.0
            ],
            [
              110.180938,
              -7.484675,
              0.0
            ],
            [
              110.180428,
              -7.484621,
              0.0
            ],
            [
              110.180053,
              -7.4844,
              0.0
            ],
            [
              110.179968,
              -7.484139,
              0.0
            ],
            [
              110.179883,
              -7.48291,
              0.0
            ],
            [
              110.18007,
              -7.482799,
              0.0
            ],
            [
              110.180356,
              -7.482833,
              0.0
            ],
            [
              110.180684,
              -7.483083,
              0.0
            ],
            [
              110.18082,
              -7.483283,
              0.0
            ],
            [
              110.181114,
              -7.483261,
              0.0
            ],
            [
              110.18139,
              -7.483082,
              0.0
            ],
            [
              110.18151,
              -7.483074,
              0.0
            ],
            [
              110.181764,
              -7.483325,
              0.0
            ],
            [
              110.181878,
              -7.483514,
              0.0
            ],
            [
              110.182121,
              -7.48364,
              0.0
            ],
            [
              110.182091,
              -7.483374,
              0.0
            ],
            [
              110.182367,
              -7.483276,
              0.0
            ],
            [
              110.182425,
              -7.4832,
              0.0
            ],
            [
              110.182373,
              -7.483166,
              0.0
            ],
            [
              110.182527,
              -7.482996,
              0.0
            ],
            [
              110.182625,
              -7.482756,
              0.0
            ],
            [
              110.182587,
              -7.482167,
              0.0
            ],
            [
              110.182841,
              -7.482297,
              0.0
            ],
            [
              110.182939,
              -7.482312,
              0.0
            ],
            [
              110.183004,
              -7.482266,
              0.0
            ],
            [
              110.183243,
              -7.481709,
              0.0
            ],
            [
              110.183471,
              -7.481556,
              0.0
            ],
            [
              110.183735,
              -7.481459,
              0.0
            ],
            [
              110.183819,
              -7.481323,
              0.0
            ],
            [
              110.183843,
              -7.48115,
              0.0
            ],
            [
              110.1838,
              -7.480916,
              0.0
            ],
            [
              110.183443,
              -7.480999,
              0.0
            ],
            [
              110.183282,
              -7.480967,
              0.0
            ],
            [
              110.183079,
              -7.481379,
              0.0
            ],
            [
              110.182603,
              -7.481209,
              0.0
            ],
            [
              110.182302,
              -7.481224,
              0.0
            ],
            [
              110.181826,
              -7.48113,
              0.0
            ],
            [
              110.181333,
              -7.480916,
              0.0
            ],
            [
              110.180937,
              -7.480606,
              0.0
            ],
            [
              110.180542,
              -7.480159,
              0.0
            ],
            [
              110.180374,
              -7.480145,
              0.0
            ],
            [
              110.179872,
              -7.48033,
              0.0
            ],
            [
              110.179824,
              -7.480314,
              0.0
            ],
            [
              110.179629,
              -7.479868,
              0.0
            ],
            [
              110.17946,
              -7.478853,
              0.0
            ],
            [
              110.179312,
              -7.478561,
              0.0
            ],
            [
              110.179128,
              -7.478333,
              0.0
            ],
            [
              110.178953,
              -7.478213,
              0.0
            ],
            [
              110.178115,
              -7.477875,
              0.0
            ],
            [
              110.17802,
              -7.477791,
              0.0
            ],
            [
              110.177731,
              -7.477814,
              0.0
            ],
            [
              110.177527,
              -7.477706,
              0.0
            ],
            [
              110.177345,
              -7.477731,
              0.0
            ],
            [
              110.177156,
              -7.477543,
              0.0
            ],
            [
              110.176988,
              -7.477277,
              0.0
            ],
            [
              110.17718,
              -7.477241,
              0.0
            ],
            [
              110.177204,
              -7.477193,
              0.0
            ],
            [
              110.177151,
              -7.476971,
              0.0
            ],
            [
              110.177217,
              -7.476756,
              0.0
            ],
            [
              110.177231,
              -7.476408,
              0.0
            ],
            [
              110.177403,
              -7.47651,
              0.0
            ],
            [
              110.177465,
              -7.476491,
              0.0
            ],
            [
              110.177511,
              -7.476424,
              0.0
            ],
            [
              110.177473,
              -7.476338,
              0.0
            ],
            [
              110.177615,
              -7.47625,
              0.0
            ],
            [
              110.177708,
              -7.476001,
              0.0
            ],
            [
              110.177443,
              -7.475813,
              0.0
            ],
            [
              110.177367,
              -7.475694,
              0.0
            ],
            [
              110.176818,
              -7.475896,
              0.0
            ],
            [
              110.17676,
              -7.475963,
              0.0
            ],
            [
              110.17671,
              -7.475948,
              0.0
            ],
            [
              110.176687,
              -7.475823,
              0.0
            ],
            [
              110.176561,
              -7.475647,
              0.0
            ],
            [
              110.176542,
              -7.475474,
              0.0
            ],
            [
              110.176187,
              -7.475476,
              0.0
            ],
            [
              110.175719,
              -7.475605,
              0.0
            ],
            [
              110.175303,
              -7.475619,
              0.0
            ],
            [
              110.175201,
              -7.475585,
              0.0
            ],
            [
              110.175374,
              -7.475311,
              0.0
            ],
            [
              110.17547,
              -7.475279,
              0.0
            ],
            [
              110.175582,
              -7.475074,
              0.0
            ],
            [
              110.175066,
              -7.474766,
              0.0
            ],
            [
              110.175143,
              -7.474627,
              0.0
            ],
            [
              110.174948,
              -7.474334,
              0.0
            ],
            [
              110.175132,
              -7.474318,
              0.0
            ],
            [
              110.175265,
              -7.474025,
              0.0
            ],
            [
              110.175993,
              -7.474193,
              0.0
            ],
            [
              110.176399,
              -7.474471,
              0.0
            ],
            [
              110.176963,
              -7.474721,
              0.0
            ],
            [
              110.17708,
              -7.474733,
              0.0
            ],
            [
              110.177598,
              -7.474491,
              0.0
            ],
            [
              110.177426,
              -7.47415,
              0.0
            ],
            [
              110.177263,
              -7.47399,
              0.0
            ],
            [
              110.177897,
              -7.473771,
              0.0
            ],
            [
              110.177806,
              -7.473506,
              0.0
            ],
            [
              110.17777,
              -7.473153,
              0.0
            ],
            [
              110.177487,
              -7.472596,
              0.0
            ],
            [
              110.177412,
              -7.472536,
              0.0
            ],
            [
              110.17684,
              -7.472358,
              0.0
            ],
            [
              110.17652,
              -7.472097,
              0.0
            ],
            [
              110.176286,
              -7.471986,
              0.0
            ],
            [
              110.176121,
              -7.471775,
              0.0
            ]
          ]
        ]
      }
    },
    {
      "type": "Feature",
      "id": "3308142003",
      "properties": {
        "id": "3308142003",
        "name": "Sukosari",
        "slug": "sukosari",
        "district": "Bandongan",
        "sourceCode": "33.08.14.2003",
        "sourceStatus": "Batas Indikatif",
        "boundarySource": "BIG"
      },
      "geometry": {
        "type": "Polygon",
        "coordinates": [
          [
            [
              110.169164,
              -7.48785,
              0.0
            ],
            [
              110.167848,
              -7.48759,
              0.0
            ],
            [
              110.167315,
              -7.48729,
              0.0
            ],
            [
              110.167058,
              -7.487248,
              0.0
            ],
            [
              110.16692,
              -7.487253,
              0.0
            ],
            [
              110.166703,
              -7.487485,
              0.0
            ],
            [
              110.166542,
              -7.487558,
              0.0
            ],
            [
              110.166266,
              -7.487587,
              0.0
            ],
            [
              110.165768,
              -7.487562,
              0.0
            ],
            [
              110.165151,
              -7.487436,
              0.0
            ],
            [
              110.164893,
              -7.487471,
              0.0
            ],
            [
              110.164749,
              -7.487638,
              0.0
            ],
            [
              110.164253,
              -7.488907,
              0.0
            ],
            [
              110.164087,
              -7.48894,
              0.0
            ],
            [
              110.16313,
              -7.489717,
              0.0
            ],
            [
              110.162918,
              -7.48997,
              0.0
            ],
            [
              110.162841,
              -7.490142,
              0.0
            ],
            [
              110.162582,
              -7.490424,
              0.0
            ],
            [
              110.16237,
              -7.49051,
              0.0
            ],
            [
              110.162044,
              -7.490481,
              0.0
            ],
            [
              110.161478,
              -7.490566,
              0.0
            ],
            [
              110.161071,
              -7.490469,
              0.0
            ],
            [
              110.160903,
              -7.490268,
              0.0
            ],
            [
              110.160702,
              -7.490191,
              0.0
            ],
            [
              110.160498,
              -7.48997,
              0.0
            ],
            [
              110.159522,
              -7.491035,
              0.0
            ],
            [
              110.159116,
              -7.491587,
              0.0
            ],
            [
              110.15955,
              -7.492219,
              0.0
            ],
            [
              110.160381,
              -7.492668,
              0.0
            ],
            [
              110.160375,
              -7.492876,
              0.0
            ],
            [
              110.16047,
              -7.493364,
              0.0
            ],
            [
              110.160667,
              -7.493691,
              0.0
            ],
            [
              110.160732,
              -7.493905,
              0.0
            ],
            [
              110.160714,
              -7.494393,
              0.0
            ],
            [
              110.161244,
              -7.495089,
              0.0
            ],
            [
              110.161525,
              -7.495313,
              0.0
            ],
            [
              110.161658,
              -7.495937,
              0.0
            ],
            [
              110.162335,
              -7.49727,
              0.0
            ],
            [
              110.162611,
              -7.497465,
              0.0
            ],
            [
              110.16341,
              -7.497574,
              0.0
            ],
            [
              110.163677,
              -7.497679,
              0.0
            ],
            [
              110.164091,
              -7.498012,
              0.0
            ],
            [
              110.164243,
              -7.498264,
              0.0
            ],
            [
              110.164462,
              -7.49845,
              0.0
            ],
            [
              110.164747,
              -7.498902,
              0.0
            ],
            [
              110.164925,
              -7.49959,
              0.0
            ],
            [
              110.165003,
              -7.499685,
              0.0
            ],
            [
              110.165129,
              -7.499713,
              0.0
            ],
            [
              110.165439,
              -7.499659,
              0.0
            ],
            [
              110.165586,
              -7.49982,
              0.0
            ],
            [
              110.165755,
              -7.499856,
              0.0
            ],
            [
              110.1662,
              -7.5002,
              0.0
            ],
            [
              110.1663,
              -7.500217,
              0.0
            ],
            [
              110.166633,
              -7.500079,
              0.0
            ],
            [
              110.166759,
              -7.500138,
              0.0
            ],
            [
              110.166992,
              -7.500405,
              0.0
            ],
            [
              110.167283,
              -7.500462,
              0.0
            ],
            [
              110.167395,
              -7.500609,
              0.0
            ],
            [
              110.167345,
              -7.500899,
              0.0
            ],
            [
              110.167563,
              -7.501245,
              0.0
            ],
            [
              110.167647,
              -7.501302,
              0.0
            ],
            [
              110.167811,
              -7.501292,
              0.0
            ],
            [
              110.16803,
              -7.501402,
              0.0
            ],
            [
              110.168197,
              -7.501603,
              0.0
            ],
            [
              110.168719,
              -7.501914,
              0.0
            ],
            [
              110.169211,
              -7.502314,
              0.0
            ],
            [
              110.169461,
              -7.502769,
              0.0
            ],
            [
              110.16981,
              -7.50286,
              0.0
            ],
            [
              110.169889,
              -7.502931,
              0.0
            ],
            [
              110.170387,
              -7.503568,
              0.0
            ],
            [
              110.171048,
              -7.504066,
              0.0
            ],
            [
              110.172047,
              -7.504559,
              0.0
            ],
            [
              110.172943,
              -7.50532,
              0.0
            ],
            [
              110.173324,
              -7.505745,
              0.0
            ],
            [
              110.173493,
              -7.506285,
              0.0
            ],
            [
              110.173632,
              -7.506411,
              0.0
            ],
            [
              110.173978,
              -7.506918,
              0.0
            ],
            [
              110.174653,
              -7.50751,
              0.0
            ],
            [
              110.175199,
              -7.508087,
              0.0
            ],
            [
              110.17556,
              -7.508117,
              0.0
            ],
            [
              110.177095,
              -7.508593,
              0.0
            ],
            [
              110.177941,
              -7.508356,
              0.0
            ],
            [
              110.178105,
              -7.508413,
              0.0
            ],
            [
              110.178241,
              -7.508403,
              0.0
            ],
            [
              110.179051,
              -7.508219,
              0.0
            ],
            [
              110.179818,
              -7.508292,
              0.0
            ],
            [
              110.180121,
              -7.508485,
              0.0
            ],
            [
              110.180349,
              -7.508688,
              0.0
            ],
            [
              110.180364,
              -7.508749,
              0.0
            ],
            [
              110.180255,
              -7.509097,
              0.0
            ],
            [
              110.179852,
              -7.509412,
              0.0
            ],
            [
              110.179783,
              -7.509631,
              0.0
            ],
            [
              110.179819,
              -7.509771,
              0.0
            ],
            [
              110.179926,
              -7.509847,
              0.0
            ],
            [
              110.180192,
              -7.509851,
              0.0
            ],
            [
              110.180679,
              -7.509693,
              0.0
            ],
            [
              110.18086,
              -7.509999,
              0.0
            ],
            [
              110.181162,
              -7.510097,
              0.0
            ],
            [
              110.18179,
              -7.510665,
              0.0
            ],
            [
              110.182059,
              -7.510633,
              0.0
            ],
            [
              110.182496,
              -7.510408,
              0.0
            ],
            [
              110.182777,
              -7.510227,
              0.0
            ],
            [
              110.182764,
              -7.509556,
              0.0
            ],
            [
              110.182481,
              -7.509425,
              0.0
            ],
            [
              110.181762,
              -7.509431,
              0.0
            ],
            [
              110.181729,
              -7.508843,
              0.0
            ],
            [
              110.18166,
              -7.508678,
              0.0
            ],
            [
              110.181795,
              -7.508508,
              0.0
            ],
            [
              110.181973,
              -7.508141,
              0.0
            ],
            [
              110.182163,
              -7.507462,
              0.0
            ],
            [
              110.182554,
              -7.506562,
              0.0
            ],
            [
              110.18278,
              -7.506247,
              0.0
            ],
            [
              110.182972,
              -7.505763,
              0.0
            ],
            [
              110.183231,
              -7.505393,
              0.0
            ],
            [
              110.183689,
              -7.504899,
              0.0
            ],
            [
              110.18394,
              -7.504699,
              0.0
            ],
            [
              110.183895,
              -7.504534,
              0.0
            ],
            [
              110.183932,
              -7.504256,
              0.0
            ],
            [
              110.184122,
              -7.503586,
              0.0
            ],
            [
              110.184269,
              -7.503267,
              0.0
            ],
            [
              110.183612,
              -7.503028,
              0.0
            ],
            [
              110.183473,
              -7.502901,
              0.0
            ],
            [
              110.183391,
              -7.50274,
              0.0
            ],
            [
              110.183364,
              -7.50254,
              0.0
            ],
            [
              110.182776,
              -7.501541,
              0.0
            ],
            [
              110.182268,
              -7.500876,
              0.0
            ],
            [
              110.182027,
              -7.500411,
              0.0
            ],
            [
              110.181861,
              -7.500454,
              0.0
            ],
            [
              110.181294,
              -7.500453,
              0.0
            ],
            [
              110.181006,
              -7.500261,
              0.0
            ],
            [
              110.180421,
              -7.500437,
              0.0
            ],
            [
              110.180153,
              -7.500388,
              0.0
            ],
            [
              110.179684,
              -7.500222,
              0.0
            ],
            [
              110.179661,
              -7.500036,
              0.0
            ],
            [
              110.179499,
              -7.499708,
              0.0
            ],
            [
              110.179171,
              -7.49965,
              0.0
            ],
            [
              110.179128,
              -7.499662,
              0.0
            ],
            [
              110.179205,
              -7.499957,
              0.0
            ],
            [
              110.179176,
              -7.500033,
              0.0
            ],
            [
              110.179003,
              -7.49995,
              0.0
            ],
            [
              110.178823,
              -7.499941,
              0.0
            ],
            [
              110.178621,
              -7.499973,
              0.0
            ],
            [
              110.178399,
              -7.500124,
              0.0
            ],
            [
              110.178112,
              -7.50006,
              0.0
            ],
            [
              110.177866,
              -7.500113,
              0.0
            ],
            [
              110.177624,
              -7.500314,
              0.0
            ],
            [
              110.177468,
              -7.500581,
              0.0
            ],
            [
              110.177316,
              -7.500666,
              0.0
            ],
            [
              110.177235,
              -7.500532,
              0.0
            ],
            [
              110.177154,
              -7.499918,
              0.0
            ],
            [
              110.176668,
              -7.499054,
              0.0
            ],
            [
              110.176543,
              -7.498633,
              0.0
            ],
            [
              110.176516,
              -7.498352,
              0.0
            ],
            [
              110.176589,
              -7.498033,
              0.0
            ],
            [
              110.176003,
              -7.49807,
              0.0
            ],
            [
              110.175875,
              -7.498149,
              0.0
            ],
            [
              110.175614,
              -7.498464,
              0.0
            ],
            [
              110.175458,
              -7.498557,
              0.0
            ],
            [
              110.175176,
              -7.498633,
              0.0
            ],
            [
              110.174984,
              -7.498584,
              0.0
            ],
            [
              110.175234,
              -7.49834,
              0.0
            ],
            [
              110.175566,
              -7.4982,
              0.0
            ],
            [
              110.175578,
              -7.497996,
              0.0
            ],
            [
              110.175283,
              -7.497885,
              0.0
            ],
            [
              110.175473,
              -7.497293,
              0.0
            ],
            [
              110.175552,
              -7.497219,
              0.0
            ],
            [
              110.175564,
              -7.496999,
              0.0
            ],
            [
              110.175503,
              -7.496632,
              0.0
            ],
            [
              110.175301,
              -7.496049,
              0.0
            ],
            [
              110.174939,
              -7.495887,
              0.0
            ],
            [
              110.174988,
              -7.495531,
              0.0
            ],
            [
              110.174586,
              -7.495342,
              0.0
            ],
            [
              110.174431,
              -7.494739,
              0.0
            ],
            [
              110.17444,
              -7.494622,
              0.0
            ],
            [
              110.174335,
              -7.494448,
              0.0
            ],
            [
              110.17418,
              -7.493949,
              0.0
            ],
            [
              110.173944,
              -7.493832,
              0.0
            ],
            [
              110.173729,
              -7.493556,
              0.0
            ],
            [
              110.173529,
              -7.493402,
              0.0
            ],
            [
              110.173148,
              -7.49334,
              0.0
            ],
            [
              110.172615,
              -7.4934,
              0.0
            ],
            [
              110.172265,
              -7.49303,
              0.0
            ],
            [
              110.172125,
              -7.492756,
              0.0
            ],
            [
              110.171546,
              -7.492727,
              0.0
            ],
            [
              110.17048,
              -7.491965,
              0.0
            ],
            [
              110.170264,
              -7.491903,
              0.0
            ],
            [
              110.169929,
              -7.49161,
              0.0
            ],
            [
              110.169441,
              -7.490733,
              0.0
            ],
            [
              110.168852,
              -7.490416,
              0.0
            ],
            [
              110.168723,
              -7.490244,
              0.0
            ],
            [
              110.168427,
              -7.489439,
              0.0
            ],
            [
              110.168377,
              -7.489013,
              0.0
            ],
            [
              110.168672,
              -7.488412,
              0.0
            ],
            [
              110.169164,
              -7.48785,
              0.0
            ]
          ]
        ]
      }
    },
    {
      "type": "Feature",
      "id": "3308142004",
      "properties": {
        "id": "3308142004",
        "name": "Tonoboyo",
        "slug": "tonoboyo",
        "district": "Bandongan",
        "sourceCode": "33.08.14.2004",
        "sourceStatus": "Batas Indikatif",
        "boundarySource": "BIG"
      },
      "geometry": {
        "type": "Polygon",
        "coordinates": [
          [
            [
              110.166934,
              -7.455771,
              0.0
            ],
            [
              110.167041,
              -7.455656,
              0.0
            ],
            [
              110.167071,
              -7.4554,
              0.0
            ],
            [
              110.16696,
              -7.455206,
              0.0
            ],
            [
              110.166764,
              -7.455006,
              0.0
            ],
            [
              110.166529,
              -7.45489,
              0.0
            ],
            [
              110.165813,
              -7.454743,
              0.0
            ],
            [
              110.165664,
              -7.454673,
              0.0
            ],
            [
              110.165541,
              -7.454543,
              0.0
            ],
            [
              110.16529,
              -7.453979,
              0.0
            ],
            [
              110.165256,
              -7.453343,
              0.0
            ],
            [
              110.165137,
              -7.453211,
              0.0
            ],
            [
              110.164945,
              -7.453127,
              0.0
            ],
            [
              110.164597,
              -7.453142,
              0.0
            ],
            [
              110.163966,
              -7.453469,
              0.0
            ],
            [
              110.163397,
              -7.453426,
              0.0
            ],
            [
              110.163286,
              -7.453458,
              0.0
            ],
            [
              110.163028,
              -7.453705,
              0.0
            ],
            [
              110.16283,
              -7.454098,
              0.0
            ],
            [
              110.162698,
              -7.454211,
              0.0
            ],
            [
              110.162385,
              -7.454248,
              0.0
            ],
            [
              110.162219,
              -7.45417,
              0.0
            ],
            [
              110.162125,
              -7.454,
              0.0
            ],
            [
              110.162131,
              -7.45336,
              0.0
            ],
            [
              110.162095,
              -7.453228,
              0.0
            ],
            [
              110.161971,
              -7.453107,
              0.0
            ],
            [
              110.161794,
              -7.453024,
              0.0
            ],
            [
              110.161219,
              -7.452969,
              0.0
            ],
            [
              110.161079,
              -7.452729,
              0.0
            ],
            [
              110.161208,
              -7.452347,
              0.0
            ],
            [
              110.161584,
              -7.451686,
              0.0
            ],
            [
              110.16162,
              -7.451198,
              0.0
            ],
            [
              110.161784,
              -7.450747,
              0.0
            ],
            [
              110.161747,
              -7.450586,
              0.0
            ],
            [
              110.161591,
              -7.450435,
              0.0
            ],
            [
              110.161268,
              -7.450485,
              0.0
            ],
            [
              110.161181,
              -7.450594,
              0.0
            ],
            [
              110.161032,
              -7.451005,
              0.0
            ],
            [
              110.160805,
              -7.451124,
              0.0
            ],
            [
              110.159906,
              -7.451135,
              0.0
            ],
            [
              110.15886,
              -7.450986,
              0.0
            ],
            [
              110.159006,
              -7.451151,
              0.0
            ],
            [
              110.159899,
              -7.451284,
              0.0
            ],
            [
              110.160105,
              -7.451736,
              0.0
            ],
            [
              110.160246,
              -7.451892,
              0.0
            ],
            [
              110.160443,
              -7.452012,
              0.0
            ],
            [
              110.160539,
              -7.452159,
              0.0
            ],
            [
              110.160556,
              -7.452428,
              0.0
            ],
            [
              110.160663,
              -7.452799,
              0.0
            ],
            [
              110.160876,
              -7.453069,
              0.0
            ],
            [
              110.161058,
              -7.453425,
              0.0
            ],
            [
              110.161655,
              -7.454049,
              0.0
            ],
            [
              110.161647,
              -7.454215,
              0.0
            ],
            [
              110.161494,
              -7.454436,
              0.0
            ],
            [
              110.161862,
              -7.455215,
              0.0
            ],
            [
              110.162355,
              -7.455722,
              0.0
            ],
            [
              110.162801,
              -7.456037,
              0.0
            ],
            [
              110.162822,
              -7.456209,
              0.0
            ],
            [
              110.162688,
              -7.456329,
              0.0
            ],
            [
              110.162666,
              -7.456405,
              0.0
            ],
            [
              110.162692,
              -7.456565,
              0.0
            ],
            [
              110.162803,
              -7.45671,
              0.0
            ],
            [
              110.162591,
              -7.456765,
              0.0
            ],
            [
              110.162292,
              -7.456711,
              0.0
            ],
            [
              110.162045,
              -7.456573,
              0.0
            ],
            [
              110.161838,
              -7.456322,
              0.0
            ],
            [
              110.161543,
              -7.456373,
              0.0
            ],
            [
              110.161902,
              -7.456925,
              0.0
            ],
            [
              110.161932,
              -7.457068,
              0.0
            ],
            [
              110.161721,
              -7.457349,
              0.0
            ],
            [
              110.161644,
              -7.457695,
              0.0
            ],
            [
              110.161488,
              -7.457892,
              0.0
            ],
            [
              110.161555,
              -7.457971,
              0.0
            ],
            [
              110.161452,
              -7.458018,
              0.0
            ],
            [
              110.161007,
              -7.457841,
              0.0
            ],
            [
              110.160617,
              -7.457799,
              0.0
            ],
            [
              110.160087,
              -7.457504,
              0.0
            ],
            [
              110.159903,
              -7.457489,
              0.0
            ],
            [
              110.159436,
              -7.457162,
              0.0
            ],
            [
              110.159218,
              -7.457105,
              0.0
            ],
            [
              110.158981,
              -7.45714,
              0.0
            ],
            [
              110.158873,
              -7.457029,
              0.0
            ],
            [
              110.158655,
              -7.456978,
              0.0
            ],
            [
              110.158306,
              -7.456677,
              0.0
            ],
            [
              110.158028,
              -7.456664,
              0.0
            ],
            [
              110.157869,
              -7.456793,
              0.0
            ],
            [
              110.15779,
              -7.45693,
              0.0
            ],
            [
              110.157544,
              -7.457025,
              0.0
            ],
            [
              110.157009,
              -7.456765,
              0.0
            ],
            [
              110.157194,
              -7.457024,
              0.0
            ],
            [
              110.157212,
              -7.45712,
              0.0
            ],
            [
              110.157136,
              -7.457296,
              0.0
            ],
            [
              110.156971,
              -7.457446,
              0.0
            ],
            [
              110.156929,
              -7.457784,
              0.0
            ],
            [
              110.156838,
              -7.457987,
              0.0
            ],
            [
              110.156415,
              -7.458351,
              0.0
            ],
            [
              110.156297,
              -7.458284,
              0.0
            ],
            [
              110.15589,
              -7.458216,
              0.0
            ],
            [
              110.155642,
              -7.458046,
              0.0
            ],
            [
              110.155484,
              -7.458003,
              0.0
            ],
            [
              110.155303,
              -7.4582,
              0.0
            ],
            [
              110.155284,
              -7.458296,
              0.0
            ],
            [
              110.155398,
              -7.458542,
              0.0
            ],
            [
              110.155571,
              -7.458611,
              0.0
            ],
            [
              110.155591,
              -7.458664,
              0.0
            ],
            [
              110.155555,
              -7.458744,
              0.0
            ],
            [
              110.155426,
              -7.458779,
              0.0
            ],
            [
              110.155377,
              -7.45886,
              0.0
            ],
            [
              110.155443,
              -7.458959,
              0.0
            ],
            [
              110.155735,
              -7.459172,
              0.0
            ],
            [
              110.15586,
              -7.459094,
              0.0
            ],
            [
              110.155951,
              -7.459104,
              0.0
            ],
            [
              110.155929,
              -7.459212,
              0.0
            ],
            [
              110.156106,
              -7.459448,
              0.0
            ],
            [
              110.156308,
              -7.45945,
              0.0
            ],
            [
              110.156678,
              -7.459829,
              0.0
            ],
            [
              110.15687,
              -7.459956,
              0.0
            ],
            [
              110.157311,
              -7.46011,
              0.0
            ],
            [
              110.157674,
              -7.4601,
              0.0
            ],
            [
              110.15798,
              -7.460185,
              0.0
            ],
            [
              110.15842,
              -7.4602,
              0.0
            ],
            [
              110.158626,
              -7.460276,
              0.0
            ],
            [
              110.15876,
              -7.46053,
              0.0
            ],
            [
              110.159219,
              -7.460837,
              0.0
            ],
            [
              110.159901,
              -7.461497,
              0.0
            ],
            [
              110.160302,
              -7.461663,
              0.0
            ],
            [
              110.160456,
              -7.461798,
              0.0
            ],
            [
              110.160355,
              -7.461464,
              0.0
            ],
            [
              110.160251,
              -7.461333,
              0.0
            ],
            [
              110.160327,
              -7.461308,
              0.0
            ],
            [
              110.160318,
              -7.461111,
              0.0
            ],
            [
              110.161139,
              -7.461206,
              0.0
            ],
            [
              110.16191,
              -7.46041,
              0.0
            ],
            [
              110.162333,
              -7.4607,
              0.0
            ],
            [
              110.162689,
              -7.46107,
              0.0
            ],
            [
              110.162687,
              -7.461364,
              0.0
            ],
            [
              110.162759,
              -7.461613,
              0.0
            ],
            [
              110.162742,
              -7.461833,
              0.0
            ],
            [
              110.162988,
              -7.461996,
              0.0
            ],
            [
              110.163048,
              -7.462091,
              0.0
            ],
            [
              110.163239,
              -7.46263,
              0.0
            ],
            [
              110.163627,
              -7.463235,
              0.0
            ],
            [
              110.163611,
              -7.463445,
              0.0
            ],
            [
              110.163785,
              -7.463626,
              0.0
            ],
            [
              110.163863,
              -7.463879,
              0.0
            ],
            [
              110.16412,
              -7.464117,
              0.0
            ],
            [
              110.164136,
              -7.464199,
              0.0
            ],
            [
              110.16452,
              -7.464247,
              0.0
            ],
            [
              110.164746,
              -7.464344,
              0.0
            ],
            [
              110.164857,
              -7.464263,
              0.0
            ],
            [
              110.164998,
              -7.464292,
              0.0
            ],
            [
              110.165233,
              -7.464565,
              0.0
            ],
            [
              110.165613,
              -7.464891,
              0.0
            ],
            [
              110.165733,
              -7.464906,
              0.0
            ],
            [
              110.166157,
              -7.465172,
              0.0
            ],
            [
              110.166512,
              -7.465233,
              0.0
            ],
            [
              110.166619,
              -7.465372,
              0.0
            ],
            [
              110.166804,
              -7.465398,
              0.0
            ],
            [
              110.166931,
              -7.465585,
              0.0
            ],
            [
              110.167249,
              -7.465765,
              0.0
            ],
            [
              110.167527,
              -7.465732,
              0.0
            ],
            [
              110.167639,
              -7.465452,
              0.0
            ],
            [
              110.167955,
              -7.465538,
              0.0
            ],
            [
              110.168214,
              -7.465524,
              0.0
            ],
            [
              110.168435,
              -7.465597,
              0.0
            ],
            [
              110.168578,
              -7.46576,
              0.0
            ],
            [
              110.168741,
              -7.466172,
              0.0
            ],
            [
              110.168889,
              -7.466392,
              0.0
            ],
            [
              110.169522,
              -7.466973,
              0.0
            ],
            [
              110.170381,
              -7.467559,
              0.0
            ],
            [
              110.170909,
              -7.468041,
              0.0
            ],
            [
              110.172171,
              -7.468722,
              0.0
            ],
            [
              110.172347,
              -7.468926,
              0.0
            ],
            [
              110.172618,
              -7.469099,
              0.0
            ],
            [
              110.17308,
              -7.469236,
              0.0
            ],
            [
              110.173281,
              -7.46935,
              0.0
            ],
            [
              110.173553,
              -7.46981,
              0.0
            ],
            [
              110.173833,
              -7.470098,
              0.0
            ],
            [
              110.174024,
              -7.470159,
              0.0
            ],
            [
              110.174301,
              -7.470167,
              0.0
            ],
            [
              110.174638,
              -7.470534,
              0.0
            ],
            [
              110.175331,
              -7.471101,
              0.0
            ],
            [
              110.175972,
              -7.471476,
              0.0
            ],
            [
              110.176121,
              -7.471775,
              0.0
            ],
            [
              110.176223,
              -7.471589,
              0.0
            ],
            [
              110.176473,
              -7.471414,
              0.0
            ],
            [
              110.176406,
              -7.471276,
              0.0
            ],
            [
              110.176623,
              -7.470985,
              0.0
            ],
            [
              110.177026,
              -7.471179,
              0.0
            ],
            [
              110.17715,
              -7.471158,
              0.0
            ],
            [
              110.177183,
              -7.470982,
              0.0
            ],
            [
              110.177086,
              -7.470664,
              0.0
            ],
            [
              110.177342,
              -7.470473,
              0.0
            ],
            [
              110.17756,
              -7.470437,
              0.0
            ],
            [
              110.177676,
              -7.470164,
              0.0
            ],
            [
              110.177941,
              -7.470084,
              0.0
            ],
            [
              110.17824,
              -7.469204,
              0.0
            ],
            [
              110.178401,
              -7.46907,
              0.0
            ],
            [
              110.178545,
              -7.469107,
              0.0
            ],
            [
              110.178593,
              -7.469078,
              0.0
            ],
            [
              110.17861,
              -7.469036,
              0.0
            ],
            [
              110.178415,
              -7.468779,
              0.0
            ],
            [
              110.178414,
              -7.4686,
              0.0
            ],
            [
              110.178558,
              -7.468463,
              0.0
            ],
            [
              110.178702,
              -7.467947,
              0.0
            ],
            [
              110.178157,
              -7.467653,
              0.0
            ],
            [
              110.177966,
              -7.467207,
              0.0
            ],
            [
              110.177652,
              -7.466943,
              0.0
            ],
            [
              110.177071,
              -7.466873,
              0.0
            ],
            [
              110.176969,
              -7.466819,
              0.0
            ],
            [
              110.176885,
              -7.466699,
              0.0
            ],
            [
              110.176856,
              -7.466481,
              0.0
            ],
            [
              110.176535,
              -7.466271,
              0.0
            ],
            [
              110.176521,
              -7.465646,
              0.0
            ],
            [
              110.177122,
              -7.465129,
              0.0
            ],
            [
              110.177017,
              -7.464428,
              0.0
            ],
            [
              110.176844,
              -7.464298,
              0.0
            ],
            [
              110.176852,
              -7.464212,
              0.0
            ],
            [
              110.176937,
              -7.464064,
              0.0
            ],
            [
              110.177122,
              -7.464097,
              0.0
            ],
            [
              110.17725,
              -7.463789,
              0.0
            ],
            [
              110.177388,
              -7.463759,
              0.0
            ],
            [
              110.177677,
              -7.463357,
              0.0
            ],
            [
              110.177926,
              -7.463181,
              0.0
            ],
            [
              110.178656,
              -7.463093,
              0.0
            ],
            [
              110.179091,
              -7.463119,
              0.0
            ],
            [
              110.179023,
              -7.462856,
              0.0
            ],
            [
              110.179135,
              -7.462853,
              0.0
            ],
            [
              110.17934,
              -7.462879,
              0.0
            ],
            [
              110.179569,
              -7.463069,
              0.0
            ],
            [
              110.179854,
              -7.463116,
              0.0
            ],
            [
              110.180008,
              -7.463224,
              0.0
            ],
            [
              110.180105,
              -7.462366,
              0.0
            ],
            [
              110.180033,
              -7.462253,
              0.0
            ],
            [
              110.180029,
              -7.462011,
              0.0
            ],
            [
              110.180085,
              -7.461772,
              0.0
            ],
            [
              110.180235,
              -7.461512,
              0.0
            ],
            [
              110.180276,
              -7.461119,
              0.0
            ],
            [
              110.180297,
              -7.461078,
              0.0
            ],
            [
              110.180355,
              -7.461106,
              0.0
            ],
            [
              110.180511,
              -7.460888,
              0.0
            ],
            [
              110.180525,
              -7.460584,
              0.0
            ],
            [
              110.180374,
              -7.460281,
              0.0
            ],
            [
              110.180413,
              -7.460136,
              0.0
            ],
            [
              110.180397,
              -7.459776,
              0.0
            ],
            [
              110.1815,
              -7.459844,
              0.0
            ],
            [
              110.181647,
              -7.459779,
              0.0
            ],
            [
              110.181765,
              -7.459575,
              0.0
            ],
            [
              110.181043,
              -7.459349,
              0.0
            ],
            [
              110.180291,
              -7.459486,
              0.0
            ],
            [
              110.17989,
              -7.459469,
              0.0
            ],
            [
              110.178983,
              -7.459961,
              0.0
            ],
            [
              110.178729,
              -7.459997,
              0.0
            ],
            [
              110.177855,
              -7.459445,
              0.0
            ],
            [
              110.177416,
              -7.459256,
              0.0
            ],
            [
              110.177142,
              -7.459269,
              0.0
            ],
            [
              110.176289,
              -7.459513,
              0.0
            ],
            [
              110.176122,
              -7.459483,
              0.0
            ],
            [
              110.176024,
              -7.459423,
              0.0
            ],
            [
              110.175951,
              -7.459297,
              0.0
            ],
            [
              110.175929,
              -7.458575,
              0.0
            ],
            [
              110.175661,
              -7.458428,
              0.0
            ],
            [
              110.175493,
              -7.458495,
              0.0
            ],
            [
              110.175274,
              -7.458783,
              0.0
            ],
            [
              110.175156,
              -7.458867,
              0.0
            ],
            [
              110.174169,
              -7.459197,
              0.0
            ],
            [
              110.17394,
              -7.459222,
              0.0
            ],
            [
              110.173442,
              -7.45907,
              0.0
            ],
            [
              110.17331,
              -7.458972,
              0.0
            ],
            [
              110.173382,
              -7.45856,
              0.0
            ],
            [
              110.173563,
              -7.458218,
              0.0
            ],
            [
              110.173664,
              -7.457855,
              0.0
            ],
            [
              110.173612,
              -7.457671,
              0.0
            ],
            [
              110.173307,
              -7.457482,
              0.0
            ],
            [
              110.172644,
              -7.457413,
              0.0
            ],
            [
              110.172454,
              -7.457437,
              0.0
            ],
            [
              110.172209,
              -7.457741,
              0.0
            ],
            [
              110.172189,
              -7.458127,
              0.0
            ],
            [
              110.172121,
              -7.458231,
              0.0
            ],
            [
              110.171403,
              -7.458382,
              0.0
            ],
            [
              110.171182,
              -7.458652,
              0.0
            ],
            [
              110.171035,
              -7.458714,
              0.0
            ],
            [
              110.170748,
              -7.458624,
              0.0
            ],
            [
              110.170624,
              -7.458508,
              0.0
            ],
            [
              110.170467,
              -7.45825,
              0.0
            ],
            [
              110.170422,
              -7.45796,
              0.0
            ],
            [
              110.170195,
              -7.457617,
              0.0
            ],
            [
              110.170088,
              -7.457634,
              0.0
            ],
            [
              110.169543,
              -7.457933,
              0.0
            ],
            [
              110.168932,
              -7.458082,
              0.0
            ],
            [
              110.168626,
              -7.458103,
              0.0
            ],
            [
              110.168253,
              -7.458032,
              0.0
            ],
            [
              110.168002,
              -7.457924,
              0.0
            ],
            [
              110.167814,
              -7.457641,
              0.0
            ],
            [
              110.167836,
              -7.457503,
              0.0
            ],
            [
              110.168032,
              -7.457101,
              0.0
            ],
            [
              110.167962,
              -7.456946,
              0.0
            ],
            [
              110.167571,
              -7.456953,
              0.0
            ],
            [
              110.166722,
              -7.457349,
              0.0
            ],
            [
              110.166601,
              -7.457286,
              0.0
            ],
            [
              110.166471,
              -7.456899,
              0.0
            ],
            [
              110.166542,
              -7.456458,
              0.0
            ],
            [
              110.166237,
              -7.45611,
              0.0
            ],
            [
              110.166223,
              -7.455864,
              0.0
            ],
            [
              110.166286,
              -7.455756,
              0.0
            ],
            [
              110.166382,
              -7.455725,
              0.0
            ],
            [
              110.166934,
              -7.455771,
              0.0
            ]
          ]
        ]
      }
    },
    {
      "type": "Feature",
      "id": "3308142007",
      "properties": {
        "id": "3308142007",
        "name": "Trasan",
        "slug": "trasan",
        "district": "Bandongan",
        "sourceCode": "33.08.14.2007",
        "sourceStatus": "Batas Indikatif",
        "boundarySource": "BIG"
      },
      "geometry": {
        "type": "Polygon",
        "coordinates": [
          [
            [
              110.211312,
              -7.463695,
              0.0
            ],
            [
              110.211168,
              -7.464699,
              0.0
            ],
            [
              110.210742,
              -7.464826,
              0.0
            ],
            [
              110.21042,
              -7.464852,
              0.0
            ],
            [
              110.2104,
              -7.46476,
              0.0
            ],
            [
              110.209871,
              -7.464699,
              0.0
            ],
            [
              110.209889,
              -7.46447,
              0.0
            ],
            [
              110.209817,
              -7.464336,
              0.0
            ],
            [
              110.20974,
              -7.463967,
              0.0
            ],
            [
              110.209629,
              -7.463826,
              0.0
            ],
            [
              110.209447,
              -7.46382,
              0.0
            ],
            [
              110.209388,
              -7.463613,
              0.0
            ],
            [
              110.209233,
              -7.463404,
              0.0
            ],
            [
              110.209209,
              -7.46311,
              0.0
            ],
            [
              110.208904,
              -7.463047,
              0.0
            ],
            [
              110.208639,
              -7.46284,
              0.0
            ],
            [
              110.208389,
              -7.462801,
              0.0
            ],
            [
              110.207953,
              -7.462536,
              0.0
            ],
            [
              110.207473,
              -7.462709,
              0.0
            ],
            [
              110.206917,
              -7.462827,
              0.0
            ],
            [
              110.206307,
              -7.46266,
              0.0
            ],
            [
              110.205597,
              -7.462792,
              0.0
            ],
            [
              110.205201,
              -7.462698,
              0.0
            ],
            [
              110.205094,
              -7.462557,
              0.0
            ],
            [
              110.204744,
              -7.462456,
              0.0
            ],
            [
              110.204672,
              -7.46238,
              0.0
            ],
            [
              110.20464,
              -7.462206,
              0.0
            ],
            [
              110.204556,
              -7.462128,
              0.0
            ],
            [
              110.204548,
              -7.462013,
              0.0
            ],
            [
              110.204439,
              -7.461924,
              0.0
            ],
            [
              110.204312,
              -7.461881,
              0.0
            ],
            [
              110.204197,
              -7.461934,
              0.0
            ],
            [
              110.204006,
              -7.461804,
              0.0
            ],
            [
              110.204114,
              -7.461632,
              0.0
            ],
            [
              110.204143,
              -7.461432,
              0.0
            ],
            [
              110.20399,
              -7.461388,
              0.0
            ],
            [
              110.203687,
              -7.461373,
              0.0
            ],
            [
              110.20253,
              -7.461741,
              0.0
            ],
            [
              110.202418,
              -7.46174,
              0.0
            ],
            [
              110.202285,
              -7.46156,
              0.0
            ],
            [
              110.202225,
              -7.461076,
              0.0
            ],
            [
              110.20207,
              -7.460961,
              0.0
            ],
            [
              110.201888,
              -7.460923,
              0.0
            ],
            [
              110.20169,
              -7.460633,
              0.0
            ],
            [
              110.201716,
              -7.460578,
              0.0
            ],
            [
              110.202112,
              -7.460519,
              0.0
            ],
            [
              110.202151,
              -7.460469,
              0.0
            ],
            [
              110.202158,
              -7.460373,
              0.0
            ],
            [
              110.202034,
              -7.4603,
              0.0
            ],
            [
              110.201974,
              -7.460058,
              0.0
            ],
            [
              110.201815,
              -7.459796,
              0.0
            ],
            [
              110.201617,
              -7.459704,
              0.0
            ],
            [
              110.201288,
              -7.45965,
              0.0
            ],
            [
              110.201115,
              -7.459672,
              0.0
            ],
            [
              110.200975,
              -7.459595,
              0.0
            ],
            [
              110.200786,
              -7.459392,
              0.0
            ],
            [
              110.200441,
              -7.459208,
              0.0
            ],
            [
              110.199886,
              -7.459249,
              0.0
            ],
            [
              110.199806,
              -7.459184,
              0.0
            ],
            [
              110.199741,
              -7.458979,
              0.0
            ],
            [
              110.199583,
              -7.458885,
              0.0
            ],
            [
              110.199391,
              -7.458873,
              0.0
            ],
            [
              110.199079,
              -7.45904,
              0.0
            ],
            [
              110.198895,
              -7.459038,
              0.0
            ],
            [
              110.198661,
              -7.458951,
              0.0
            ],
            [
              110.198245,
              -7.459006,
              0.0
            ],
            [
              110.198202,
              -7.458689,
              0.0
            ],
            [
              110.198117,
              -7.458566,
              0.0
            ],
            [
              110.197995,
              -7.458536,
              0.0
            ],
            [
              110.197258,
              -7.458531,
              0.0
            ],
            [
              110.196982,
              -7.458696,
              0.0
            ],
            [
              110.196714,
              -7.457918,
              0.0
            ],
            [
              110.196424,
              -7.457941,
              0.0
            ],
            [
              110.196239,
              -7.45807,
              0.0
            ],
            [
              110.196138,
              -7.457811,
              0.0
            ],
            [
              110.195966,
              -7.457746,
              0.0
            ],
            [
              110.195827,
              -7.457796,
              0.0
            ],
            [
              110.195326,
              -7.457824,
              0.0
            ],
            [
              110.194856,
              -7.457713,
              0.0
            ],
            [
              110.194561,
              -7.457873,
              0.0
            ],
            [
              110.194112,
              -7.458004,
              0.0
            ],
            [
              110.194009,
              -7.458068,
              0.0
            ],
            [
              110.193937,
              -7.458229,
              0.0
            ],
            [
              110.193517,
              -7.458352,
              0.0
            ],
            [
              110.193172,
              -7.458608,
              0.0
            ],
            [
              110.19258,
              -7.458533,
              0.0
            ],
            [
              110.192421,
              -7.458561,
              0.0
            ],
            [
              110.192157,
              -7.458707,
              0.0
            ],
            [
              110.191942,
              -7.459068,
              0.0
            ],
            [
              110.191417,
              -7.459526,
              0.0
            ],
            [
              110.190896,
              -7.459652,
              0.0
            ],
            [
              110.190599,
              -7.459654,
              0.0
            ],
            [
              110.190611,
              -7.459774,
              0.0
            ],
            [
              110.190688,
              -7.459831,
              0.0
            ],
            [
              110.191117,
              -7.459923,
              0.0
            ],
            [
              110.191419,
              -7.459931,
              0.0
            ],
            [
              110.190865,
              -7.46015,
              0.0
            ],
            [
              110.190925,
              -7.460215,
              0.0
            ],
            [
              110.191052,
              -7.460244,
              0.0
            ],
            [
              110.191166,
              -7.460167,
              0.0
            ],
            [
              110.191248,
              -7.460192,
              0.0
            ],
            [
              110.191441,
              -7.460102,
              0.0
            ],
            [
              110.191573,
              -7.460116,
              0.0
            ],
            [
              110.191961,
              -7.460413,
              0.0
            ],
            [
              110.192094,
              -7.460694,
              0.0
            ],
            [
              110.192414,
              -7.461015,
              0.0
            ],
            [
              110.192376,
              -7.461354,
              0.0
            ],
            [
              110.192448,
              -7.461663,
              0.0
            ],
            [
              110.192397,
              -7.461766,
              0.0
            ],
            [
              110.192389,
              -7.46223,
              0.0
            ],
            [
              110.192501,
              -7.462489,
              0.0
            ],
            [
              110.192993,
              -7.46257,
              0.0
            ],
            [
              110.193476,
              -7.462915,
              0.0
            ],
            [
              110.193529,
              -7.462884,
              0.0
            ],
            [
              110.193582,
              -7.462671,
              0.0
            ],
            [
              110.19368,
              -7.462599,
              0.0
            ],
            [
              110.193827,
              -7.462573,
              0.0
            ],
            [
              110.193939,
              -7.462626,
              0.0
            ],
            [
              110.194013,
              -7.462832,
              0.0
            ],
            [
              110.193879,
              -7.462958,
              0.0
            ],
            [
              110.194197,
              -7.463421,
              0.0
            ],
            [
              110.19421,
              -7.463694,
              0.0
            ],
            [
              110.194295,
              -7.463872,
              0.0
            ],
            [
              110.194068,
              -7.464605,
              0.0
            ],
            [
              110.193963,
              -7.464662,
              0.0
            ],
            [
              110.193831,
              -7.464637,
              0.0
            ],
            [
              110.193701,
              -7.464804,
              0.0
            ],
            [
              110.193757,
              -7.46496,
              0.0
            ],
            [
              110.194019,
              -7.465129,
              0.0
            ],
            [
              110.194084,
              -7.465347,
              0.0
            ],
            [
              110.193851,
              -7.465553,
              0.0
            ],
            [
              110.193606,
              -7.465603,
              0.0
            ],
            [
              110.193463,
              -7.465733,
              0.0
            ],
            [
              110.193149,
              -7.465817,
              0.0
            ],
            [
              110.193327,
              -7.466181,
              0.0
            ],
            [
              110.193281,
              -7.466305,
              0.0
            ],
            [
              110.193334,
              -7.466374,
              0.0
            ],
            [
              110.193277,
              -7.466481,
              0.0
            ],
            [
              110.193368,
              -7.466764,
              0.0
            ],
            [
              110.193303,
              -7.46701,
              0.0
            ],
            [
              110.193405,
              -7.467166,
              0.0
            ],
            [
              110.193571,
              -7.467262,
              0.0
            ],
            [
              110.193492,
              -7.467565,
              0.0
            ],
            [
              110.193527,
              -7.467922,
              0.0
            ],
            [
              110.193306,
              -7.468794,
              0.0
            ],
            [
              110.193317,
              -7.469767,
              0.0
            ],
            [
              110.193229,
              -7.470027,
              0.0
            ],
            [
              110.193316,
              -7.470126,
              0.0
            ],
            [
              110.193515,
              -7.470154,
              0.0
            ],
            [
              110.19309,
              -7.470389,
              0.0
            ],
            [
              110.192844,
              -7.470729,
              0.0
            ],
            [
              110.192864,
              -7.471186,
              0.0
            ],
            [
              110.193013,
              -7.471001,
              0.0
            ],
            [
              110.193068,
              -7.470749,
              0.0
            ],
            [
              110.193369,
              -7.470792,
              0.0
            ],
            [
              110.193551,
              -7.470966,
              0.0
            ],
            [
              110.193669,
              -7.471002,
              0.0
            ],
            [
              110.193722,
              -7.471172,
              0.0
            ],
            [
              110.193851,
              -7.471149,
              0.0
            ],
            [
              110.194259,
              -7.471355,
              0.0
            ],
            [
              110.194817,
              -7.471553,
              0.0
            ],
            [
              110.195451,
              -7.471879,
              0.0
            ],
            [
              110.195506,
              -7.472017,
              0.0
            ],
            [
              110.195825,
              -7.471637,
              0.0
            ],
            [
              110.195855,
              -7.471425,
              0.0
            ],
            [
              110.196061,
              -7.471154,
              0.0
            ],
            [
              110.196311,
              -7.471339,
              0.0
            ],
            [
              110.196575,
              -7.471088,
              0.0
            ],
            [
              110.19669,
              -7.471067,
              0.0
            ],
            [
              110.197221,
              -7.471387,
              0.0
            ],
            [
              110.197403,
              -7.471596,
              0.0
            ],
            [
              110.197518,
              -7.471849,
              0.0
            ],
            [
              110.197719,
              -7.47195,
              0.0
            ],
            [
              110.197783,
              -7.472087,
              0.0
            ],
            [
              110.19766,
              -7.472281,
              0.0
            ],
            [
              110.197514,
              -7.472267,
              0.0
            ],
            [
              110.19751,
              -7.472389,
              0.0
            ],
            [
              110.197594,
              -7.472606,
              0.0
            ],
            [
              110.197481,
              -7.472617,
              0.0
            ],
            [
              110.197475,
              -7.472661,
              0.0
            ],
            [
              110.197628,
              -7.472918,
              0.0
            ],
            [
              110.197747,
              -7.472903,
              0.0
            ],
            [
              110.197818,
              -7.473014,
              0.0
            ],
            [
              110.197597,
              -7.473349,
              0.0
            ],
            [
              110.197434,
              -7.473285,
              0.0
            ],
            [
              110.19739,
              -7.473318,
              0.0
            ],
            [
              110.197359,
              -7.473503,
              0.0
            ],
            [
              110.197563,
              -7.473693,
              0.0
            ],
            [
              110.197702,
              -7.473747,
              0.0
            ],
            [
              110.198455,
              -7.473617,
              0.0
            ],
            [
              110.19853,
              -7.473781,
              0.0
            ],
            [
              110.198623,
              -7.473695,
              0.0
            ],
            [
              110.198696,
              -7.47372,
              0.0
            ],
            [
              110.198625,
              -7.473875,
              0.0
            ],
            [
              110.198905,
              -7.473998,
              0.0
            ],
            [
              110.198716,
              -7.474389,
              0.0
            ],
            [
              110.19868,
              -7.474814,
              0.0
            ],
            [
              110.198484,
              -7.475429,
              0.0
            ],
            [
              110.19848,
              -7.475705,
              0.0
            ],
            [
              110.19851,
              -7.475782,
              0.0
            ],
            [
              110.198725,
              -7.475968,
              0.0
            ],
            [
              110.198842,
              -7.476387,
              0.0
            ],
            [
              110.19885,
              -7.476688,
              0.0
            ],
            [
              110.199192,
              -7.476971,
              0.0
            ],
            [
              110.199294,
              -7.477002,
              0.0
            ],
            [
              110.199355,
              -7.477121,
              0.0
            ],
            [
              110.199873,
              -7.477441,
              0.0
            ],
            [
              110.20006,
              -7.477404,
              0.0
            ],
            [
              110.200225,
              -7.477464,
              0.0
            ],
            [
              110.200384,
              -7.477415,
              0.0
            ],
            [
              110.200562,
              -7.477536,
              0.0
            ],
            [
              110.200651,
              -7.477498,
              0.0
            ],
            [
              110.200742,
              -7.477559,
              0.0
            ],
            [
              110.201324,
              -7.477671,
              0.0
            ],
            [
              110.201456,
              -7.477747,
              0.0
            ],
            [
              110.201556,
              -7.477667,
              0.0
            ],
            [
              110.201798,
              -7.477614,
              0.0
            ],
            [
              110.201993,
              -7.477687,
              0.0
            ],
            [
              110.20226,
              -7.477677,
              0.0
            ],
            [
              110.202582,
              -7.47785,
              0.0
            ],
            [
              110.20284,
              -7.477843,
              0.0
            ],
            [
              110.202905,
              -7.477882,
              0.0
            ],
            [
              110.20307,
              -7.477784,
              0.0
            ],
            [
              110.203121,
              -7.477868,
              0.0
            ],
            [
              110.20331,
              -7.477864,
              0.0
            ],
            [
              110.203595,
              -7.478054,
              0.0
            ],
            [
              110.203644,
              -7.477965,
              0.0
            ],
            [
              110.203765,
              -7.477931,
              0.0
            ],
            [
              110.203948,
              -7.477988,
              0.0
            ],
            [
              110.204159,
              -7.477967,
              0.0
            ],
            [
              110.204277,
              -7.478005,
              0.0
            ],
            [
              110.204457,
              -7.477781,
              0.0
            ],
            [
              110.204387,
              -7.477645,
              0.0
            ],
            [
              110.204472,
              -7.477496,
              0.0
            ],
            [
              110.204664,
              -7.477454,
              0.0
            ],
            [
              110.205128,
              -7.477509,
              0.0
            ],
            [
              110.205203,
              -7.477464,
              0.0
            ],
            [
              110.205316,
              -7.477194,
              0.0
            ],
            [
              110.205724,
              -7.477199,
              0.0
            ],
            [
              110.205876,
              -7.476879,
              0.0
            ],
            [
              110.205883,
              -7.476726,
              0.0
            ],
            [
              110.205936,
              -7.476697,
              0.0
            ],
            [
              110.206136,
              -7.476673,
              0.0
            ],
            [
              110.206334,
              -7.476734,
              0.0
            ],
            [
              110.206497,
              -7.476555,
              0.0
            ],
            [
              110.206668,
              -7.476526,
              0.0
            ],
            [
              110.20782,
              -7.476612,
              0.0
            ],
            [
              110.208267,
              -7.476593,
              0.0
            ],
            [
              110.208391,
              -7.476536,
              0.0
            ],
            [
              110.208896,
              -7.475527,
              0.0
            ],
            [
              110.209871,
              -7.473854,
              0.0
            ],
            [
              110.209843,
              -7.47359,
              0.0
            ],
            [
              110.209678,
              -7.473347,
              0.0
            ],
            [
              110.208879,
              -7.472726,
              0.0
            ],
            [
              110.208772,
              -7.472584,
              0.0
            ],
            [
              110.208672,
              -7.472319,
              0.0
            ],
            [
              110.208679,
              -7.47197,
              0.0
            ],
            [
              110.208907,
              -7.471077,
              0.0
            ],
            [
              110.209136,
              -7.470563,
              0.0
            ],
            [
              110.209978,
              -7.469229,
              0.0
            ],
            [
              110.210556,
              -7.468058,
              0.0
            ],
            [
              110.210892,
              -7.466923,
              0.0
            ],
            [
              110.21122,
              -7.464646,
              0.0
            ],
            [
              110.211312,
              -7.463695,
              0.0
            ]
          ]
        ]
      }
    }
  ]
}

