{
  "type": "FeatureCollection",
  "features": [
    {"type":"Feature","id":"330801","properties":{"id":"330801","name":"Salaman","slug":"salaman","role":"context","sourceCode":"33.08.01","county":"Magelang","province":"Jawa Tengah","boundarySource":"BIG BATAS_KECAMATAN_AR"},"geometry":{"type":"Polygon","coordinates":[[[110.122608,-7.521697,0],[110.121279,-7.52089,0],[110.118398,-7.520333,0],[110.118395,-7.521731,0],[110.118031,-7.522787,0],[110.117339,-7.523551,0],[110.117456,-7.524233,0],[110.116393,-7.525464,0],[110.116514,-7.525878,0],[110.11587,-7.526479,0],[110.115658,-7.526996,0],[110.116241,-7.528636,0],[110.117101,-7.528808,0],[110.116628,-7.529224,0],[110.116766,-7.530157,0],[110.116657,-7.531503,0],[110.117088,-7.53238,0],[110.116659,-7.533377,0],[110.116106,-7.533309,0],[110.115499,-7.533981,0],[110.115339,-7.534564,0],[110.115023,-7.534856,0],[110.114901,-7.534455,0],[110.114292,-7.533845,0],[110.114359,-7.533296,0],[110.114191,-7.532853,0],[110.113592,-7.532117,0],[110.113353,-7.53135,0],[110.112963,-7.531026,0],[110.112511,-7.529669,0],[110.111783,-7.528695,0],[110.111654,-7.527503,0],[110.111393,-7.527094,0],[110.111438,-7.52639,0],[110.111221,-7.525828,0],[110.110802,-7.525417,0],[110.110893,-7.525019,0],[110.110392,-7.524728,0],[110.109412,-7.524694,0],[110.10882,-7.525089,0],[110.108373,-7.524741,0],[110.107735,-7.525042,0],[110.107789,-7.525584,0],[110.108554,-7.526442,0],[110.108613,-7.526935,0],[110.108916,-7.527137,0],[110.109824,-7.527044,0],[110.110171,-7.52733,0],[110.11052,-7.528454,0],[110.110094,-7.528785,0],[110.110191,-7.529287,0],[110.110772,-7.52997,0],[110.110122,-7.530313,0],[110.110065,-7.530013,0],[110.109601,-7.530306,0],[110.109401,-7.530763,0],[110.109722,-7.531712,0],[110.109277,-7.531504,0],[110.10944,-7.531773,0],[110.10938,-7.53225,0],[110.109623,-7.532481,0],[110.10953,-7.532869,0],[110.109729,-7.533412,0],[110.110267,-7.533764,0],[110.110747,-7.534647,0],[110.110865,-7.536032,0],[110.110501,-7.536842,0],[110.110712,-7.537806,0],[110.111265,-7.538295,0],[110.111072,-7.538662,0],[110.111118,-7.539049,0],[110.110822,-7.539135,0],[110.1114,-7.541642,0],[110.111306,-7.544316,0],[110.111472,-7.545885,0],[110.111661,-7.546289,0],[110.110819,-7.546666,0],[110.110451,-7.546556,0],[110.110569,-7.546402,0],[110.110151,-7.545617,0],[110.109224,-7.545615,0],[110.109022,-7.54582,0],[110.108502,-7.545473,0],[110.107622,-7.544465,0],[110.107655,-7.544249,0],[110.10713,-7.543854,0],[110.106481,-7.542716,0],[110.104927,-7.541893,0],[110.103212,-7.540343,0],[110.102487,-7.540573,0],[110.102104,-7.54102,0],[110.101783,-7.541144,0],[110.101652,-7.540933,0],[110.101541,-7.541196,0],[110.101472,-7.540944,0],[110.101085,-7.541023,0],[110.100658,-7.540469,0],[110.100673,-7.540894,0],[110.100875,-7.541228,0],[110.100743,-7.541977,0],[110.100535,-7.542159,0],[110.100525,-7.543042,0],[110.100062,-7.543645,0],[110.100136,-7.543923,0],[110.100453,-7.544196,0],[110.100548,-7.544618,0],[110.100462,-7.545776,0],[110.100023,-7.546346,0],[110.100795,-7.546757,0],[110.100708,-7.5479,0],[110.10119,-7.548158,0],[110.100642,-7.54843,0],[110.100503,-7.548267,0],[110.100346,-7.548333,0],[110.100688,-7.549767,0],[110.100263,-7.550177,0],[110.09955,-7.549591,0],[110.098999,-7.548554,0],[110.097984,-7.547717,0],[110.097459,-7.547465,0],[110.097449,-7.547767,0],[110.097614,-7.547955,0],[110.097371,-7.548172,0],[110.095862,-7.546715,0],[110.095027,-7.54667,0],[110.094179,-7.545524,0],[110.093939,-7.54406,0],[110.094386,-7.543863,0],[110.094219,-7.54357,0],[110.093654,-7.543344,0],[110.092543,-7.543296,0],[110.092423,-7.5429,0],[110.093197,-7.542452,0],[110.093378,-7.542167,0],[110.092501,-7.540157,0],[110.09187,-7.53977,0],[110.091932,-7.538575,0],[110.091812,-7.538306,0],[110.091155,-7.537819,0],[110.090713,-7.537059,0],[110.090567,-7.536507,0],[110.0906,-7.535655,0],[110.090465,-7.535445,0],[110.089826,-7.535831,0],[110.089636,-7.535787,0],[110.089568,-7.535214,0],[110.088332,-7.534682,0],[110.087459,-7.535301,0],[110.086242,-7.535159,0],[110.08596,-7.535662,0],[110.085172,-7.535286,0],[110.084842,-7.535508,0],[110.085047,-7.535833,0],[110.084217,-7.536041,0],[110.083586,-7.536933,0],[110.08364,-7.537257,0],[110.083456,-7.537572,0],[110.083189,-7.536968,0],[110.083254,-7.536647,0],[110.083083,-7.536611,0],[110.082598,-7.53704,0],[110.082148,-7.537804,0],[110.081862,-7.537963,0],[110.080923,-7.537089,0],[110.080105,-7.535854,0],[110.079205,-7.535752,0],[110.078576,-7.535074,0],[110.077565,-7.534753,0],[110.07656,-7.535329,0],[110.076279,-7.535698,0],[110.076177,-7.536597,0],[110.075299,-7.537627,0],[110.075086,-7.53813,0],[110.07521,-7.538175,0],[110.07529,-7.538873,0],[110.07582,-7.539652,0],[110.07588,-7.540248,0],[110.076921,-7.541408,0],[110.077336,-7.542586,0],[110.077271,-7.543013,0],[110.076846,-7.543266,0],[110.076675,-7.544737,0],[110.076868,-7.545308,0],[110.076441,-7.545667,0],[110.076244,-7.546796,0],[110.076839,-7.547401,0],[110.076749,-7.547981,0],[110.07713,-7.549016,0],[110.07814,-7.550132,0],[110.078716,-7.550427,0],[110.078671,-7.551825,0],[110.079161,-7.551668,0],[110.079512,-7.552155,0],[110.079988,-7.552289,0],[110.07997,-7.553133,0],[110.080274,-7.553551,0],[110.08174,-7.554037,0],[110.081754,-7.554265,0],[110.081221,-7.555017,0],[110.081183,-7.555374,0],[110.081331,-7.556473,0],[110.081783,-7.556802,0],[110.081783,-7.557125,0],[110.08036,-7.557392,0],[110.07938,-7.558058,0],[110.079151,-7.558015,0],[110.079227,-7.55733,0],[110.078804,-7.55724,0],[110.078404,-7.558792,0],[110.077862,-7.558682,0],[110.077469,-7.558824,0],[110.076991,-7.558393,0],[110.076719,-7.558863,0],[110.076239,-7.558806,0],[110.075995,-7.558981,0],[110.075638,-7.558432,0],[110.074817,-7.558467,0],[110.073297,-7.557775,0],[110.071315,-7.558416,0],[110.070654,-7.558345,0],[110.070129,-7.558665,0],[110.069612,-7.558421,0],[110.069483,-7.558662,0],[110.068571,-7.558253,0],[110.068357,-7.558542,0],[110.068047,-7.558426,0],[110.067252,-7.558526,0],[110.067167,-7.558661,0],[110.067067,-7.558504,0],[110.066671,-7.558623,0],[110.066496,-7.558448,0],[110.066261,-7.558546,0],[110.065012,-7.5577,0],[110.064222,-7.557481,0],[110.063537,-7.556939,0],[110.06328,-7.556948,0],[110.062518,-7.557424,0],[110.062352,-7.557334,0],[110.062266,-7.556834,0],[110.060817,-7.55642,0],[110.060254,-7.556949,0],[110.059565,-7.55702,0],[110.059041,-7.557411,0],[110.058433,-7.55739,0],[110.057939,-7.55828,0],[110.058874,-7.558979,0],[110.059043,-7.559323,0],[110.059193,-7.55983,0],[110.059171,-7.561051,0],[110.059001,-7.561331,0],[110.057811,-7.561636,0],[110.057697,-7.562142,0],[110.05779,-7.562513,0],[110.056995,-7.56366,0],[110.056918,-7.564664,0],[110.057081,-7.565189,0],[110.057677,-7.565914,0],[110.057119,-7.566935,0],[110.056805,-7.569032,0],[110.055875,-7.570333,0],[110.056471,-7.570949,0],[110.056445,-7.572622,0],[110.058945,-7.574138,0],[110.0597,-7.575487,0],[110.060165,-7.575154,0],[110.060706,-7.574277,0],[110.060867,-7.573545,0],[110.06182,-7.573014,0],[110.062193,-7.572309,0],[110.062518,-7.572111,0],[110.063255,-7.573116,0],[110.063657,-7.573316,0],[110.06443,-7.573309,0],[110.064725,-7.573029,0],[110.064902,-7.57208,0],[110.065267,-7.571303,0],[110.06569,-7.571014,0],[110.066968,-7.571171,0],[110.067824,-7.570982,0],[110.069728,-7.57143,0],[110.071871,-7.572312,0],[110.073067,-7.573029,0],[110.073489,-7.573654,0],[110.073766,-7.574944,0],[110.074335,-7.576417,0],[110.074666,-7.576467,0],[110.077348,-7.571139,0],[110.079753,-7.569065,0],[110.081078,-7.569006,0],[110.085529,-7.566812,0],[110.089891,-7.566349,0],[110.091519,-7.565575,0],[110.093085,-7.565805,0],[110.094167,-7.565692,0],[110.095721,-7.566851,0],[110.098394,-7.567259,0],[110.101689,-7.56961,0],[110.102914,-7.572229,0],[110.100438,-7.575811,0],[110.101874,-7.577028,0],[110.101892,-7.584235,0],[110.102447,-7.586975,0],[110.102336,-7.587801,0],[110.102895,-7.589024,0],[110.102811,-7.589758,0],[110.103036,-7.590555,0],[110.103557,-7.591118,0],[110.104825,-7.591371,0],[110.105527,-7.591069,0],[110.105808,-7.591165,0],[110.107268,-7.592283,0],[110.107413,-7.593134,0],[110.108876,-7.59501,0],[110.109832,-7.595753,0],[110.110467,-7.59781,0],[110.111309,-7.5996,0],[110.111857,-7.599927,0],[110.112853,-7.601268,0],[110.113431,-7.601269,0],[110.114994,-7.602194,0],[110.115877,-7.603019,0],[110.116318,-7.605134,0],[110.11847,-7.607849,0],[110.120307,-7.608645,0],[110.120528,-7.610319,0],[110.121078,-7.61127,0],[110.121449,-7.612329,0],[110.12129,-7.616462,0],[110.122509,-7.620616,0],[110.121384,-7.622549,0],[110.121355,-7.623535,0],[110.121867,-7.624323,0],[110.122235,-7.624513,0],[110.12386,-7.626353,0],[110.123925,-7.626724,0],[110.123776,-7.627067,0],[110.123948,-7.627493,0],[110.124285,-7.627819,0],[110.124407,-7.628208,0],[110.124987,-7.628707,0],[110.125269,-7.629313,0],[110.125108,-7.629576,0],[110.125342,-7.630834,0],[110.125869,-7.631362,0],[110.126289,-7.631395,0],[110.127855,-7.632213,0],[110.129042,-7.6334,0],[110.130471,-7.633728,0],[110.131354,-7.634182,0],[110.133072,-7.635678,0],[110.133532,-7.637443,0],[110.133877,-7.637941,0],[110.134273,-7.638295,0],[110.13541,-7.638849,0],[110.136776,-7.640317,0],[110.138389,-7.642463,0],[110.139551,-7.644374,0],[110.139839,-7.644628,0],[110.140485,-7.644665,0],[110.141143,-7.644316,0],[110.141444,-7.644806,0],[110.141872,-7.644923,0],[110.142767,-7.645751,0],[110.143516,-7.646771,0],[110.143928,-7.647638,0],[110.144099,-7.648393,0],[110.144109,-7.649609,0],[110.144446,-7.650538,0],[110.145159,-7.650675,0],[110.147119,-7.650431,0],[110.147824,-7.650103,0],[110.149024,-7.648577,0],[110.14959,-7.64758,0],[110.150212,-7.647099,0],[110.153764,-7.646745,0],[110.155682,-7.64702,0],[110.158058,-7.646894,0],[110.158116,-7.645296,0],[110.157628,-7.644671,0],[110.157938,-7.644334,0],[110.157982,-7.643882,0],[110.158821,-7.642847,0],[110.158903,-7.640452,0],[110.159067,-7.639812,0],[110.160313,-7.638604,0],[110.161,-7.638819,0],[110.161777,-7.638689,0],[110.162143,-7.637653,0],[110.162435,-7.637314,0],[110.162375,-7.636892,0],[110.162725,-7.636789,0],[110.162808,-7.636442,0],[110.163366,-7.636038,0],[110.16343,-7.634412,0],[110.163309,-7.633924,0],[110.162592,-7.632696,0],[110.162488,-7.632117,0],[110.162604,-7.63143,0],[110.162316,-7.630862,0],[110.16063,-7.630348,0],[110.160056,-7.629888,0],[110.159568,-7.629068,0],[110.15949,-7.628332,0],[110.158686,-7.627812,0],[110.157585,-7.626524,0],[110.153528,-7.623621,0],[110.153817,-7.622687,0],[110.156861,-7.619022,0],[110.157386,-7.617989,0],[110.157455,-7.617535,0],[110.15741,-7.617172,0],[110.15707,-7.616741,0],[110.155945,-7.616093,0],[110.155109,-7.613143,0],[110.154975,-7.612101,0],[110.155396,-7.606219,0],[110.155152,-7.604016,0],[110.154815,-7.60342,0],[110.153686,-7.602822,0],[110.151356,-7.599751,0],[110.150691,-7.598476,0],[110.150398,-7.597296,0],[110.151751,-7.596624,0],[110.156338,-7.594997,0],[110.158792,-7.59359,0],[110.15852,-7.590685,0],[110.158962,-7.590906,0],[110.159092,-7.590701,0],[110.157404,-7.589742,0],[110.157122,-7.589397,0],[110.157181,-7.588676,0],[110.156828,-7.588626,0],[110.156825,-7.588487,0],[110.158197,-7.587203,0],[110.158987,-7.587543,0],[110.158689,-7.588512,0],[110.158937,-7.588631,0],[110.159582,-7.587249,0],[110.159107,-7.586497,0],[110.159463,-7.58619,0],[110.160223,-7.586055,0],[110.161077,-7.586746,0],[110.161198,-7.585863,0],[110.161458,-7.585929,0],[110.16153,-7.585723,0],[110.161247,-7.585641,0],[110.161316,-7.585393,0],[110.161742,-7.585445,0],[110.161839,-7.585173,0],[110.161381,-7.584957,0],[110.161452,-7.584376,0],[110.15984,-7.583388,0],[110.159574,-7.582973,0],[110.160114,-7.581597,0],[110.160037,-7.580788,0],[110.160518,-7.57977,0],[110.160225,-7.578483,0],[110.160528,-7.577736,0],[110.161131,-7.577389,0],[110.161376,-7.576944,0],[110.161325,-7.575811,0],[110.162249,-7.575765,0],[110.162456,-7.573656,0],[110.16366,-7.573862,0],[110.163634,-7.573512,0],[110.164067,-7.573168,0],[110.163843,-7.573043,0],[110.163858,-7.572763,0],[110.163706,-7.572862,0],[110.16276,-7.572335,0],[110.161734,-7.57212,0],[110.161867,-7.571613,0],[110.162852,-7.5703,0],[110.162307,-7.569065,0],[110.162696,-7.568517,0],[110.163163,-7.567073,0],[110.163133,-7.566153,0],[110.163286,-7.565521,0],[110.162677,-7.565157,0],[110.162065,-7.564414,0],[110.160174,-7.564019,0],[110.159786,-7.564186,0],[110.159462,-7.564575,0],[110.159188,-7.56445,0],[110.159159,-7.563725,0],[110.158799,-7.563643,0],[110.158476,-7.56333,0],[110.157632,-7.563179,0],[110.156538,-7.562632,0],[110.155289,-7.563172,0],[110.156035,-7.564211,0],[110.156141,-7.564707,0],[110.155685,-7.56524,0],[110.154894,-7.565552,0],[110.154903,-7.565865,0],[110.153981,-7.565597,0],[110.153594,-7.565647,0],[110.15319,-7.566058,0],[110.151133,-7.565988,0],[110.15076,-7.566763,0],[110.150368,-7.566479,0],[110.149528,-7.567714,0],[110.149185,-7.567539,0],[110.148785,-7.568082,0],[110.14851,-7.56775,0],[110.148533,-7.566345,0],[110.148371,-7.565957,0],[110.147471,-7.566288,0],[110.147485,-7.565729,0],[110.1472,-7.565728,0],[110.147086,-7.565992,0],[110.146744,-7.565815,0],[110.147107,-7.564592,0],[110.14706,-7.564012,0],[110.146868,-7.56388,0],[110.146925,-7.563389,0],[110.146512,-7.56351,0],[110.146206,-7.563269,0],[110.145202,-7.56363,0],[110.145141,-7.56303,0],[110.145006,-7.562773,0],[110.144849,-7.56278,0],[110.144886,-7.562983,0],[110.144674,-7.563152,0],[110.144345,-7.562983,0],[110.144313,-7.563604,0],[110.143972,-7.564438,0],[110.143594,-7.564413,0],[110.143298,-7.564056,0],[110.14242,-7.564108,0],[110.140801,-7.561964,0],[110.141226,-7.56167,0],[110.141479,-7.56118,0],[110.141274,-7.560043,0],[110.141548,-7.560043,0],[110.141879,-7.560345,0],[110.142049,-7.560246,0],[110.141797,-7.558093,0],[110.141054,-7.558468,0],[110.139677,-7.558757,0],[110.139323,-7.558964,0],[110.138149,-7.55909,0],[110.136841,-7.557965,0],[110.136404,-7.557282,0],[110.136566,-7.555132,0],[110.136428,-7.554092,0],[110.135434,-7.552524,0],[110.136007,-7.552185,0],[110.135559,-7.551331,0],[110.135333,-7.551209,0],[110.134844,-7.551325,0],[110.134022,-7.548934,0],[110.133631,-7.546155,0],[110.134175,-7.545213,0],[110.13413,-7.543609,0],[110.13495,-7.541265,0],[110.135388,-7.538155,0],[110.134918,-7.53826,0],[110.134472,-7.538158,0],[110.134949,-7.536653,0],[110.134194,-7.535469,0],[110.134031,-7.533653,0],[110.133478,-7.532678,0],[110.133832,-7.532193,0],[110.133528,-7.531804,0],[110.133474,-7.530635,0],[110.133794,-7.528804,0],[110.133437,-7.527776,0],[110.132412,-7.52669,0],[110.132277,-7.526289,0],[110.132471,-7.525707,0],[110.133595,-7.523917,0],[110.130561,-7.524061,0],[110.130511,-7.523804,0],[110.13014,-7.523969,0],[110.129768,-7.523787,0],[110.129651,-7.523547,0],[110.128894,-7.523351,0],[110.125824,-7.52187,0],[110.125493,-7.521895,0],[110.125195,-7.522319,0],[110.124401,-7.522249,0],[110.12356,-7.52184,0],[110.122608,-7.521697,0]]]}},
    {"type":"Feature","id":"330802","properties":{"id":"330802","name":"Borobudur","slug":"borobudur","role":"context","sourceCode":"33.08.02","county":"Magelang","province":"Jawa Tengah","boundarySource":"BIG BATAS_KECAMATAN_AR"},"geometry":{"type":"Polygon","coordinates":[[[110.195687,-7.573738,0],[110.195698,-7.573054,0],[110.195454,-7.572302,0],[110.195273,-7.571948,0],[110.194784,-7.571631,0],[110.194237,-7.571601,0],[110.194079,-7.57183,0],[110.194047,-7.573597,0],[110.194017,-7.573812,0],[110.193836,-7.573864,0],[110.192818,-7.573438,0],[110.192017,-7.572899,0],[110.191602,-7.572371,0],[110.191297,-7.572285,0],[110.189867,-7.572933,0],[110.189007,-7.574528,0],[110.188913,-7.575238,0],[110.18916,-7.575631,0],[110.189155,-7.575992,0],[110.188669,-7.576391,0],[110.187648,-7.576466,0],[110.187581,-7.576609,0],[110.187922,-7.577692,0],[110.187851,-7.578613,0],[110.187337,-7.579095,0],[110.185886,-7.579119,0],[110.184808,-7.57943,0],[110.18462,-7.579724,0],[110.184786,-7.581019,0],[110.184554,-7.582159,0],[110.184743,-7.583654,0],[110.18427,-7.584206,0],[110.182907,-7.584148,0],[110.182458,-7.584572,0],[110.182308,-7.586339,0],[110.182769,-7.587143,0],[110.182442,-7.587393,0],[110.181888,-7.587266,0],[110.181768,-7.587488,0],[110.182026,-7.589026,0],[110.181304,-7.590314,0],[110.181068,-7.591097,0],[110.180729,-7.591614,0],[110.180311,-7.591894,0],[110.179964,-7.593225,0],[110.179577,-7.593314,0],[110.179257,-7.593193,0],[110.178501,-7.593518,0],[110.177907,-7.593565,0],[110.176724,-7.593083,0],[110.176277,-7.593112,0],[110.175721,-7.592435,0],[110.175719,-7.591705,0],[110.175085,-7.590598,0],[110.175043,-7.589601,0],[110.175234,-7.588327,0],[110.172865,-7.588362,0],[110.171625,-7.58809,0],[110.169471,-7.587299,0],[110.165827,-7.585096,0],[110.165596,-7.58506,0],[110.165478,-7.585242,0],[110.165563,-7.586271,0],[110.16541,-7.586483,0],[110.165051,-7.586309,0],[110.164861,-7.585393,0],[110.164337,-7.584985,0],[110.163929,-7.584883,0],[110.163561,-7.583052,0],[110.163343,-7.582707,0],[110.162684,-7.582514,0],[110.162003,-7.58264,0],[110.161766,-7.582827,0],[110.161769,-7.584074,0],[110.161452,-7.584376,0],[110.161381,-7.584957,0],[110.161839,-7.585173,0],[110.161742,-7.585445,0],[110.161316,-7.585393,0],[110.161247,-7.585641,0],[110.16153,-7.585723,0],[110.161458,-7.585929,0],[110.161198,-7.585863,0],[110.161077,-7.586746,0],[110.160223,-7.586055,0],[110.159463,-7.58619,0],[110.159107,-7.586497,0],[110.159582,-7.587249,0],[110.159041,-7.588542,0],[110.158689,-7.588512,0],[110.158987,-7.587543,0],[110.158197,-7.587203,0],[110.156825,-7.588487,0],[110.156828,-7.588626,0],[110.157181,-7.588676,0],[110.157122,-7.589397,0],[110.157404,-7.589742,0],[110.159092,-7.590701,0],[110.158962,-7.590906,0],[110.15852,-7.590685,0],[110.158792,-7.59359,0],[110.156338,-7.594997,0],[110.151751,-7.596624,0],[110.150398,-7.597296,0],[110.150691,-7.598476,0],[110.151356,-7.599751,0],[110.153686,-7.602822,0],[110.154815,-7.60342,0],[110.155152,-7.604016,0],[110.155396,-7.606219,0],[110.154975,-7.612101,0],[110.155109,-7.613143,0],[110.155945,-7.616093,0],[110.15707,-7.616741,0],[110.15741,-7.617172,0],[110.157455,-7.617535,0],[110.157386,-7.617989,0],[110.156861,-7.619022,0],[110.153817,-7.622687,0],[110.153528,-7.623621,0],[110.157585,-7.626524,0],[110.158686,-7.627812,0],[110.15949,-7.628332,0],[110.159568,-7.629068,0],[110.160056,-7.629888,0],[110.16063,-7.630348,0],[110.162316,-7.630862,0],[110.162604,-7.63143,0],[110.162488,-7.632117,0],[110.162592,-7.632696,0],[110.163309,-7.633924,0],[110.163473,-7.634659,0],[110.163349,-7.636091,0],[110.162808,-7.636442,0],[110.162725,-7.636789,0],[110.162375,-7.636892,0],[110.162435,-7.637314,0],[110.162143,-7.637653,0],[110.161777,-7.638689,0],[110.161,-7.638819,0],[110.160313,-7.638604,0],[110.159067,-7.639812,0],[110.158903,-7.640452,0],[110.158821,-7.642847,0],[110.157982,-7.643882,0],[110.157938,-7.644334,0],[110.157628,-7.644671,0],[110.158116,-7.645296,0],[110.158058,-7.646894,0],[110.160884,-7.646819,0],[110.166053,-7.647736,0],[110.169484,-7.648525,0],[110.170388,-7.64856,0],[110.173761,-7.647793,0],[110.180307,-7.647537,0],[110.183406,-7.646836,0],[110.185027,-7.646254,0],[110.187129,-7.645843,0],[110.189388,-7.645646,0],[110.190652,-7.646124,0],[110.191646,-7.647247,0],[110.192333,-7.648714,0],[110.1927,-7.64909,0],[110.193479,-7.64944,0],[110.1956,-7.649807,0],[110.196785,-7.650328,0],[110.198772,-7.653133,0],[110.199706,-7.653268,0],[110.201113,-7.653799,0],[110.202286,-7.653931,0],[110.203558,-7.653733,0],[110.205504,-7.653119,0],[110.208743,-7.651448,0],[110.209706,-7.65076,0],[110.210455,-7.649858,0],[110.212487,-7.646493,0],[110.21393,-7.645957,0],[110.215087,-7.645866,0],[110.21759,-7.646348,0],[110.218526,-7.647059,0],[110.219891,-7.647535,0],[110.222028,-7.648924,0],[110.223545,-7.649325,0],[110.225773,-7.649609,0],[110.229535,-7.650634,0],[110.231779,-7.650976,0],[110.235598,-7.652209,0],[110.236898,-7.652908,0],[110.23777,-7.653191,0],[110.239748,-7.653227,0],[110.24306,-7.652611,0],[110.244097,-7.651303,0],[110.245739,-7.649645,0],[110.246578,-7.649069,0],[110.248345,-7.64617,0],[110.249982,-7.6453,0],[110.250399,-7.642953,0],[110.251167,-7.641998,0],[110.251603,-7.642013,0],[110.249156,-7.640499,0],[110.247879,-7.640096,0],[110.246662,-7.639975,0],[110.246001,-7.639728,0],[110.245853,-7.639457,0],[110.245897,-7.638199,0],[110.246282,-7.637268,0],[110.248001,-7.635706,0],[110.248174,-7.635363,0],[110.248046,-7.634862,0],[110.247571,-7.634357,0],[110.246284,-7.63364,0],[110.244389,-7.633055,0],[110.243161,-7.633033,0],[110.241338,-7.633687,0],[110.24035,-7.633479,0],[110.239042,-7.632103,0],[110.2378,-7.629381,0],[110.23721,-7.628648,0],[110.236102,-7.628435,0],[110.232983,-7.628307,0],[110.232605,-7.62803,0],[110.232347,-7.627347,0],[110.23254,-7.626601,0],[110.234736,-7.625352,0],[110.235712,-7.625052,0],[110.236301,-7.624528,0],[110.236302,-7.624094,0],[110.236179,-7.623314,0],[110.235127,-7.622217,0],[110.23429,-7.622235,0],[110.232739,-7.623424,0],[110.231639,-7.623726,0],[110.230667,-7.623434,0],[110.230107,-7.62274,0],[110.230289,-7.62153,0],[110.231992,-7.617037,0],[110.231479,-7.615414,0],[110.231055,-7.614606,0],[110.230457,-7.613905,0],[110.229264,-7.613514,0],[110.22863,-7.612789,0],[110.227755,-7.612195,0],[110.227047,-7.612535,0],[110.226526,-7.612594,0],[110.225704,-7.612353,0],[110.225208,-7.611724,0],[110.224958,-7.610724,0],[110.224953,-7.61015,0],[110.225542,-7.6092,0],[110.225382,-7.608063,0],[110.224545,-7.60702,0],[110.223842,-7.607491,0],[110.223175,-7.608364,0],[110.222989,-7.608369,0],[110.222151,-7.607698,0],[110.220863,-7.607199,0],[110.220612,-7.606385,0],[110.220741,-7.604907,0],[110.221263,-7.604483,0],[110.222655,-7.604031,0],[110.222686,-7.603612,0],[110.222268,-7.602995,0],[110.221761,-7.602686,0],[110.221027,-7.602559,0],[110.219099,-7.601285,0],[110.217558,-7.601162,0],[110.216149,-7.600685,0],[110.21562,-7.600005,0],[110.215262,-7.599043,0],[110.214968,-7.598669,0],[110.212977,-7.597718,0],[110.212314,-7.597166,0],[110.21055,-7.595027,0],[110.209309,-7.594608,0],[110.208638,-7.593946,0],[110.208919,-7.591339,0],[110.208868,-7.590165,0],[110.208501,-7.590092,0],[110.207565,-7.590618,0],[110.206978,-7.590438,0],[110.206828,-7.590107,0],[110.206759,-7.588729,0],[110.205286,-7.587495,0],[110.205836,-7.585906,0],[110.20539,-7.583546,0],[110.204996,-7.582688,0],[110.204626,-7.582342,0],[110.204259,-7.582392,0],[110.20366,-7.583561,0],[110.203242,-7.58379,0],[110.20235,-7.583512,0],[110.2019,-7.583083,0],[110.201105,-7.581998,0],[110.200664,-7.580932,0],[110.199868,-7.580262,0],[110.199207,-7.579259,0],[110.197746,-7.578327,0],[110.196151,-7.576688,0],[110.195612,-7.575284,0],[110.195522,-7.574614,0],[110.195687,-7.573738,0]]]}},
    {"type":"Feature","id":"330803","properties":{"id":"330803","name":"Ngluwar","slug":"ngluwar","role":"context","sourceCode":"33.08.03","county":"Magelang","province":"Jawa Tengah","boundarySource":"BIG BATAS_KECAMATAN_AR"},"geometry":{"type":"Polygon","coordinates":[[[110.261811,-7.624537,0],[110.260239,-7.623364,0],[110.258732,-7.624827,0],[110.257589,-7.626279,0],[110.257407,-7.628514,0],[110.25715,-7.629068,0],[110.256163,-7.630808,0],[110.255236,-7.631288,0],[110.254431,-7.632446,0],[110.254063,-7.633357,0],[110.253627,-7.633306,0],[110.253599,-7.632894,0],[110.253158,-7.632817,0],[110.252976,-7.632575,0],[110.251877,-7.633035,0],[110.251444,-7.632965,0],[110.250519,-7.632428,0],[110.250455,-7.632905,0],[110.249857,-7.633047,0],[110.249503,-7.633894,0],[110.249092,-7.634223,0],[110.248661,-7.635109,0],[110.248174,-7.635363,0],[110.247647,-7.6361,0],[110.246397,-7.637099,0],[110.245897,-7.638199,0],[110.245793,-7.639002,0],[110.246001,-7.639728,0],[110.249156,-7.640499,0],[110.251603,-7.642013,0],[110.252705,-7.642336,0],[110.253905,-7.642172,0],[110.255377,-7.642447,0],[110.257086,-7.643256,0],[110.258676,-7.64369,0],[110.261511,-7.644889,0],[110.263959,-7.646388,0],[110.264973,-7.648023,0],[110.26615,-7.649369,0],[110.266012,-7.650085,0],[110.264584,-7.651383,0],[110.264062,-7.65244,0],[110.263969,-7.653273,0],[110.264453,-7.654882,0],[110.264435,-7.655875,0],[110.263362,-7.657319,0],[110.263044,-7.659295,0],[110.263227,-7.660821,0],[110.263402,-7.661123,0],[110.26535,-7.661513,0],[110.26662,-7.662511,0],[110.266928,-7.663363,0],[110.266976,-7.664804,0],[110.266764,-7.665494,0],[110.265426,-7.667938,0],[110.265246,-7.672057,0],[110.264719,-7.675661,0],[110.264543,-7.676064,0],[110.26361,-7.677118,0],[110.262955,-7.679576,0],[110.263125,-7.680427,0],[110.264406,-7.681042,0],[110.264538,-7.68151,0],[110.263973,-7.682739,0],[110.262549,-7.683351,0],[110.261136,-7.684732,0],[110.260812,-7.685872,0],[110.26074,-7.687496,0],[110.260872,-7.68779,0],[110.26121,-7.687973,0],[110.263436,-7.688244,0],[110.264192,-7.689354,0],[110.265644,-7.690996,0],[110.266011,-7.693644,0],[110.267531,-7.695224,0],[110.267991,-7.696289,0],[110.268573,-7.697076,0],[110.268688,-7.697613,0],[110.268403,-7.699187,0],[110.27015,-7.70162,0],[110.270667,-7.70276,0],[110.270684,-7.704157,0],[110.270013,-7.705286,0],[110.269912,-7.705971,0],[110.270362,-7.706287,0],[110.271856,-7.706472,0],[110.272223,-7.706312,0],[110.27251,-7.705755,0],[110.272991,-7.704089,0],[110.27335,-7.7019,0],[110.273799,-7.700754,0],[110.275874,-7.698543,0],[110.277134,-7.696333,0],[110.278941,-7.694805,0],[110.280641,-7.692656,0],[110.28158,-7.689445,0],[110.282049,-7.688337,0],[110.282498,-7.688017,0],[110.284362,-7.687556,0],[110.285663,-7.686044,0],[110.286019,-7.685041,0],[110.286232,-7.680506,0],[110.286433,-7.679951,0],[110.287252,-7.678916,0],[110.290136,-7.675943,0],[110.290478,-7.675324,0],[110.2909,-7.673387,0],[110.291379,-7.67254,0],[110.292137,-7.6718,0],[110.294333,-7.670263,0],[110.29468,-7.669612,0],[110.294763,-7.668569,0],[110.295251,-7.667624,0],[110.295822,-7.666861,0],[110.298009,-7.664805,0],[110.300993,-7.661237,0],[110.301628,-7.659855,0],[110.301834,-7.657958,0],[110.302293,-7.656643,0],[110.302846,-7.655777,0],[110.303782,-7.655373,0],[110.302226,-7.654909,0],[110.301795,-7.653995,0],[110.300954,-7.653716,0],[110.300695,-7.653514,0],[110.30056,-7.653062,0],[110.299717,-7.652623,0],[110.299632,-7.652749,0],[110.29888,-7.652434,0],[110.29763,-7.652476,0],[110.29801,-7.652154,0],[110.297159,-7.651509,0],[110.297019,-7.650572,0],[110.296618,-7.649674,0],[110.296349,-7.64935,0],[110.296153,-7.649402,0],[110.296275,-7.648979,0],[110.296017,-7.64865,0],[110.294372,-7.648055,0],[110.292817,-7.647782,0],[110.2926,-7.647558,0],[110.292303,-7.646966,0],[110.292384,-7.646051,0],[110.292903,-7.645752,0],[110.293056,-7.645103,0],[110.29378,-7.645068,0],[110.294416,-7.64481,0],[110.294398,-7.644153,0],[110.293405,-7.643354,0],[110.29309,-7.643676,0],[110.292695,-7.64343,0],[110.293115,-7.642991,0],[110.292703,-7.642528,0],[110.291012,-7.643897,0],[110.290236,-7.642589,0],[110.288704,-7.641493,0],[110.288734,-7.641057,0],[110.288992,-7.640577,0],[110.288689,-7.639745,0],[110.288486,-7.639845,0],[110.28834,-7.640413,0],[110.287629,-7.64046,0],[110.28715,-7.640316,0],[110.286637,-7.640638,0],[110.28632,-7.640484,0],[110.28629,-7.639962,0],[110.285865,-7.639701,0],[110.284564,-7.639633,0],[110.284109,-7.639702,0],[110.283776,-7.640446,0],[110.28308,-7.640225,0],[110.281801,-7.640132,0],[110.281581,-7.640265,0],[110.281274,-7.640077,0],[110.281003,-7.640375,0],[110.280519,-7.640452,0],[110.280279,-7.640979,0],[110.280002,-7.641181,0],[110.279451,-7.640889,0],[110.279093,-7.640964,0],[110.278841,-7.641337,0],[110.278038,-7.641529,0],[110.277451,-7.641514,0],[110.277045,-7.641312,0],[110.27685,-7.641064,0],[110.276968,-7.64084,0],[110.277542,-7.640434,0],[110.278188,-7.639633,0],[110.278185,-7.638643,0],[110.27849,-7.63785,0],[110.278442,-7.637325,0],[110.27814,-7.636926,0],[110.278377,-7.636652,0],[110.278178,-7.636188,0],[110.278568,-7.635848,0],[110.278615,-7.635082,0],[110.278817,-7.634765,0],[110.279351,-7.63399,0],[110.279635,-7.633887,0],[110.27991,-7.633501,0],[110.27993,-7.63272,0],[110.280136,-7.632396,0],[110.27892,-7.632173,0],[110.278495,-7.632488,0],[110.278466,-7.632776,0],[110.277663,-7.633103,0],[110.27694,-7.63282,0],[110.276548,-7.632851,0],[110.275887,-7.632391,0],[110.275581,-7.632476,0],[110.275046,-7.631721,0],[110.274548,-7.631435,0],[110.273419,-7.631317,0],[110.272523,-7.630815,0],[110.272283,-7.630385,0],[110.272014,-7.628464,0],[110.271626,-7.628493,0],[110.271259,-7.629088,0],[110.270645,-7.628893,0],[110.270436,-7.628498,0],[110.269971,-7.628211,0],[110.269878,-7.627809,0],[110.269589,-7.627501,0],[110.268214,-7.626392,0],[110.267938,-7.626363,0],[110.266955,-7.625746,0],[110.266499,-7.625007,0],[110.265307,-7.625336,0],[110.265181,-7.62608,0],[110.264709,-7.625579,0],[110.262908,-7.624876,0],[110.262419,-7.624545,0],[110.261811,-7.624537,0]]]}},
    {"type":"Feature","id":"330804","properties":{"id":"330804","name":"Salam","slug":"salam","role":"context","sourceCode":"33.08.04","county":"Magelang","province":"Jawa Tengah","boundarySource":"BIG BATAS_KECAMATAN_AR"},"geometry":{"type":"Polygon","coordinates":[[[110.307455,-7.587238,0],[110.307347,-7.587008,0],[110.30694,-7.587246,0],[110.306328,-7.587168,0],[110.305911,-7.587514,0],[110.305336,-7.587439,0],[110.304812,-7.587696,0],[110.304511,-7.588232,0],[110.304062,-7.588344,0],[110.303549,-7.588857,0],[110.302902,-7.589126,0],[110.302529,-7.588982,0],[110.302281,-7.588295,0],[110.301888,-7.588213,0],[110.301735,-7.587955,0],[110.300825,-7.587374,0],[110.300516,-7.587518,0],[110.29983,-7.588418,0],[110.297793,-7.590286,0],[110.296728,-7.59084,0],[110.295779,-7.591122,0],[110.294745,-7.592218,0],[110.293336,-7.592874,0],[110.293207,-7.59328,0],[110.29217,-7.594185,0],[110.291522,-7.595258,0],[110.290614,-7.595679,0],[110.290094,-7.596843,0],[110.289345,-7.597129,0],[110.288131,-7.597113,0],[110.288045,-7.596792,0],[110.286774,-7.597082,0],[110.286995,-7.597445,0],[110.286402,-7.597575,0],[110.285564,-7.598675,0],[110.28506,-7.598937,0],[110.284649,-7.599418,0],[110.283713,-7.599855,0],[110.282531,-7.599294,0],[110.281731,-7.597943,0],[110.281379,-7.597763,0],[110.28076,-7.597716,0],[110.279603,-7.59829,0],[110.278792,-7.599278,0],[110.278503,-7.600265,0],[110.278556,-7.600649,0],[110.277912,-7.602716,0],[110.277936,-7.603369,0],[110.27734,-7.604196,0],[110.277083,-7.60583,0],[110.275936,-7.607953,0],[110.273843,-7.610262,0],[110.272092,-7.610297,0],[110.270383,-7.610835,0],[110.269174,-7.61103,0],[110.268725,-7.611348,0],[110.268307,-7.6121,0],[110.26792,-7.612276,0],[110.267665,-7.612852,0],[110.267488,-7.612907,0],[110.267545,-7.613024,0],[110.265882,-7.614477,0],[110.265025,-7.616432,0],[110.262809,-7.618313,0],[110.262214,-7.620379,0],[110.260239,-7.623364,0],[110.2612,-7.623986,0],[110.261635,-7.624508,0],[110.262419,-7.624545,0],[110.262908,-7.624876,0],[110.264709,-7.625579,0],[110.264838,-7.625852,0],[110.265043,-7.625817,0],[110.265096,-7.626067,0],[110.265307,-7.625336,0],[110.266499,-7.625007,0],[110.266955,-7.625746,0],[110.267938,-7.626363,0],[110.268214,-7.626392,0],[110.269589,-7.627501,0],[110.269878,-7.627809,0],[110.269971,-7.628211,0],[110.270436,-7.628498,0],[110.270645,-7.628893,0],[110.271259,-7.629088,0],[110.271626,-7.628493,0],[110.272014,-7.628464,0],[110.272283,-7.630385,0],[110.272523,-7.630815,0],[110.273419,-7.631317,0],[110.274548,-7.631435,0],[110.275046,-7.631721,0],[110.275581,-7.632476,0],[110.275887,-7.632391,0],[110.276548,-7.632851,0],[110.27694,-7.63282,0],[110.277663,-7.633103,0],[110.278466,-7.632776,0],[110.278495,-7.632488,0],[110.27892,-7.632173,0],[110.280136,-7.632396,0],[110.27993,-7.63272,0],[110.27991,-7.633501,0],[110.279635,-7.633887,0],[110.279351,-7.63399,0],[110.278817,-7.634765,0],[110.278615,-7.635082,0],[110.278568,-7.635848,0],[110.278178,-7.636188,0],[110.278377,-7.636652,0],[110.27814,-7.636926,0],[110.278442,-7.637325,0],[110.27849,-7.63785,0],[110.278185,-7.638643,0],[110.278188,-7.639633,0],[110.277542,-7.640434,0],[110.276968,-7.64084,0],[110.27685,-7.641064,0],[110.277045,-7.641312,0],[110.277451,-7.641514,0],[110.278038,-7.641529,0],[110.278841,-7.641337,0],[110.279093,-7.640964,0],[110.279451,-7.640889,0],[110.280002,-7.641181,0],[110.280279,-7.640979,0],[110.280519,-7.640452,0],[110.281003,-7.640375,0],[110.281274,-7.640077,0],[110.281581,-7.640265,0],[110.281801,-7.640132,0],[110.28308,-7.640225,0],[110.283776,-7.640446,0],[110.284109,-7.639702,0],[110.284564,-7.639633,0],[110.285865,-7.639701,0],[110.28629,-7.639962,0],[110.28632,-7.640484,0],[110.286637,-7.640638,0],[110.28715,-7.640316,0],[110.287629,-7.64046,0],[110.28834,-7.640413,0],[110.288486,-7.639845,0],[110.288689,-7.639745,0],[110.288992,-7.640577,0],[110.288734,-7.641057,0],[110.288704,-7.641493,0],[110.290236,-7.642589,0],[110.291012,-7.643897,0],[110.292703,-7.642528,0],[110.293115,-7.642991,0],[110.292695,-7.64343,0],[110.29309,-7.643676,0],[110.293405,-7.643354,0],[110.294398,-7.644153,0],[110.294416,-7.64481,0],[110.29378,-7.645068,0],[110.293056,-7.645103,0],[110.292903,-7.645752,0],[110.292384,-7.646051,0],[110.292303,-7.646966,0],[110.2926,-7.647558,0],[110.292817,-7.647782,0],[110.294372,-7.648055,0],[110.296017,-7.64865,0],[110.296275,-7.648979,0],[110.296153,-7.649402,0],[110.296349,-7.64935,0],[110.296618,-7.649674,0],[110.297019,-7.650572,0],[110.297159,-7.651509,0],[110.29801,-7.652154,0],[110.29763,-7.652476,0],[110.29888,-7.652434,0],[110.299632,-7.652749,0],[110.299717,-7.652623,0],[110.30056,-7.653062,0],[110.300695,-7.653514,0],[110.300954,-7.653716,0],[110.301795,-7.653995,0],[110.302226,-7.654909,0],[110.303782,-7.655373,0],[110.306262,-7.654842,0],[110.30734,-7.654422,0],[110.308149,-7.653642,0],[110.308788,-7.651953,0],[110.309124,-7.651583,0],[110.309733,-7.651346,0],[110.311126,-7.651253,0],[110.311965,-7.650951,0],[110.313472,-7.64998,0],[110.314565,-7.648581,0],[110.31528,-7.648048,0],[110.319022,-7.646922,0],[110.322381,-7.64505,0],[110.323124,-7.64417,0],[110.323697,-7.643043,0],[110.323881,-7.6421,0],[110.324101,-7.641767,0],[110.327231,-7.6402,0],[110.329275,-7.638894,0],[110.327856,-7.637219,0],[110.32912,-7.6361,0],[110.328977,-7.635936,0],[110.329432,-7.635713,0],[110.329031,-7.635359,0],[110.328976,-7.634575,0],[110.329913,-7.634059,0],[110.330148,-7.633708,0],[110.330839,-7.63377,0],[110.33114,-7.633594,0],[110.331826,-7.632637,0],[110.33236,-7.632692,0],[110.332706,-7.632427,0],[110.330715,-7.630485,0],[110.330708,-7.630285,0],[110.330405,-7.63,0],[110.330807,-7.629427,0],[110.330556,-7.628835,0],[110.33095,-7.627851,0],[110.330864,-7.62749,0],[110.331287,-7.626885,0],[110.331317,-7.625897,0],[110.332012,-7.625645,0],[110.332246,-7.625313,0],[110.331669,-7.624854,0],[110.33216,-7.624434,0],[110.330233,-7.623363,0],[110.329775,-7.622905,0],[110.330204,-7.622342,0],[110.331278,-7.621652,0],[110.330721,-7.620919,0],[110.330345,-7.621067,0],[110.330059,-7.62056,0],[110.330226,-7.619659,0],[110.329701,-7.619375,0],[110.329294,-7.618622,0],[110.328763,-7.618894,0],[110.328187,-7.620767,0],[110.32723,-7.621608,0],[110.326461,-7.621991,0],[110.326312,-7.622403,0],[110.325409,-7.623179,0],[110.325167,-7.623847,0],[110.32482,-7.623861,0],[110.323757,-7.623129,0],[110.321814,-7.623803,0],[110.322481,-7.622793,0],[110.323587,-7.620459,0],[110.32453,-7.619431,0],[110.323888,-7.619464,0],[110.324008,-7.619328,0],[110.323769,-7.619178,0],[110.324131,-7.618641,0],[110.324264,-7.618074,0],[110.32366,-7.617651,0],[110.323512,-7.617037,0],[110.323142,-7.616674,0],[110.322728,-7.616499,0],[110.322416,-7.616586,0],[110.321624,-7.617311,0],[110.321685,-7.617737,0],[110.322086,-7.618127,0],[110.321328,-7.618709,0],[110.321104,-7.618383,0],[110.321005,-7.617467,0],[110.320056,-7.618041,0],[110.31918,-7.618291,0],[110.318574,-7.618233,0],[110.318014,-7.617828,0],[110.3175,-7.617707,0],[110.31747,-7.61723,0],[110.317843,-7.61655,0],[110.317561,-7.615668,0],[110.31724,-7.615672,0],[110.317053,-7.616791,0],[110.316511,-7.617018,0],[110.316015,-7.617803,0],[110.315617,-7.617721,0],[110.315368,-7.617342,0],[110.314506,-7.616776,0],[110.314453,-7.616365,0],[110.314652,-7.616073,0],[110.315085,-7.61617,0],[110.315831,-7.615563,0],[110.315324,-7.615083,0],[110.315095,-7.61453,0],[110.314454,-7.613724,0],[110.3152,-7.613124,0],[110.315725,-7.612418,0],[110.314505,-7.611834,0],[110.314299,-7.61156,0],[110.314526,-7.611122,0],[110.313072,-7.610213,0],[110.314573,-7.608391,0],[110.3143,-7.607419,0],[110.315797,-7.60654,0],[110.316919,-7.605356,0],[110.316243,-7.604818,0],[110.315618,-7.603881,0],[110.315505,-7.60365,0],[110.315591,-7.602713,0],[110.317347,-7.602048,0],[110.316759,-7.600196,0],[110.315582,-7.599899,0],[110.314712,-7.598585,0],[110.314417,-7.598414,0],[110.314525,-7.598053,0],[110.314017,-7.598107,0],[110.313995,-7.59865,0],[110.313309,-7.598969,0],[110.312139,-7.598103,0],[110.311424,-7.596032,0],[110.310578,-7.595053,0],[110.31035,-7.595283,0],[110.309728,-7.594565,0],[110.309611,-7.594999,0],[110.309309,-7.594457,0],[110.309107,-7.594851,0],[110.308661,-7.594815,0],[110.308342,-7.595015,0],[110.307772,-7.59439,0],[110.306172,-7.594763,0],[110.305811,-7.594543,0],[110.306205,-7.594107,0],[110.305871,-7.592913,0],[110.305395,-7.59218,0],[110.305379,-7.591877,0],[110.304693,-7.591067,0],[110.30526,-7.590486,0],[110.305872,-7.590139,0],[110.305924,-7.588499,0],[110.307122,-7.587796,0],[110.307455,-7.587238,0]]]}},
    {"type":"Feature","id":"330805","properties":{"id":"330805","name":"Srumbung","slug":"srumbung","role":"context","sourceCode":"33.08.05","county":"Magelang","province":"Jawa Tengah","boundarySource":"BIG BATAS_KECAMATAN_AR"},"geometry":{"type":"Polygon","coordinates":[[[110.443405,-7.543264,0],[110.444619,-7.542164,0],[110.440002,-7.543238,0],[110.433293,-7.543291,0],[110.430872,-7.542797,0],[110.428522,-7.542595,0],[110.427322,-7.543042,0],[110.425919,-7.544001,0],[110.425152,-7.54426,0],[110.424576,-7.544676,0],[110.423944,-7.544805,0],[110.423503,-7.544401,0],[110.422318,-7.543897,0],[110.421296,-7.544226,0],[110.419536,-7.544892,0],[110.418869,-7.545613,0],[110.418114,-7.54573,0],[110.416815,-7.546487,0],[110.415109,-7.54697,0],[110.414638,-7.547443,0],[110.413472,-7.548084,0],[110.413053,-7.548093,0],[110.411048,-7.549411,0],[110.410741,-7.549755,0],[110.410596,-7.550542,0],[110.410149,-7.551219,0],[110.409831,-7.552496,0],[110.409355,-7.553257,0],[110.408548,-7.553672,0],[110.407613,-7.553857,0],[110.40705,-7.554689,0],[110.405942,-7.555076,0],[110.404602,-7.556165,0],[110.403404,-7.557511,0],[110.401926,-7.557496,0],[110.400502,-7.557759,0],[110.398451,-7.558786,0],[110.395501,-7.558818,0],[110.393361,-7.559218,0],[110.391195,-7.561496,0],[110.389881,-7.562417,0],[110.388591,-7.56283,0],[110.387967,-7.5634,0],[110.38737,-7.563496,0],[110.38671,-7.563929,0],[110.385685,-7.564941,0],[110.384799,-7.564985,0],[110.383785,-7.565771,0],[110.381979,-7.566437,0],[110.38137,-7.56644,0],[110.380473,-7.566047,0],[110.379113,-7.565972,0],[110.377608,-7.566488,0],[110.376844,-7.566944,0],[110.376363,-7.567008,0],[110.3745,-7.566104,0],[110.370813,-7.566031,0],[110.370305,-7.565858,0],[110.370024,-7.565322,0],[110.369194,-7.565151,0],[110.368643,-7.564688,0],[110.368261,-7.564744,0],[110.367748,-7.564505,0],[110.367122,-7.564592,0],[110.366871,-7.565036,0],[110.366513,-7.565202,0],[110.364845,-7.564577,0],[110.364482,-7.564889,0],[110.363922,-7.564946,0],[110.363658,-7.564805,0],[110.362997,-7.56503,0],[110.362648,-7.564691,0],[110.362129,-7.564575,0],[110.36129,-7.565035,0],[110.359456,-7.564477,0],[110.358541,-7.564755,0],[110.358324,-7.564515,0],[110.357853,-7.564639,0],[110.357158,-7.564466,0],[110.356697,-7.564668,0],[110.356324,-7.564617,0],[110.355653,-7.565115,0],[110.354359,-7.565107,0],[110.353726,-7.565736,0],[110.351847,-7.564833,0],[110.351238,-7.564698,0],[110.350143,-7.564861,0],[110.349747,-7.564726,0],[110.348868,-7.564824,0],[110.347738,-7.565178,0],[110.346224,-7.56463,0],[110.345471,-7.564715,0],[110.345125,-7.564451,0],[110.344706,-7.564419,0],[110.343714,-7.564896,0],[110.343,-7.564752,0],[110.341616,-7.565462,0],[110.340924,-7.56524,0],[110.339916,-7.565442,0],[110.339409,-7.565872,0],[110.338833,-7.565811,0],[110.337849,-7.566234,0],[110.337051,-7.566921,0],[110.335316,-7.566371,0],[110.334975,-7.565883,0],[110.33482,-7.565246,0],[110.333694,-7.565367,0],[110.333069,-7.564987,0],[110.332542,-7.565156,0],[110.331706,-7.564876,0],[110.331233,-7.56498,0],[110.330594,-7.565396,0],[110.330145,-7.565262,0],[110.329615,-7.5655,0],[110.328871,-7.565254,0],[110.328447,-7.565368,0],[110.327401,-7.566366,0],[110.325846,-7.566145,0],[110.325048,-7.567055,0],[110.324309,-7.567421,0],[110.323748,-7.568273,0],[110.322511,-7.568556,0],[110.321979,-7.569351,0],[110.321187,-7.569392,0],[110.319894,-7.57,0],[110.319514,-7.569985,0],[110.318909,-7.569577,0],[110.318699,-7.569627,0],[110.31793,-7.570703,0],[110.317653,-7.570873,0],[110.316016,-7.571074,0],[110.315032,-7.571913,0],[110.314545,-7.572609,0],[110.31392,-7.573027,0],[110.313248,-7.573858,0],[110.311732,-7.575007,0],[110.310685,-7.575387,0],[110.309792,-7.576686,0],[110.309584,-7.57748,0],[110.30931,-7.577724,0],[110.308437,-7.577983,0],[110.308174,-7.579323,0],[110.30608,-7.580067,0],[110.305623,-7.58003,0],[110.304848,-7.580761,0],[110.304574,-7.58144,0],[110.303535,-7.582673,0],[110.30309,-7.584535,0],[110.301635,-7.585297,0],[110.300997,-7.586039,0],[110.301168,-7.586995,0],[110.300825,-7.587374,0],[110.301735,-7.587955,0],[110.301888,-7.588213,0],[110.302281,-7.588295,0],[110.302529,-7.588982,0],[110.302902,-7.589126,0],[110.303549,-7.588857,0],[110.304062,-7.588344,0],[110.304511,-7.588232,0],[110.304883,-7.587635,0],[110.305336,-7.587439,0],[110.305911,-7.587514,0],[110.306436,-7.587138,0],[110.30694,-7.587246,0],[110.307291,-7.587018,0],[110.307465,-7.587077,0],[110.307122,-7.587796,0],[110.305924,-7.588499,0],[110.305872,-7.590139,0],[110.30526,-7.590486,0],[110.304693,-7.591067,0],[110.305379,-7.591877,0],[110.305395,-7.59218,0],[110.305871,-7.592913,0],[110.306205,-7.594107,0],[110.305811,-7.594543,0],[110.306172,-7.594763,0],[110.307772,-7.59439,0],[110.308342,-7.595015,0],[110.308661,-7.594815,0],[110.309107,-7.594851,0],[110.309309,-7.594457,0],[110.309632,-7.594999,0],[110.309752,-7.594574,0],[110.31035,-7.595283,0],[110.310578,-7.595053,0],[110.311272,-7.595798,0],[110.311771,-7.596813,0],[110.312062,-7.598022,0],[110.312585,-7.598348,0],[110.312745,-7.598675,0],[110.31338,-7.598959,0],[110.313995,-7.59865,0],[110.314017,-7.598107,0],[110.314525,-7.598053,0],[110.314417,-7.598414,0],[110.314712,-7.598585,0],[110.315582,-7.599899,0],[110.316789,-7.600257,0],[110.317334,-7.602153,0],[110.316615,-7.602253,0],[110.315591,-7.602713,0],[110.315505,-7.60365,0],[110.316243,-7.604818,0],[110.316919,-7.605356,0],[110.315797,-7.60654,0],[110.3143,-7.607419,0],[110.314573,-7.608391,0],[110.313072,-7.610213,0],[110.314526,-7.611122,0],[110.314299,-7.61156,0],[110.314505,-7.611834,0],[110.315725,-7.612418,0],[110.3152,-7.613124,0],[110.314454,-7.613724,0],[110.315095,-7.61453,0],[110.315324,-7.615083,0],[110.315831,-7.615563,0],[110.315085,-7.61617,0],[110.314652,-7.616073,0],[110.314453,-7.616365,0],[110.314506,-7.616776,0],[110.315368,-7.617342,0],[110.315617,-7.617721,0],[110.316015,-7.617803,0],[110.316511,-7.617018,0],[110.317053,-7.616791,0],[110.31724,-7.615672,0],[110.317561,-7.615668,0],[110.317843,-7.61655,0],[110.31747,-7.61723,0],[110.3175,-7.617707,0],[110.318014,-7.617828,0],[110.318574,-7.618233,0],[110.31918,-7.618291,0],[110.320056,-7.618041,0],[110.321005,-7.617467,0],[110.321104,-7.618383,0],[110.321328,-7.618709,0],[110.322086,-7.618127,0],[110.321685,-7.617737,0],[110.321624,-7.617311,0],[110.322416,-7.616586,0],[110.322728,-7.616499,0],[110.323142,-7.616674,0],[110.323512,-7.617037,0],[110.32366,-7.617651,0],[110.324264,-7.618074,0],[110.324131,-7.618641,0],[110.323769,-7.619178,0],[110.324008,-7.619328,0],[110.323888,-7.619464,0],[110.32453,-7.619431,0],[110.323587,-7.620459,0],[110.322481,-7.622793,0],[110.321814,-7.623803,0],[110.323757,-7.623129,0],[110.32482,-7.623861,0],[110.325167,-7.623847,0],[110.325409,-7.623179,0],[110.326312,-7.622403,0],[110.326461,-7.621991,0],[110.32723,-7.621608,0],[110.328187,-7.620767,0],[110.328865,-7.618773,0],[110.329294,-7.618622,0],[110.329701,-7.619375,0],[110.330226,-7.619659,0],[110.330088,-7.620639,0],[110.330397,-7.621091,0],[110.330721,-7.620919,0],[110.331278,-7.621652,0],[110.330204,-7.622342,0],[110.329775,-7.622905,0],[110.330233,-7.623363,0],[110.33216,-7.624434,0],[110.331669,-7.624854,0],[110.332246,-7.625313,0],[110.332012,-7.625645,0],[110.331317,-7.625897,0],[110.331287,-7.626885,0],[110.330864,-7.62749,0],[110.33095,-7.627851,0],[110.330556,-7.628835,0],[110.330807,-7.629427,0],[110.330405,-7.63,0],[110.330708,-7.630285,0],[110.330715,-7.630485,0],[110.332706,-7.632427,0],[110.33236,-7.632692,0],[110.331826,-7.632637,0],[110.33114,-7.633594,0],[110.330839,-7.63377,0],[110.330148,-7.633708,0],[110.329913,-7.634059,0],[110.328976,-7.634575,0],[110.329031,-7.635359,0],[110.329432,-7.635713,0],[110.328977,-7.635936,0],[110.32912,-7.6361,0],[110.327856,-7.637219,0],[110.329275,-7.638894,0],[110.332088,-7.637014,0],[110.332623,-7.636043,0],[110.333409,-7.635122,0],[110.334687,-7.634053,0],[110.336817,-7.631701,0],[110.337726,-7.629694,0],[110.338231,-7.629115,0],[110.344113,-7.626873,0],[110.347637,-7.625914,0],[110.349098,-7.625124,0],[110.350173,-7.624031,0],[110.351754,-7.623231,0],[110.353989,-7.622623,0],[110.356237,-7.621249,0],[110.358201,-7.619648,0],[110.361051,-7.618343,0],[110.364374,-7.616263,0],[110.365817,-7.615065,0],[110.366384,-7.613452,0],[110.367346,-7.612412,0],[110.36936,-7.61127,0],[110.371001,-7.610076,0],[110.373382,-7.608788,0],[110.374687,-7.606689,0],[110.377172,-7.603831,0],[110.380721,-7.601574,0],[110.38319,-7.600766,0],[110.384056,-7.600046,0],[110.385787,-7.599085,0],[110.387019,-7.597828,0],[110.391198,-7.594587,0],[110.39163,-7.594101,0],[110.391975,-7.593053,0],[110.392455,-7.592319,0],[110.393715,-7.591092,0],[110.395068,-7.589359,0],[110.397468,-7.587447,0],[110.397734,-7.586924,0],[110.398153,-7.58493,0],[110.399983,-7.582542,0],[110.400411,-7.580691,0],[110.400968,-7.579401,0],[110.402663,-7.57742,0],[110.403192,-7.576027,0],[110.4048,-7.574667,0],[110.405652,-7.572844,0],[110.406063,-7.572559,0],[110.406753,-7.57239,0],[110.411479,-7.572319,0],[110.413175,-7.572051,0],[110.413915,-7.571755,0],[110.416369,-7.569101,0],[110.418368,-7.568164,0],[110.421347,-7.565166,0],[110.422436,-7.56373,0],[110.424924,-7.561865,0],[110.425652,-7.560447,0],[110.42804,-7.559627,0],[110.429203,-7.558682,0],[110.430015,-7.557661,0],[110.4315,-7.556622,0],[110.432976,-7.554238,0],[110.433619,-7.553598,0],[110.4346,-7.553078,0],[110.435214,-7.55216,0],[110.437385,-7.549655,0],[110.439743,-7.547184,0],[110.441288,-7.545899,0],[110.443405,-7.543264,0]]]}},
    {"type":"Feature","id":"330806","properties":{"id":"330806","name":"Dukun","slug":"dukun","role":"context","sourceCode":"33.08.06","county":"Magelang","province":"Jawa Tengah","boundarySource":"BIG BATAS_KECAMATAN_AR"},"geometry":{"type":"Polygon","coordinates":[[[110.376981,-7.512346,0],[110.376756,-7.512099,0],[110.376504,-7.512094,0],[110.376134,-7.512361,0],[110.375451,-7.512454,0],[110.374865,-7.512881,0],[110.373922,-7.513002,0],[110.373711,-7.513779,0],[110.373275,-7.514013,0],[110.372724,-7.514877,0],[110.372648,-7.515987,0],[110.372374,-7.516516,0],[110.371255,-7.517232,0],[110.369888,-7.517524,0],[110.369014,-7.518395,0],[110.36783,-7.518826,0],[110.366232,-7.518492,0],[110.364979,-7.518532,0],[110.364011,-7.518904,0],[110.362053,-7.519297,0],[110.36156,-7.519565,0],[110.358934,-7.520028,0],[110.354967,-7.521763,0],[110.352811,-7.523215,0],[110.352801,-7.523918,0],[110.352181,-7.525021,0],[110.350356,-7.525983,0],[110.349791,-7.526844,0],[110.349412,-7.528454,0],[110.348075,-7.529684,0],[110.347739,-7.529841,0],[110.345888,-7.529776,0],[110.3445,-7.530415,0],[110.342619,-7.530973,0],[110.342254,-7.531307,0],[110.341644,-7.532397,0],[110.34089,-7.532846,0],[110.340309,-7.533563,0],[110.340053,-7.534267,0],[110.339645,-7.534692,0],[110.33858,-7.534657,0],[110.338277,-7.535087,0],[110.337884,-7.535115,0],[110.336676,-7.536442,0],[110.335567,-7.536422,0],[110.334943,-7.536577,0],[110.334481,-7.536881,0],[110.333406,-7.538169,0],[110.332617,-7.538261,0],[110.332208,-7.538569,0],[110.33098,-7.538979,0],[110.330634,-7.538954,0],[110.330453,-7.538744,0],[110.329086,-7.539043,0],[110.327658,-7.540034,0],[110.325798,-7.540533,0],[110.325318,-7.540916,0],[110.324178,-7.541345,0],[110.32155,-7.542705,0],[110.320073,-7.543827,0],[110.318082,-7.544231,0],[110.317675,-7.543991,0],[110.314798,-7.543675,0],[110.310131,-7.546132,0],[110.309045,-7.546573,0],[110.308392,-7.546344,0],[110.307164,-7.546857,0],[110.306914,-7.547506,0],[110.307088,-7.54763,0],[110.306937,-7.547805,0],[110.307318,-7.548313,0],[110.306857,-7.548787,0],[110.306568,-7.548859,0],[110.306109,-7.549424,0],[110.305571,-7.549557,0],[110.305432,-7.549827,0],[110.305004,-7.550071,0],[110.304744,-7.550731,0],[110.304961,-7.551034,0],[110.305214,-7.551039,0],[110.304833,-7.551711,0],[110.305133,-7.55189,0],[110.304796,-7.552069,0],[110.304616,-7.552517,0],[110.305049,-7.552316,0],[110.306077,-7.552264,0],[110.306181,-7.552888,0],[110.305974,-7.553441,0],[110.306176,-7.553546,0],[110.306158,-7.553765,0],[110.306363,-7.553664,0],[110.306593,-7.553867,0],[110.306594,-7.55442,0],[110.307039,-7.554626,0],[110.307341,-7.555061,0],[110.306227,-7.555633,0],[110.305823,-7.556152,0],[110.304548,-7.55692,0],[110.304359,-7.558263,0],[110.30419,-7.558659,0],[110.303782,-7.558948,0],[110.303846,-7.559622,0],[110.303276,-7.559895,0],[110.302532,-7.559903,0],[110.301567,-7.560308,0],[110.301313,-7.560272,0],[110.299907,-7.56147,0],[110.299661,-7.561983,0],[110.299164,-7.562352,0],[110.298345,-7.5637,0],[110.298728,-7.563717,0],[110.298879,-7.563573,0],[110.29966,-7.564474,0],[110.299091,-7.564977,0],[110.298076,-7.565217,0],[110.297489,-7.566215,0],[110.29801,-7.566845,0],[110.298216,-7.566749,0],[110.298631,-7.566871,0],[110.298752,-7.567149,0],[110.298534,-7.567603,0],[110.298734,-7.568127,0],[110.299538,-7.568109,0],[110.299812,-7.567909,0],[110.300157,-7.568121,0],[110.300016,-7.569103,0],[110.299749,-7.569299,0],[110.299811,-7.56961,0],[110.299611,-7.570153,0],[110.300002,-7.57067,0],[110.298614,-7.572163,0],[110.29923,-7.573762,0],[110.299465,-7.57389,0],[110.299602,-7.573799,0],[110.300299,-7.573023,0],[110.300721,-7.573116,0],[110.301139,-7.573628,0],[110.301073,-7.573808,0],[110.301528,-7.574154,0],[110.301037,-7.575,0],[110.301064,-7.575402,0],[110.302067,-7.576203,0],[110.302267,-7.576621,0],[110.302442,-7.576529,0],[110.302982,-7.576707,0],[110.304173,-7.578913,0],[110.304346,-7.57895,0],[110.304295,-7.579247,0],[110.30486,-7.57901,0],[110.305322,-7.579149,0],[110.305694,-7.578952,0],[110.306711,-7.578886,0],[110.306637,-7.578223,0],[110.306483,-7.578073,0],[110.306764,-7.577798,0],[110.307301,-7.578482,0],[110.307225,-7.578955,0],[110.307513,-7.579121,0],[110.30828,-7.578845,0],[110.308437,-7.577983,0],[110.309354,-7.577704,0],[110.309642,-7.577413,0],[110.309792,-7.576686,0],[110.310685,-7.575387,0],[110.311732,-7.575007,0],[110.313248,-7.573858,0],[110.31392,-7.573027,0],[110.314545,-7.572609,0],[110.315032,-7.571913,0],[110.316016,-7.571074,0],[110.317653,-7.570873,0],[110.31793,-7.570703,0],[110.318699,-7.569627,0],[110.318909,-7.569577,0],[110.319514,-7.569985,0],[110.319894,-7.57,0],[110.321187,-7.569392,0],[110.321979,-7.569351,0],[110.322511,-7.568556,0],[110.323748,-7.568273,0],[110.324309,-7.567421,0],[110.325048,-7.567055,0],[110.325721,-7.566201,0],[110.327401,-7.566366,0],[110.328326,-7.565439,0],[110.328871,-7.565254,0],[110.32954,-7.565504,0],[110.330062,-7.565262,0],[110.330594,-7.565396,0],[110.331589,-7.564875,0],[110.332542,-7.565156,0],[110.333069,-7.564987,0],[110.333694,-7.565367,0],[110.33482,-7.565246,0],[110.335232,-7.566305,0],[110.336916,-7.566924,0],[110.33715,-7.566894,0],[110.337849,-7.566234,0],[110.338833,-7.565811,0],[110.339409,-7.565872,0],[110.339916,-7.565442,0],[110.340924,-7.56524,0],[110.341616,-7.565462,0],[110.343,-7.564752,0],[110.343714,-7.564896,0],[110.344706,-7.564419,0],[110.345125,-7.564451,0],[110.345471,-7.564715,0],[110.346224,-7.56463,0],[110.347738,-7.565178,0],[110.348868,-7.564824,0],[110.349747,-7.564726,0],[110.350143,-7.564861,0],[110.351238,-7.564698,0],[110.351847,-7.564833,0],[110.353726,-7.565736,0],[110.354359,-7.565107,0],[110.355653,-7.565115,0],[110.356324,-7.564617,0],[110.356697,-7.564668,0],[110.357158,-7.564466,0],[110.357853,-7.564639,0],[110.358324,-7.564515,0],[110.358541,-7.564755,0],[110.359456,-7.564477,0],[110.36129,-7.565035,0],[110.362129,-7.564575,0],[110.362648,-7.564691,0],[110.362997,-7.56503,0],[110.363658,-7.564805,0],[110.363922,-7.564946,0],[110.364482,-7.564889,0],[110.364845,-7.564577,0],[110.366513,-7.565202,0],[110.366871,-7.565036,0],[110.367122,-7.564592,0],[110.367748,-7.564505,0],[110.368261,-7.564744,0],[110.368643,-7.564688,0],[110.369194,-7.565151,0],[110.370024,-7.565322,0],[110.370305,-7.565858,0],[110.370813,-7.566031,0],[110.3745,-7.566104,0],[110.376363,-7.567008,0],[110.376844,-7.566944,0],[110.377608,-7.566488,0],[110.379113,-7.565972,0],[110.380473,-7.566047,0],[110.38137,-7.56644,0],[110.381979,-7.566437,0],[110.383785,-7.565771,0],[110.384799,-7.564985,0],[110.385685,-7.564941,0],[110.38671,-7.563929,0],[110.38737,-7.563496,0],[110.387967,-7.5634,0],[110.388591,-7.56283,0],[110.389881,-7.562417,0],[110.391195,-7.561496,0],[110.393361,-7.559218,0],[110.395501,-7.558818,0],[110.398451,-7.558786,0],[110.400502,-7.557759,0],[110.401926,-7.557496,0],[110.403404,-7.557511,0],[110.404602,-7.556165,0],[110.405942,-7.555076,0],[110.40705,-7.554689,0],[110.407613,-7.553857,0],[110.408548,-7.553672,0],[110.409355,-7.553257,0],[110.409831,-7.552496,0],[110.410149,-7.551219,0],[110.410596,-7.550542,0],[110.410741,-7.549755,0],[110.411048,-7.549411,0],[110.413053,-7.548093,0],[110.413472,-7.548084,0],[110.414638,-7.547443,0],[110.415109,-7.54697,0],[110.416815,-7.546487,0],[110.418114,-7.54573,0],[110.418869,-7.545613,0],[110.419536,-7.544892,0],[110.422318,-7.543897,0],[110.423503,-7.544401,0],[110.423944,-7.544805,0],[110.424576,-7.544676,0],[110.425152,-7.54426,0],[110.425919,-7.544001,0],[110.427322,-7.543042,0],[110.428522,-7.542595,0],[110.430872,-7.542797,0],[110.433293,-7.543291,0],[110.440002,-7.543238,0],[110.444619,-7.542164,0],[110.445111,-7.541444,0],[110.445225,-7.541162,0],[110.442512,-7.541201,0],[110.439352,-7.539673,0],[110.435747,-7.53726,0],[110.433945,-7.535262,0],[110.431815,-7.532304,0],[110.430189,-7.530948,0],[110.427037,-7.529085,0],[110.426004,-7.527671,0],[110.424964,-7.526923,0],[110.424515,-7.525682,0],[110.423365,-7.524782,0],[110.422708,-7.523734,0],[110.42203,-7.523424,0],[110.421114,-7.522018,0],[110.421319,-7.521345,0],[110.420503,-7.520264,0],[110.419812,-7.520084,0],[110.418039,-7.518969,0],[110.409741,-7.51731,0],[110.407301,-7.516735,0],[110.406071,-7.516252,0],[110.401406,-7.51539,0],[110.399902,-7.515468,0],[110.398406,-7.515289,0],[110.396605,-7.515697,0],[110.395518,-7.515712,0],[110.394107,-7.515291,0],[110.393241,-7.515419,0],[110.391236,-7.514762,0],[110.390306,-7.514954,0],[110.387889,-7.513896,0],[110.387006,-7.513297,0],[110.386295,-7.513396,0],[110.383684,-7.513125,0],[110.382804,-7.514098,0],[110.382084,-7.514184,0],[110.381366,-7.514059,0],[110.380968,-7.513743,0],[110.37977,-7.513608,0],[110.378142,-7.513104,0],[110.376981,-7.512346,0]]]}},
    {"type":"Feature","id":"330807","properties":{"id":"330807","name":"Sawangan","slug":"sawangan","role":"context","sourceCode":"33.08.07","county":"Magelang","province":"Jawa Tengah","boundarySource":"BIG BATAS_KECAMATAN_AR"},"geometry":{"type":"Polygon","coordinates":[[[110.43572,-7.450989,0],[110.435247,-7.450399,0],[110.434605,-7.45072,0],[110.433243,-7.451043,0],[110.430663,-7.451145,0],[110.429885,-7.451547,0],[110.427401,-7.451859,0],[110.426719,-7.452165,0],[110.42506,-7.452526,0],[110.421923,-7.452742,0],[110.419821,-7.454013,0],[110.416675,-7.454439,0],[110.410347,-7.456735,0],[110.409756,-7.457574,0],[110.408784,-7.458047,0],[110.405985,-7.458768,0],[110.405711,-7.459091,0],[110.405271,-7.460526,0],[110.405134,-7.460591,0],[110.403199,-7.460552,0],[110.398631,-7.461496,0],[110.395785,-7.462859,0],[110.395582,-7.463394,0],[110.394071,-7.464028,0],[110.392051,-7.465958,0],[110.390692,-7.466634,0],[110.389498,-7.467478,0],[110.388491,-7.467656,0],[110.387574,-7.468021,0],[110.385856,-7.469601,0],[110.385468,-7.470134,0],[110.385022,-7.470014,0],[110.383895,-7.470238,0],[110.382917,-7.470198,0],[110.38118,-7.47072,0],[110.380412,-7.47119,0],[110.378798,-7.471542,0],[110.376498,-7.47139,0],[110.375289,-7.472323,0],[110.374078,-7.473902,0],[110.373182,-7.47433,0],[110.372927,-7.474954,0],[110.372653,-7.475008,0],[110.372149,-7.475849,0],[110.37186,-7.476752,0],[110.371076,-7.477216,0],[110.370777,-7.47756,0],[110.370716,-7.47793,0],[110.370062,-7.478222,0],[110.369867,-7.478147,0],[110.36822,-7.479254,0],[110.36749,-7.48014,0],[110.36699,-7.48,0],[110.366561,-7.4802,0],[110.366192,-7.479433,0],[110.364959,-7.479824,0],[110.364605,-7.480268,0],[110.363982,-7.481939,0],[110.363337,-7.482294,0],[110.362018,-7.482227,0],[110.361357,-7.483183,0],[110.361081,-7.48323,0],[110.36086,-7.483116,0],[110.360502,-7.4823,0],[110.360279,-7.482407,0],[110.360271,-7.482931,0],[110.360109,-7.483096,0],[110.359153,-7.482707,0],[110.359553,-7.482306,0],[110.35964,-7.481856,0],[110.358998,-7.481496,0],[110.358204,-7.481597,0],[110.358103,-7.482013,0],[110.357657,-7.482242,0],[110.357494,-7.482698,0],[110.357332,-7.482766,0],[110.356994,-7.482568,0],[110.356858,-7.482223,0],[110.357351,-7.481786,0],[110.357334,-7.481463,0],[110.35664,-7.481294,0],[110.356058,-7.481496,0],[110.35553,-7.482016,0],[110.355511,-7.48268,0],[110.355079,-7.482865,0],[110.354766,-7.48375,0],[110.354586,-7.483803,0],[110.354478,-7.48351,0],[110.354293,-7.48345,0],[110.35413,-7.483719,0],[110.353765,-7.483701,0],[110.353692,-7.484012,0],[110.353326,-7.48428,0],[110.353187,-7.485225,0],[110.352106,-7.486319,0],[110.351438,-7.488232,0],[110.350905,-7.488016,0],[110.350311,-7.488177,0],[110.349669,-7.488762,0],[110.348581,-7.490897,0],[110.348131,-7.490914,0],[110.347778,-7.49074,0],[110.347172,-7.491068,0],[110.347158,-7.491906,0],[110.34641,-7.491384,0],[110.345947,-7.491862,0],[110.345552,-7.49173,0],[110.345383,-7.492286,0],[110.345012,-7.492285,0],[110.344789,-7.49277,0],[110.344004,-7.492798,0],[110.343679,-7.493175,0],[110.342667,-7.492707,0],[110.34167,-7.49371,0],[110.340664,-7.493529,0],[110.340238,-7.493211,0],[110.33983,-7.493522,0],[110.339465,-7.493396,0],[110.339284,-7.493778,0],[110.338919,-7.493449,0],[110.338475,-7.493753,0],[110.338068,-7.493627,0],[110.337222,-7.493937,0],[110.336647,-7.493643,0],[110.335339,-7.494263,0],[110.335212,-7.494861,0],[110.335026,-7.494999,0],[110.334715,-7.494896,0],[110.334398,-7.494322,0],[110.333912,-7.494399,0],[110.333833,-7.494883,0],[110.33327,-7.4949,0],[110.331679,-7.496088,0],[110.330852,-7.496021,0],[110.330714,-7.496141,0],[110.330827,-7.496655,0],[110.330707,-7.496895,0],[110.329856,-7.496714,0],[110.329597,-7.497725,0],[110.329159,-7.49782,0],[110.32853,-7.497621,0],[110.328098,-7.497674,0],[110.327492,-7.498092,0],[110.326604,-7.49842,0],[110.325103,-7.50029,0],[110.324377,-7.500307,0],[110.323501,-7.500826,0],[110.32278,-7.501789,0],[110.322414,-7.50183,0],[110.322168,-7.50226,0],[110.321706,-7.502577,0],[110.321105,-7.503461,0],[110.320733,-7.503586,0],[110.320152,-7.503382,0],[110.31969,-7.503818,0],[110.318865,-7.503935,0],[110.318651,-7.504567,0],[110.318114,-7.504587,0],[110.317694,-7.504963,0],[110.317301,-7.504962,0],[110.317088,-7.505249,0],[110.316695,-7.505204,0],[110.316195,-7.504889,0],[110.316153,-7.50534,0],[110.315706,-7.505543,0],[110.315266,-7.50513,0],[110.315041,-7.505862,0],[110.314053,-7.506063,0],[110.313861,-7.506566,0],[110.313328,-7.506472,0],[110.313208,-7.506972,0],[110.312481,-7.506798,0],[110.31186,-7.507185,0],[110.310959,-7.507002,0],[110.310748,-7.507349,0],[110.311063,-7.508103,0],[110.310429,-7.508562,0],[110.310115,-7.508547,0],[110.310165,-7.508932,0],[110.309374,-7.508487,0],[110.309072,-7.509193,0],[110.308443,-7.509058,0],[110.307919,-7.509357,0],[110.308209,-7.509797,0],[110.308173,-7.509998,0],[110.307267,-7.510265,0],[110.306771,-7.510857,0],[110.30515,-7.510992,0],[110.304397,-7.510826,0],[110.303606,-7.511196,0],[110.30268,-7.510808,0],[110.302353,-7.511054,0],[110.302361,-7.511322,0],[110.301399,-7.511675,0],[110.300947,-7.511379,0],[110.300416,-7.511828,0],[110.299613,-7.511835,0],[110.299412,-7.512236,0],[110.29941,-7.512539,0],[110.299619,-7.512813,0],[110.299461,-7.512983,0],[110.298581,-7.512965,0],[110.297981,-7.513467,0],[110.296405,-7.513074,0],[110.29635,-7.51369,0],[110.29513,-7.513858,0],[110.295,-7.514389,0],[110.294014,-7.514308,0],[110.293716,-7.514936,0],[110.293784,-7.515516,0],[110.293289,-7.515596,0],[110.292936,-7.515233,0],[110.292615,-7.515323,0],[110.292801,-7.516878,0],[110.292283,-7.516937,0],[110.291615,-7.516416,0],[110.291306,-7.516565,0],[110.291305,-7.517117,0],[110.291601,-7.518029,0],[110.291054,-7.518229,0],[110.290612,-7.517913,0],[110.290343,-7.517927,0],[110.290727,-7.518516,0],[110.290691,-7.518924,0],[110.290389,-7.518867,0],[110.289647,-7.518219,0],[110.289105,-7.518771,0],[110.288481,-7.51858,0],[110.287906,-7.519474,0],[110.28658,-7.51986,0],[110.286566,-7.520454,0],[110.285994,-7.520707,0],[110.286455,-7.521089,0],[110.286376,-7.521256,0],[110.284935,-7.521462,0],[110.284596,-7.521299,0],[110.284522,-7.521685,0],[110.284765,-7.522217,0],[110.284702,-7.522378,0],[110.283986,-7.522332,0],[110.283067,-7.522827,0],[110.282875,-7.523312,0],[110.281912,-7.523585,0],[110.281729,-7.524004,0],[110.28124,-7.524048,0],[110.280393,-7.524974,0],[110.27868,-7.525572,0],[110.27774,-7.525324,0],[110.275973,-7.525708,0],[110.274804,-7.525746,0],[110.273283,-7.526334,0],[110.27234,-7.525869,0],[110.271693,-7.526174,0],[110.271311,-7.526152,0],[110.270652,-7.525676,0],[110.269795,-7.526757,0],[110.269626,-7.526764,0],[110.269352,-7.526424,0],[110.269016,-7.527075,0],[110.267944,-7.527117,0],[110.267836,-7.527369,0],[110.268186,-7.527858,0],[110.267937,-7.528268,0],[110.268129,-7.528609,0],[110.267798,-7.529383,0],[110.266778,-7.529865,0],[110.266459,-7.530233,0],[110.26666,-7.530662,0],[110.266344,-7.531104,0],[110.266668,-7.532161,0],[110.267462,-7.532388,0],[110.268053,-7.53205,0],[110.270332,-7.531636,0],[110.270123,-7.531922,0],[110.270122,-7.533621,0],[110.269817,-7.534798,0],[110.26947,-7.53536,0],[110.270111,-7.535173,0],[110.270615,-7.53538,0],[110.271461,-7.534974,0],[110.271313,-7.534636,0],[110.27183,-7.534867,0],[110.270779,-7.536086,0],[110.270434,-7.536331,0],[110.270079,-7.536328,0],[110.269714,-7.53682,0],[110.269784,-7.537155,0],[110.270494,-7.5368,0],[110.270575,-7.536454,0],[110.270793,-7.536273,0],[110.270923,-7.536251,0],[110.270995,-7.536755,0],[110.271922,-7.536467,0],[110.272071,-7.53635,0],[110.27192,-7.535991,0],[110.272953,-7.535544,0],[110.273446,-7.535951,0],[110.273643,-7.53508,0],[110.273882,-7.534743,0],[110.274425,-7.534459,0],[110.275233,-7.534759,0],[110.275628,-7.534145,0],[110.276061,-7.532942,0],[110.277423,-7.533269,0],[110.278693,-7.534278,0],[110.278476,-7.534595,0],[110.278605,-7.534973,0],[110.278205,-7.535342,0],[110.278947,-7.536531,0],[110.279975,-7.536604,0],[110.280767,-7.536119,0],[110.281592,-7.535925,0],[110.281009,-7.536133,0],[110.281045,-7.536291,0],[110.280681,-7.536397,0],[110.280185,-7.536919,0],[110.279509,-7.537048,0],[110.279307,-7.537377,0],[110.279399,-7.537544,0],[110.279612,-7.537523,0],[110.279365,-7.537736,0],[110.279622,-7.538378,0],[110.279866,-7.538563,0],[110.279775,-7.53884,0],[110.279413,-7.538664,0],[110.278575,-7.53901,0],[110.278025,-7.538894,0],[110.277892,-7.539037,0],[110.278021,-7.53944,0],[110.277791,-7.539596,0],[110.277465,-7.539342,0],[110.277438,-7.538581,0],[110.277284,-7.538415,0],[110.276718,-7.538473,0],[110.276231,-7.539192,0],[110.275725,-7.539514,0],[110.275481,-7.539366,0],[110.275294,-7.53879,0],[110.274963,-7.538788,0],[110.274549,-7.539393,0],[110.274204,-7.540736,0],[110.273506,-7.541224,0],[110.273037,-7.541958,0],[110.272344,-7.541988,0],[110.271984,-7.542868,0],[110.272099,-7.543011,0],[110.272904,-7.54314,0],[110.273483,-7.542555,0],[110.273856,-7.543484,0],[110.274644,-7.543564,0],[110.27505,-7.543565,0],[110.275616,-7.543182,0],[110.276026,-7.543157,0],[110.276964,-7.543676,0],[110.277446,-7.544735,0],[110.27789,-7.544699,0],[110.278254,-7.544446,0],[110.278342,-7.545405,0],[110.278718,-7.546036,0],[110.279105,-7.545759,0],[110.278924,-7.546053,0],[110.279117,-7.546725,0],[110.278916,-7.547562,0],[110.277631,-7.547943,0],[110.277798,-7.54848,0],[110.279289,-7.548409,0],[110.279474,-7.548974,0],[110.279547,-7.550354,0],[110.280104,-7.550346,0],[110.280416,-7.550561,0],[110.280403,-7.550756,0],[110.281059,-7.551143,0],[110.281592,-7.550726,0],[110.282301,-7.550778,0],[110.282344,-7.550918,0],[110.281746,-7.551315,0],[110.281098,-7.551494,0],[110.281318,-7.552101,0],[110.281783,-7.552188,0],[110.281514,-7.552312,0],[110.28159,-7.552407,0],[110.282276,-7.552643,0],[110.282639,-7.553563,0],[110.282685,-7.554601,0],[110.282248,-7.555151,0],[110.281778,-7.555284,0],[110.281744,-7.555533,0],[110.281998,-7.555725,0],[110.282078,-7.556118,0],[110.279117,-7.55747,0],[110.278191,-7.557557,0],[110.277335,-7.558163,0],[110.27726,-7.558337,0],[110.277587,-7.558463,0],[110.277457,-7.558699,0],[110.276845,-7.559057,0],[110.277115,-7.55942,0],[110.277201,-7.559342,0],[110.277807,-7.560758,0],[110.27826,-7.561094,0],[110.278291,-7.561325,0],[110.278852,-7.56124,0],[110.278761,-7.561585,0],[110.279441,-7.561787,0],[110.27923,-7.56204,0],[110.279263,-7.562452,0],[110.278687,-7.5627,0],[110.279516,-7.56328,0],[110.279851,-7.563309,0],[110.279963,-7.564226,0],[110.280768,-7.561841,0],[110.281466,-7.561294,0],[110.282968,-7.56101,0],[110.285054,-7.561272,0],[110.285846,-7.561,0],[110.286164,-7.560068,0],[110.286058,-7.559127,0],[110.286476,-7.558819,0],[110.286602,-7.558025,0],[110.287226,-7.557326,0],[110.288948,-7.556701,0],[110.290041,-7.555901,0],[110.291658,-7.555227,0],[110.293486,-7.55485,0],[110.295606,-7.553102,0],[110.300163,-7.550473,0],[110.301042,-7.549692,0],[110.303613,-7.548066,0],[110.304111,-7.547356,0],[110.304852,-7.547027,0],[110.307164,-7.546857,0],[110.308392,-7.546344,0],[110.309045,-7.546573,0],[110.314798,-7.543675,0],[110.317675,-7.543991,0],[110.318082,-7.544231,0],[110.320073,-7.543827,0],[110.32155,-7.542705,0],[110.324178,-7.541345,0],[110.325318,-7.540916,0],[110.325798,-7.540533,0],[110.327658,-7.540034,0],[110.329086,-7.539043,0],[110.330453,-7.538744,0],[110.330634,-7.538954,0],[110.33098,-7.538979,0],[110.332208,-7.538569,0],[110.332617,-7.538261,0],[110.333406,-7.538169,0],[110.334481,-7.536881,0],[110.334943,-7.536577,0],[110.33688,-7.536335,0],[110.337884,-7.535115,0],[110.338277,-7.535087,0],[110.33858,-7.534657,0],[110.339645,-7.534692,0],[110.339842,-7.534525,0],[110.340309,-7.533563,0],[110.34089,-7.532846,0],[110.341644,-7.532397,0],[110.342254,-7.531307,0],[110.342619,-7.530973,0],[110.3445,-7.530415,0],[110.345888,-7.529776,0],[110.347739,-7.529841,0],[110.348478,-7.529364,0],[110.349412,-7.528454,0],[110.349791,-7.526844,0],[110.350356,-7.525983,0],[110.352181,-7.525021,0],[110.352801,-7.523918,0],[110.352811,-7.523215,0],[110.354967,-7.521763,0],[110.358934,-7.520028,0],[110.36156,-7.519565,0],[110.362053,-7.519297,0],[110.364011,-7.518904,0],[110.364979,-7.518532,0],[110.366232,-7.518492,0],[110.36783,-7.518826,0],[110.369014,-7.518395,0],[110.369888,-7.517524,0],[110.371255,-7.517232,0],[110.372374,-7.516516,0],[110.372648,-7.515987,0],[110.372724,-7.514877,0],[110.373275,-7.514013,0],[110.373711,-7.513779,0],[110.373975,-7.512969,0],[110.374865,-7.512881,0],[110.375451,-7.512454,0],[110.376057,-7.512388,0],[110.376557,-7.512084,0],[110.376756,-7.512099,0],[110.377173,-7.512543,0],[110.377471,-7.512593,0],[110.377131,-7.512125,0],[110.37974,-7.511107,0],[110.381014,-7.510198,0],[110.382559,-7.510131,0],[110.382894,-7.509698,0],[110.382977,-7.509083,0],[110.383577,-7.508854,0],[110.384104,-7.508045,0],[110.384908,-7.507855,0],[110.386219,-7.507265,0],[110.38737,-7.507377,0],[110.388345,-7.507029,0],[110.389648,-7.505159,0],[110.390798,-7.503864,0],[110.392076,-7.503181,0],[110.39294,-7.501773,0],[110.393549,-7.500291,0],[110.393798,-7.500305,0],[110.394547,-7.500915,0],[110.395032,-7.500815,0],[110.395199,-7.500272,0],[110.395187,-7.498986,0],[110.395419,-7.498622,0],[110.396881,-7.498881,0],[110.397293,-7.498784,0],[110.397549,-7.498544,0],[110.39746,-7.498066,0],[110.398566,-7.497772,0],[110.401587,-7.498096,0],[110.401764,-7.498959,0],[110.402541,-7.499041,0],[110.402801,-7.498895,0],[110.403061,-7.498237,0],[110.403489,-7.498134,0],[110.403851,-7.497801,0],[110.404972,-7.497753,0],[110.405083,-7.497276,0],[110.405291,-7.497155,0],[110.406322,-7.498437,0],[110.406936,-7.498588,0],[110.407449,-7.499064,0],[110.407944,-7.49928,0],[110.408252,-7.499079,0],[110.408952,-7.497995,0],[110.409518,-7.497535,0],[110.410162,-7.497543,0],[110.410302,-7.497011,0],[110.41061,-7.496843,0],[110.411046,-7.496899,0],[110.411137,-7.496497,0],[110.411849,-7.49677,0],[110.412356,-7.496214,0],[110.413739,-7.496819,0],[110.415601,-7.495717,0],[110.416238,-7.495595,0],[110.416557,-7.495332,0],[110.416575,-7.494978,0],[110.416892,-7.494747,0],[110.417065,-7.494275,0],[110.417653,-7.494136,0],[110.417833,-7.493049,0],[110.418108,-7.492755,0],[110.418186,-7.492348,0],[110.41994,-7.490608,0],[110.420618,-7.489345,0],[110.422432,-7.488145,0],[110.423958,-7.486745,0],[110.424264,-7.485847,0],[110.424232,-7.485334,0],[110.424664,-7.484196,0],[110.426185,-7.481707,0],[110.427394,-7.480394,0],[110.431225,-7.477874,0],[110.432605,-7.476533,0],[110.433636,-7.474486,0],[110.434589,-7.471305,0],[110.43543,-7.469552,0],[110.4347,-7.467715,0],[110.434246,-7.46595,0],[110.434258,-7.465049,0],[110.434767,-7.463804,0],[110.435729,-7.462256,0],[110.43607,-7.460747,0],[110.43733,-7.457136,0],[110.438423,-7.454768,0],[110.439346,-7.453583,0],[110.438251,-7.453224,0],[110.437493,-7.45277,0],[110.436666,-7.452121,0],[110.43572,-7.450989,0]]]}},
    {"type":"Feature","id":"330808","properties":{"id":"330808","name":"Muntilan","slug":"muntilan","role":"context","sourceCode":"33.08.08","county":"Magelang","province":"Jawa Tengah","boundarySource":"BIG BATAS_KECAMATAN_AR"},"geometry":{"type":"MultiPolygon","coordinates":[[[[110.236258,-7.611137,0],[110.23637,-7.610587,0],[110.236184,-7.610362,0],[110.236009,-7.611119,0],[110.23612,-7.611268,0],[110.236258,-7.611137,0]]],[[[110.307094,-7.547246,0],[110.307164,-7.546857,0],[110.304852,-7.547027,0],[110.304111,-7.547356,0],[110.303613,-7.548066,0],[110.301042,-7.549692,0],[110.300163,-7.550473,0],[110.295606,-7.553102,0],[110.293486,-7.55485,0],[110.291658,-7.555227,0],[110.290041,-7.555901,0],[110.288948,-7.556701,0],[110.287226,-7.557326,0],[110.286602,-7.558025,0],[110.286476,-7.558819,0],[110.286058,-7.559127,0],[110.286164,-7.560068,0],[110.285846,-7.561,0],[110.285054,-7.561272,0],[110.282968,-7.56101,0],[110.281466,-7.561294,0],[110.280768,-7.561841,0],[110.280162,-7.563775,0],[110.279723,-7.564511,0],[110.277696,-7.5648,0],[110.275656,-7.565778,0],[110.27532,-7.566405,0],[110.273788,-7.568308,0],[110.273241,-7.569651,0],[110.27242,-7.570291,0],[110.271602,-7.57162,0],[110.269446,-7.573272,0],[110.268968,-7.574765,0],[110.268695,-7.57487,0],[110.267357,-7.574643,0],[110.265077,-7.576136,0],[110.264238,-7.576847,0],[110.264278,-7.576989,0],[110.262355,-7.578441,0],[110.261683,-7.579155,0],[110.261063,-7.579508,0],[110.260008,-7.580671,0],[110.258898,-7.58144,0],[110.257999,-7.582697,0],[110.256525,-7.583752,0],[110.256231,-7.584193,0],[110.256023,-7.585174,0],[110.255228,-7.585867,0],[110.254882,-7.58669,0],[110.254601,-7.5867,0],[110.253837,-7.587556,0],[110.253901,-7.587683,0],[110.252512,-7.588695,0],[110.252095,-7.589222,0],[110.251921,-7.589316,0],[110.251807,-7.589192,0],[110.250932,-7.590029,0],[110.250751,-7.590405,0],[110.250794,-7.59075,0],[110.249804,-7.590997,0],[110.249243,-7.591495,0],[110.249074,-7.591403,0],[110.248777,-7.591553,0],[110.248699,-7.591864,0],[110.248894,-7.592243,0],[110.248748,-7.593448,0],[110.247895,-7.59403,0],[110.247627,-7.594834,0],[110.246885,-7.595778,0],[110.246417,-7.597542,0],[110.246044,-7.598257,0],[110.246043,-7.599049,0],[110.245726,-7.599642,0],[110.245535,-7.599572,0],[110.245207,-7.59997,0],[110.245179,-7.600272,0],[110.244954,-7.600403,0],[110.244703,-7.600188,0],[110.244404,-7.600516,0],[110.244057,-7.600242,0],[110.244084,-7.601137,0],[110.244265,-7.601131,0],[110.243987,-7.601931,0],[110.243444,-7.602261,0],[110.242875,-7.602382,0],[110.242679,-7.602825,0],[110.240774,-7.604738,0],[110.24021,-7.606736,0],[110.238626,-7.607393,0],[110.238327,-7.608273,0],[110.237858,-7.609028,0],[110.237594,-7.609303,0],[110.236789,-7.609657,0],[110.23654,-7.610031,0],[110.236637,-7.610902,0],[110.23694,-7.611267,0],[110.236763,-7.611518,0],[110.236713,-7.612238,0],[110.236957,-7.614428,0],[110.238109,-7.615918,0],[110.238385,-7.615981,0],[110.238325,-7.616454,0],[110.238655,-7.617407,0],[110.239444,-7.616896,0],[110.239202,-7.617405,0],[110.239394,-7.617736,0],[110.239246,-7.617983,0],[110.239565,-7.618857,0],[110.239605,-7.619673,0],[110.238832,-7.622436,0],[110.238849,-7.623094,0],[110.239631,-7.625177,0],[110.239594,-7.626396,0],[110.23945,-7.626766,0],[110.238499,-7.627388,0],[110.237545,-7.628359,0],[110.237449,-7.628844,0],[110.238828,-7.631764,0],[110.24035,-7.633479,0],[110.241338,-7.633687,0],[110.243506,-7.632973,0],[110.2454,-7.633273,0],[110.247571,-7.634357,0],[110.248046,-7.634862,0],[110.248174,-7.635363,0],[110.248661,-7.635109,0],[110.249092,-7.634223,0],[110.249503,-7.633894,0],[110.249857,-7.633047,0],[110.250455,-7.632905,0],[110.250519,-7.632428,0],[110.251444,-7.632965,0],[110.251877,-7.633035,0],[110.252976,-7.632575,0],[110.253158,-7.632817,0],[110.253599,-7.632894,0],[110.253627,-7.633306,0],[110.254063,-7.633357,0],[110.254431,-7.632446,0],[110.255236,-7.631288,0],[110.256163,-7.630808,0],[110.25715,-7.629068,0],[110.257407,-7.628514,0],[110.257589,-7.626279,0],[110.258732,-7.624827,0],[110.26048,-7.623031,0],[110.262214,-7.620379,0],[110.262809,-7.618313,0],[110.265025,-7.616432,0],[110.265882,-7.614477,0],[110.267545,-7.613024,0],[110.267488,-7.612907,0],[110.267665,-7.612852,0],[110.26792,-7.612276,0],[110.268307,-7.6121,0],[110.268943,-7.611159,0],[110.272092,-7.610297,0],[110.273843,-7.610262,0],[110.275936,-7.607953,0],[110.277083,-7.60583,0],[110.277243,-7.605349,0],[110.277245,-7.604424,0],[110.277936,-7.603369,0],[110.277912,-7.602716,0],[110.278556,-7.600649,0],[110.278503,-7.600265,0],[110.278792,-7.599278,0],[110.279428,-7.598456,0],[110.280627,-7.597758,0],[110.281379,-7.597763,0],[110.281731,-7.597943,0],[110.282531,-7.599294,0],[110.283713,-7.599855,0],[110.284649,-7.599418,0],[110.28506,-7.598937,0],[110.285564,-7.598675,0],[110.286402,-7.597575,0],[110.286995,-7.597445,0],[110.286774,-7.597082,0],[110.288045,-7.596792,0],[110.28823,-7.597128,0],[110.289345,-7.597129,0],[110.28994,-7.596953,0],[110.290271,-7.596628,0],[110.290614,-7.595679,0],[110.291522,-7.595258,0],[110.29217,-7.594185,0],[110.293207,-7.59328,0],[110.293336,-7.592874,0],[110.294745,-7.592218,0],[110.295779,-7.591122,0],[110.296728,-7.59084,0],[110.297793,-7.590286,0],[110.29983,-7.588418,0],[110.300516,-7.587518,0],[110.3011,-7.587149,0],[110.300997,-7.586039,0],[110.301635,-7.585297,0],[110.30309,-7.584535,0],[110.303535,-7.582673,0],[110.304574,-7.58144,0],[110.304725,-7.58093,0],[110.305263,-7.58027,0],[110.305623,-7.58003,0],[110.30608,-7.580067,0],[110.308174,-7.579323,0],[110.30828,-7.578845,0],[110.307513,-7.579121,0],[110.307225,-7.578955,0],[110.307301,-7.578482,0],[110.306764,-7.577798,0],[110.306483,-7.578073,0],[110.306637,-7.578223,0],[110.306711,-7.578886,0],[110.305694,-7.578952,0],[110.305322,-7.579149,0],[110.30486,-7.57901,0],[110.304295,-7.579247,0],[110.304346,-7.57895,0],[110.304173,-7.578913,0],[110.302982,-7.576707,0],[110.302442,-7.576529,0],[110.302267,-7.576621,0],[110.302067,-7.576203,0],[110.301064,-7.575402,0],[110.301037,-7.575,0],[110.301528,-7.574154,0],[110.301073,-7.573808,0],[110.301139,-7.573628,0],[110.300721,-7.573116,0],[110.300299,-7.573023,0],[110.299602,-7.573799,0],[110.299465,-7.57389,0],[110.29923,-7.573762,0],[110.298614,-7.572163,0],[110.300002,-7.57067,0],[110.299611,-7.570153,0],[110.299811,-7.56961,0],[110.299749,-7.569299,0],[110.300016,-7.569103,0],[110.300157,-7.568121,0],[110.299812,-7.567909,0],[110.299538,-7.568109,0],[110.298734,-7.568127,0],[110.298534,-7.567603,0],[110.298752,-7.567149,0],[110.298631,-7.566871,0],[110.298216,-7.566749,0],[110.29801,-7.566845,0],[110.297489,-7.566215,0],[110.298076,-7.565217,0],[110.299091,-7.564977,0],[110.29966,-7.564474,0],[110.298879,-7.563573,0],[110.298728,-7.563717,0],[110.298345,-7.5637,0],[110.299164,-7.562352,0],[110.299661,-7.561983,0],[110.299907,-7.56147,0],[110.301313,-7.560272,0],[110.301567,-7.560308,0],[110.302532,-7.559903,0],[110.303276,-7.559895,0],[110.303846,-7.559622,0],[110.303782,-7.558948,0],[110.30419,-7.558659,0],[110.304359,-7.558263,0],[110.304548,-7.55692,0],[110.305823,-7.556152,0],[110.306227,-7.555633,0],[110.307341,-7.555061,0],[110.307039,-7.554626,0],[110.306594,-7.55442,0],[110.306593,-7.553867,0],[110.306363,-7.553664,0],[110.306158,-7.553765,0],[110.306176,-7.553546,0],[110.305974,-7.553441,0],[110.306181,-7.552888,0],[110.306077,-7.552264,0],[110.305049,-7.552316,0],[110.304616,-7.552517,0],[110.304796,-7.552069,0],[110.305133,-7.55189,0],[110.304833,-7.551711,0],[110.305231,-7.551101,0],[110.304847,-7.550908,0],[110.304783,-7.550439,0],[110.305571,-7.549557,0],[110.30606,-7.54946,0],[110.306568,-7.548859,0],[110.306857,-7.548787,0],[110.307301,-7.548343,0],[110.306937,-7.547805,0],[110.30709,-7.547613,0],[110.306914,-7.547506,0],[110.307094,-7.547246,0]]]]}},
    {"type":"Feature","id":"330809","properties":{"id":"330809","name":"Mungkid","slug":"mungkid","role":"context","sourceCode":"33.08.09","county":"Magelang","province":"Jawa Tengah","boundarySource":"BIG BATAS_KECAMATAN_AR"},"geometry":{"type":"Polygon","coordinates":[[[110.267135,-7.529691,0],[110.267798,-7.529383,0],[110.268129,-7.528609,0],[110.267937,-7.528268,0],[110.268157,-7.527914,0],[110.265942,-7.528494,0],[110.265546,-7.528858,0],[110.265177,-7.529611,0],[110.264955,-7.529725,0],[110.264695,-7.52926,0],[110.263739,-7.528687,0],[110.263529,-7.528735,0],[110.263049,-7.529304,0],[110.261653,-7.529191,0],[110.261307,-7.529773,0],[110.260743,-7.529865,0],[110.260627,-7.530799,0],[110.260115,-7.530552,0],[110.25979,-7.530942,0],[110.259872,-7.531378,0],[110.259643,-7.531822,0],[110.259427,-7.531693,0],[110.259204,-7.53102,0],[110.258635,-7.530952,0],[110.25759,-7.530428,0],[110.257342,-7.530687,0],[110.257481,-7.53138,0],[110.257337,-7.531602,0],[110.256797,-7.531644,0],[110.256328,-7.531336,0],[110.255686,-7.532012,0],[110.255524,-7.531813,0],[110.255604,-7.531412,0],[110.255002,-7.531322,0],[110.254817,-7.531537,0],[110.254938,-7.532145,0],[110.254676,-7.532415,0],[110.254504,-7.532396,0],[110.25436,-7.5319,0],[110.253653,-7.531966,0],[110.252838,-7.531761,0],[110.252738,-7.532539,0],[110.251739,-7.532331,0],[110.251883,-7.533411,0],[110.251731,-7.533836,0],[110.251551,-7.534035,0],[110.251252,-7.533508,0],[110.251175,-7.533776,0],[110.251565,-7.534408,0],[110.251596,-7.534729,0],[110.250677,-7.534656,0],[110.250473,-7.534766,0],[110.250294,-7.535725,0],[110.249686,-7.536341,0],[110.249798,-7.537004,0],[110.24933,-7.537224,0],[110.249243,-7.537604,0],[110.249408,-7.538052,0],[110.249227,-7.538576,0],[110.248169,-7.538847,0],[110.247429,-7.53823,0],[110.246045,-7.538216,0],[110.245078,-7.539282,0],[110.244349,-7.539673,0],[110.244039,-7.540241,0],[110.243535,-7.540273,0],[110.242999,-7.539976,0],[110.242657,-7.540068,0],[110.242681,-7.54031,0],[110.243046,-7.540458,0],[110.243047,-7.541541,0],[110.242885,-7.541756,0],[110.241761,-7.541622,0],[110.241059,-7.542129,0],[110.240522,-7.542311,0],[110.240776,-7.541676,0],[110.241628,-7.540811,0],[110.241915,-7.539943,0],[110.241718,-7.538885,0],[110.241389,-7.538274,0],[110.240757,-7.538298,0],[110.239721,-7.537785,0],[110.241109,-7.535126,0],[110.240854,-7.533578,0],[110.239118,-7.533886,0],[110.238637,-7.53377,0],[110.23811,-7.534409,0],[110.237369,-7.534537,0],[110.237368,-7.535136,0],[110.23686,-7.535282,0],[110.236602,-7.534859,0],[110.236561,-7.535031,0],[110.23618,-7.53465,0],[110.236224,-7.535701,0],[110.236022,-7.536164,0],[110.236526,-7.536504,0],[110.235382,-7.537046,0],[110.235191,-7.536627,0],[110.233984,-7.537153,0],[110.234032,-7.537325,0],[110.233533,-7.537578,0],[110.232781,-7.537581,0],[110.233034,-7.535052,0],[110.232859,-7.53509,0],[110.231356,-7.535915,0],[110.231317,-7.537147,0],[110.23083,-7.538002,0],[110.230014,-7.538449,0],[110.22888,-7.538521,0],[110.228531,-7.539802,0],[110.228373,-7.539755,0],[110.228005,-7.540786,0],[110.227796,-7.540812,0],[110.227759,-7.541008,0],[110.227464,-7.54106,0],[110.225355,-7.54056,0],[110.224887,-7.541038,0],[110.223849,-7.541598,0],[110.223667,-7.542729,0],[110.224878,-7.543,0],[110.225135,-7.54327,0],[110.225002,-7.543844,0],[110.224827,-7.543841,0],[110.224789,-7.544703,0],[110.224264,-7.544628,0],[110.223623,-7.544878,0],[110.223155,-7.545605,0],[110.223091,-7.546053,0],[110.222725,-7.546037,0],[110.222571,-7.54657,0],[110.221914,-7.547412,0],[110.221837,-7.54772,0],[110.221906,-7.547898,0],[110.22227,-7.547885,0],[110.22232,-7.548213,0],[110.222715,-7.548506,0],[110.222525,-7.54912,0],[110.222469,-7.550242,0],[110.222543,-7.550665,0],[110.222906,-7.550762,0],[110.222915,-7.551753,0],[110.222752,-7.552345,0],[110.223456,-7.55399,0],[110.223347,-7.554522,0],[110.223724,-7.55457,0],[110.224016,-7.554806,0],[110.223948,-7.555966,0],[110.223758,-7.55636,0],[110.224435,-7.557465,0],[110.225202,-7.558181,0],[110.226068,-7.559312,0],[110.226469,-7.560341,0],[110.226873,-7.560783,0],[110.226619,-7.562376,0],[110.226992,-7.562481,0],[110.226745,-7.563192,0],[110.22646,-7.56311,0],[110.225776,-7.566091,0],[110.22765,-7.566804,0],[110.228574,-7.566913,0],[110.228508,-7.567469,0],[110.228221,-7.568811,0],[110.228057,-7.568987,0],[110.226913,-7.568834,0],[110.225962,-7.5696,0],[110.225973,-7.570383,0],[110.226691,-7.571083,0],[110.22682,-7.571428,0],[110.22605,-7.572829,0],[110.22532,-7.573488,0],[110.22451,-7.573927,0],[110.222316,-7.574143,0],[110.221628,-7.575023,0],[110.22151,-7.576817,0],[110.222799,-7.577337,0],[110.223136,-7.577823,0],[110.222674,-7.578983,0],[110.222472,-7.579187,0],[110.222004,-7.579262,0],[110.221864,-7.579824,0],[110.223215,-7.580822,0],[110.223327,-7.581258,0],[110.222131,-7.582026,0],[110.222,-7.582648,0],[110.221131,-7.584523,0],[110.22141,-7.585061,0],[110.220326,-7.585109,0],[110.219814,-7.586609,0],[110.219627,-7.586786,0],[110.219617,-7.587313,0],[110.217342,-7.586055,0],[110.21687,-7.58703,0],[110.216071,-7.587321,0],[110.216554,-7.588381,0],[110.216274,-7.589889,0],[110.216992,-7.591118,0],[110.217252,-7.591226,0],[110.216866,-7.592177,0],[110.217225,-7.59286,0],[110.217718,-7.59452,0],[110.21744,-7.596848,0],[110.217814,-7.59743,0],[110.217411,-7.598809,0],[110.216959,-7.599545,0],[110.217068,-7.600047,0],[110.216603,-7.600841,0],[110.217558,-7.601162,0],[110.219099,-7.601285,0],[110.221027,-7.602559,0],[110.221761,-7.602686,0],[110.222268,-7.602995,0],[110.222686,-7.603612,0],[110.222655,-7.604031,0],[110.221263,-7.604483,0],[110.220741,-7.604907,0],[110.220612,-7.606385,0],[110.220863,-7.607199,0],[110.222151,-7.607698,0],[110.222989,-7.608369,0],[110.223175,-7.608364,0],[110.223842,-7.607491,0],[110.224545,-7.60702,0],[110.225382,-7.608063,0],[110.225542,-7.6092,0],[110.224953,-7.61015,0],[110.224958,-7.610724,0],[110.225208,-7.611724,0],[110.225704,-7.612353,0],[110.226526,-7.612594,0],[110.227047,-7.612535,0],[110.227755,-7.612195,0],[110.22863,-7.612789,0],[110.229264,-7.613514,0],[110.230457,-7.613905,0],[110.231055,-7.614606,0],[110.231479,-7.615414,0],[110.231992,-7.617037,0],[110.230289,-7.62153,0],[110.230107,-7.62274,0],[110.230667,-7.623434,0],[110.231639,-7.623726,0],[110.232739,-7.623424,0],[110.23429,-7.622235,0],[110.235127,-7.622217,0],[110.236179,-7.623314,0],[110.236302,-7.624094,0],[110.236301,-7.624528,0],[110.235712,-7.625052,0],[110.234736,-7.625352,0],[110.23254,-7.626601,0],[110.232348,-7.627186,0],[110.232408,-7.627642,0],[110.232605,-7.62803,0],[110.232983,-7.628307,0],[110.236685,-7.628496,0],[110.237449,-7.628844,0],[110.237545,-7.628359,0],[110.23815,-7.627716,0],[110.23945,-7.626766,0],[110.239696,-7.625862,0],[110.239631,-7.625177,0],[110.238849,-7.623094,0],[110.238832,-7.622436,0],[110.239605,-7.619673,0],[110.239565,-7.618857,0],[110.239246,-7.617983,0],[110.239394,-7.617736,0],[110.239202,-7.617405,0],[110.239444,-7.616896,0],[110.238655,-7.617407,0],[110.238325,-7.616454,0],[110.238385,-7.615981,0],[110.238109,-7.615918,0],[110.23703,-7.614641,0],[110.236713,-7.612238,0],[110.236763,-7.611518,0],[110.23694,-7.611267,0],[110.236637,-7.610902,0],[110.23654,-7.610031,0],[110.236789,-7.609657,0],[110.237594,-7.609303,0],[110.237858,-7.609028,0],[110.238327,-7.608273,0],[110.238626,-7.607393,0],[110.24021,-7.606736,0],[110.240774,-7.604738,0],[110.242679,-7.602825,0],[110.242875,-7.602382,0],[110.243444,-7.602261,0],[110.243987,-7.601931,0],[110.244265,-7.601131,0],[110.244084,-7.601137,0],[110.244057,-7.600242,0],[110.244404,-7.600516,0],[110.244703,-7.600188,0],[110.244954,-7.600403,0],[110.245179,-7.600272,0],[110.245207,-7.59997,0],[110.245535,-7.599572,0],[110.245726,-7.599642,0],[110.246043,-7.599049,0],[110.246044,-7.598257,0],[110.246417,-7.597542,0],[110.246885,-7.595778,0],[110.247627,-7.594834,0],[110.247895,-7.59403,0],[110.248748,-7.593448,0],[110.248894,-7.592243,0],[110.248699,-7.591864,0],[110.248777,-7.591553,0],[110.249074,-7.591403,0],[110.249243,-7.591495,0],[110.249804,-7.590997,0],[110.250794,-7.59075,0],[110.250751,-7.590405,0],[110.250932,-7.590029,0],[110.251807,-7.589192,0],[110.251921,-7.589316,0],[110.252095,-7.589222,0],[110.252512,-7.588695,0],[110.253901,-7.587683,0],[110.253837,-7.587556,0],[110.254601,-7.5867,0],[110.254882,-7.58669,0],[110.255228,-7.585867,0],[110.256023,-7.585174,0],[110.256231,-7.584193,0],[110.256525,-7.583752,0],[110.257999,-7.582697,0],[110.258898,-7.58144,0],[110.260008,-7.580671,0],[110.261063,-7.579508,0],[110.261683,-7.579155,0],[110.262355,-7.578441,0],[110.264278,-7.576989,0],[110.264238,-7.576847,0],[110.265077,-7.576136,0],[110.267357,-7.574643,0],[110.268695,-7.57487,0],[110.268968,-7.574765,0],[110.269446,-7.573272,0],[110.271602,-7.57162,0],[110.27242,-7.570291,0],[110.273241,-7.569651,0],[110.273788,-7.568308,0],[110.27532,-7.566405,0],[110.275656,-7.565778,0],[110.27724,-7.564949,0],[110.278134,-7.564675,0],[110.279723,-7.564511,0],[110.279963,-7.564226,0],[110.279851,-7.563309,0],[110.279516,-7.56328,0],[110.278687,-7.5627,0],[110.279263,-7.562452,0],[110.27923,-7.56204,0],[110.279441,-7.561787,0],[110.278761,-7.561585,0],[110.278852,-7.56124,0],[110.278291,-7.561325,0],[110.27826,-7.561094,0],[110.277807,-7.560758,0],[110.277201,-7.559342,0],[110.277115,-7.55942,0],[110.276845,-7.559057,0],[110.277457,-7.558699,0],[110.277587,-7.558463,0],[110.27726,-7.558337,0],[110.277335,-7.558163,0],[110.278191,-7.557557,0],[110.279117,-7.55747,0],[110.282078,-7.556118,0],[110.281998,-7.555725,0],[110.281744,-7.555533,0],[110.281778,-7.555284,0],[110.282248,-7.555151,0],[110.282685,-7.554601,0],[110.282639,-7.553563,0],[110.282276,-7.552643,0],[110.28159,-7.552407,0],[110.281514,-7.552312,0],[110.281783,-7.552188,0],[110.281318,-7.552101,0],[110.281098,-7.551494,0],[110.281746,-7.551315,0],[110.282344,-7.550918,0],[110.282301,-7.550778,0],[110.281592,-7.550726,0],[110.281059,-7.551143,0],[110.280403,-7.550756,0],[110.280416,-7.550561,0],[110.280104,-7.550346,0],[110.279547,-7.550354,0],[110.279474,-7.548974,0],[110.279289,-7.548409,0],[110.277798,-7.54848,0],[110.277631,-7.547943,0],[110.278916,-7.547562,0],[110.279117,-7.546725,0],[110.278924,-7.546053,0],[110.279105,-7.545759,0],[110.278718,-7.546036,0],[110.278342,-7.545405,0],[110.278254,-7.544446,0],[110.27789,-7.544699,0],[110.277446,-7.544735,0],[110.276964,-7.543676,0],[110.276026,-7.543157,0],[110.275616,-7.543182,0],[110.27505,-7.543565,0],[110.274644,-7.543564,0],[110.273856,-7.543484,0],[110.273483,-7.542555,0],[110.272904,-7.54314,0],[110.272099,-7.543011,0],[110.271984,-7.542868,0],[110.272344,-7.541988,0],[110.273037,-7.541958,0],[110.273506,-7.541224,0],[110.274204,-7.540736,0],[110.274549,-7.539393,0],[110.274963,-7.538788,0],[110.275294,-7.53879,0],[110.275481,-7.539366,0],[110.275725,-7.539514,0],[110.276231,-7.539192,0],[110.276718,-7.538473,0],[110.277284,-7.538415,0],[110.277438,-7.538581,0],[110.277465,-7.539342,0],[110.277791,-7.539596,0],[110.278021,-7.53944,0],[110.277892,-7.539037,0],[110.278025,-7.538894,0],[110.278575,-7.53901,0],[110.279413,-7.538664,0],[110.279775,-7.53884,0],[110.279866,-7.538563,0],[110.279622,-7.538378,0],[110.279365,-7.537736,0],[110.279612,-7.537523,0],[110.279399,-7.537544,0],[110.279307,-7.537377,0],[110.279509,-7.537048,0],[110.280185,-7.536919,0],[110.280681,-7.536397,0],[110.281045,-7.536291,0],[110.281009,-7.536133,0],[110.281592,-7.535925,0],[110.280767,-7.536119,0],[110.279975,-7.536604,0],[110.278947,-7.536531,0],[110.278205,-7.535342,0],[110.278605,-7.534973,0],[110.278476,-7.534595,0],[110.278693,-7.534278,0],[110.277423,-7.533269,0],[110.276061,-7.532942,0],[110.275628,-7.534145,0],[110.275233,-7.534759,0],[110.274425,-7.534459,0],[110.273882,-7.534743,0],[110.273643,-7.53508,0],[110.273446,-7.535951,0],[110.272953,-7.535544,0],[110.27192,-7.535991,0],[110.272071,-7.53635,0],[110.271922,-7.536467,0],[110.270995,-7.536755,0],[110.270923,-7.536251,0],[110.270793,-7.536273,0],[110.270575,-7.536454,0],[110.270494,-7.5368,0],[110.269784,-7.537155,0],[110.269714,-7.53682,0],[110.270079,-7.536328,0],[110.270434,-7.536331,0],[110.270779,-7.536086,0],[110.27183,-7.534867,0],[110.271313,-7.534636,0],[110.271461,-7.534974,0],[110.270615,-7.53538,0],[110.270111,-7.535173,0],[110.26947,-7.53536,0],[110.269817,-7.534798,0],[110.270122,-7.533621,0],[110.270123,-7.531922,0],[110.270332,-7.531636,0],[110.268053,-7.53205,0],[110.267462,-7.532388,0],[110.266668,-7.532161,0],[110.266344,-7.531104,0],[110.26666,-7.530662,0],[110.266459,-7.530233,0],[110.266592,-7.529988,0],[110.267135,-7.529691,0]],[[110.236039,-7.611199,0],[110.236253,-7.610359,0],[110.236333,-7.611017,0],[110.23612,-7.611268,0],[110.236039,-7.611199,0]]]}},
    {"type":"Feature","id":"330810","properties":{"id":"330810","name":"Mertoyudan","slug":"mertoyudan","role":"context","sourceCode":"33.08.10","county":"Magelang","province":"Jawa Tengah","boundarySource":"BIG BATAS_KECAMATAN_AR"},"geometry":{"type":"Polygon","coordinates":[[[110.201951,-7.491559,0],[110.201543,-7.491656,0],[110.200815,-7.492466,0],[110.200751,-7.493582,0],[110.200583,-7.493977,0],[110.200179,-7.493964,0],[110.200062,-7.493663,0],[110.19961,-7.493573,0],[110.199154,-7.493161,0],[110.198074,-7.494273,0],[110.196368,-7.495263,0],[110.196903,-7.497108,0],[110.196533,-7.497952,0],[110.195299,-7.499817,0],[110.19478,-7.500308,0],[110.191418,-7.502163,0],[110.190252,-7.503934,0],[110.1893,-7.504745,0],[110.189549,-7.505317,0],[110.189605,-7.505944,0],[110.187979,-7.508879,0],[110.189279,-7.512112,0],[110.19015,-7.51384,0],[110.189576,-7.5145,0],[110.189501,-7.515532,0],[110.18866,-7.518013,0],[110.186945,-7.518302,0],[110.186023,-7.518859,0],[110.185899,-7.519154,0],[110.186046,-7.519431,0],[110.186078,-7.520247,0],[110.186401,-7.520681,0],[110.186445,-7.521418,0],[110.186292,-7.522538,0],[110.185964,-7.522759,0],[110.185592,-7.522859,0],[110.185206,-7.522728,0],[110.184683,-7.521654,0],[110.183934,-7.520904,0],[110.183238,-7.52087,0],[110.182731,-7.521236,0],[110.182586,-7.521704,0],[110.18269,-7.52218,0],[110.183631,-7.523018,0],[110.184159,-7.523726,0],[110.184103,-7.524795,0],[110.183393,-7.525673,0],[110.182454,-7.52546,0],[110.181674,-7.525526,0],[110.181019,-7.525805,0],[110.180723,-7.526207,0],[110.180256,-7.52714,0],[110.180117,-7.528393,0],[110.180391,-7.529969,0],[110.181125,-7.531913,0],[110.181092,-7.532408,0],[110.180886,-7.532691,0],[110.180442,-7.532905,0],[110.177807,-7.533891,0],[110.17764,-7.534479,0],[110.178609,-7.536488,0],[110.180459,-7.538028,0],[110.18018,-7.539324,0],[110.179357,-7.539942,0],[110.179195,-7.540256,0],[110.179884,-7.541576,0],[110.180746,-7.542138,0],[110.181061,-7.542828,0],[110.181059,-7.543433,0],[110.180804,-7.544002,0],[110.179742,-7.545101,0],[110.179751,-7.545278,0],[110.180086,-7.545805,0],[110.180584,-7.546189,0],[110.1817,-7.54676,0],[110.181832,-7.547938,0],[110.181529,-7.551124,0],[110.181705,-7.552843,0],[110.183369,-7.555285,0],[110.184524,-7.557344,0],[110.18486,-7.558339,0],[110.184856,-7.558748,0],[110.184031,-7.559442,0],[110.183521,-7.560314,0],[110.183981,-7.561768,0],[110.18426,-7.56208,0],[110.184849,-7.562181,0],[110.185491,-7.562714,0],[110.185731,-7.56269,0],[110.186209,-7.562191,0],[110.186751,-7.561944,0],[110.18761,-7.562633,0],[110.188267,-7.563686,0],[110.188442,-7.564656,0],[110.188417,-7.56529,0],[110.188107,-7.56598,0],[110.188127,-7.56653,0],[110.188294,-7.566848,0],[110.188813,-7.567037,0],[110.188941,-7.567321,0],[110.188668,-7.568856,0],[110.188734,-7.569197,0],[110.189183,-7.569533,0],[110.189656,-7.569605,0],[110.192127,-7.569521,0],[110.192981,-7.569692,0],[110.19223,-7.571934,0],[110.19259,-7.573168,0],[110.193369,-7.573762,0],[110.194017,-7.573812,0],[110.19418,-7.57163,0],[110.194985,-7.571689,0],[110.195273,-7.571948,0],[110.195698,-7.573054,0],[110.195522,-7.574614,0],[110.19595,-7.576376,0],[110.197295,-7.577934,0],[110.198478,-7.578889,0],[110.199207,-7.579259,0],[110.199868,-7.580262,0],[110.200664,-7.580932,0],[110.201105,-7.581998,0],[110.2019,-7.583083,0],[110.202785,-7.583725,0],[110.20344,-7.583751,0],[110.204259,-7.582392,0],[110.204831,-7.582472,0],[110.20539,-7.583546,0],[110.205836,-7.585906,0],[110.205286,-7.587495,0],[110.206759,-7.588729,0],[110.206828,-7.590107,0],[110.206978,-7.590438,0],[110.207565,-7.590618,0],[110.208501,-7.590092,0],[110.208868,-7.590165,0],[110.208919,-7.591339,0],[110.208638,-7.593946,0],[110.209309,-7.594608,0],[110.21055,-7.595027,0],[110.212314,-7.597166,0],[110.212977,-7.597718,0],[110.214968,-7.598669,0],[110.215838,-7.600329,0],[110.216149,-7.600685,0],[110.216603,-7.600841,0],[110.217068,-7.600047,0],[110.216959,-7.599545,0],[110.217411,-7.598809,0],[110.217814,-7.59743,0],[110.21744,-7.596848,0],[110.217718,-7.59452,0],[110.217225,-7.59286,0],[110.216866,-7.592177,0],[110.217252,-7.591226,0],[110.216992,-7.591118,0],[110.216274,-7.589889,0],[110.216554,-7.588381,0],[110.216071,-7.587321,0],[110.21687,-7.58703,0],[110.217342,-7.586055,0],[110.219617,-7.587313,0],[110.219627,-7.586786,0],[110.219814,-7.586609,0],[110.220326,-7.585109,0],[110.22141,-7.585061,0],[110.221131,-7.584523,0],[110.222,-7.582648,0],[110.222131,-7.582026,0],[110.223327,-7.581258,0],[110.223215,-7.580822,0],[110.221864,-7.579824,0],[110.222004,-7.579262,0],[110.222472,-7.579187,0],[110.222674,-7.578983,0],[110.223136,-7.577823,0],[110.222799,-7.577337,0],[110.22151,-7.576817,0],[110.221628,-7.575023,0],[110.222316,-7.574143,0],[110.22451,-7.573927,0],[110.22532,-7.573488,0],[110.22605,-7.572829,0],[110.22682,-7.571428,0],[110.226691,-7.571083,0],[110.225973,-7.570383,0],[110.225962,-7.5696,0],[110.226913,-7.568834,0],[110.228057,-7.568987,0],[110.228296,-7.568522,0],[110.228574,-7.566913,0],[110.22765,-7.566804,0],[110.225776,-7.566091,0],[110.22646,-7.56311,0],[110.226745,-7.563192,0],[110.226992,-7.562481,0],[110.226619,-7.562376,0],[110.226873,-7.560783,0],[110.226469,-7.560341,0],[110.226068,-7.559312,0],[110.225202,-7.558181,0],[110.224435,-7.557465,0],[110.223758,-7.55636,0],[110.223948,-7.555966,0],[110.224016,-7.554806,0],[110.223724,-7.55457,0],[110.223347,-7.554522,0],[110.223456,-7.55399,0],[110.222752,-7.552345,0],[110.222915,-7.551753,0],[110.222906,-7.550762,0],[110.222543,-7.550665,0],[110.222469,-7.550242,0],[110.222525,-7.54912,0],[110.222715,-7.548506,0],[110.22232,-7.548213,0],[110.22227,-7.547885,0],[110.221906,-7.547898,0],[110.221847,-7.547571,0],[110.222571,-7.54657,0],[110.222725,-7.546037,0],[110.223091,-7.546053,0],[110.223155,-7.545605,0],[110.223623,-7.544878,0],[110.224264,-7.544628,0],[110.224789,-7.544703,0],[110.224827,-7.543841,0],[110.225002,-7.543844,0],[110.225135,-7.54327,0],[110.224878,-7.543,0],[110.223667,-7.542729,0],[110.223849,-7.541598,0],[110.224887,-7.541038,0],[110.225355,-7.54056,0],[110.227464,-7.54106,0],[110.227759,-7.541008,0],[110.227796,-7.540812,0],[110.228005,-7.540786,0],[110.228373,-7.539755,0],[110.228531,-7.539802,0],[110.22888,-7.538521,0],[110.230014,-7.538449,0],[110.231047,-7.537739,0],[110.231378,-7.536866,0],[110.231356,-7.535915,0],[110.233034,-7.535052,0],[110.232781,-7.537581,0],[110.233533,-7.537578,0],[110.234032,-7.537325,0],[110.233984,-7.537153,0],[110.235191,-7.536627,0],[110.235382,-7.537046,0],[110.236526,-7.536504,0],[110.236022,-7.536164,0],[110.236224,-7.535701,0],[110.23618,-7.53465,0],[110.236561,-7.535031,0],[110.236602,-7.534859,0],[110.23686,-7.535282,0],[110.237368,-7.535136,0],[110.237369,-7.534537,0],[110.23811,-7.534409,0],[110.238637,-7.53377,0],[110.239118,-7.533886,0],[110.240854,-7.533578,0],[110.240842,-7.531166,0],[110.24114,-7.530216,0],[110.242085,-7.529489,0],[110.243497,-7.528966,0],[110.243859,-7.528424,0],[110.243743,-7.528003,0],[110.242753,-7.527879,0],[110.242007,-7.527976,0],[110.241693,-7.527822,0],[110.241115,-7.526445,0],[110.240559,-7.525706,0],[110.241529,-7.524789,0],[110.241646,-7.524002,0],[110.24121,-7.52289,0],[110.240177,-7.521814,0],[110.24106,-7.519553,0],[110.2412,-7.518489,0],[110.241821,-7.517539,0],[110.241458,-7.515852,0],[110.242187,-7.515466,0],[110.241511,-7.514657,0],[110.241465,-7.513454,0],[110.241154,-7.512516,0],[110.240952,-7.512347,0],[110.240097,-7.512215,0],[110.239838,-7.51196,0],[110.240224,-7.510614,0],[110.240051,-7.510162,0],[110.239449,-7.509798,0],[110.237935,-7.509635,0],[110.237247,-7.509287,0],[110.237037,-7.509011,0],[110.236788,-7.506411,0],[110.23694,-7.506112,0],[110.237678,-7.50575,0],[110.237961,-7.505313,0],[110.237961,-7.504824,0],[110.237747,-7.50456,0],[110.236656,-7.504208,0],[110.235091,-7.504586,0],[110.235072,-7.505112,0],[110.234118,-7.505317,0],[110.234052,-7.505012,0],[110.233416,-7.504953,0],[110.233388,-7.504562,0],[110.231848,-7.504693,0],[110.230539,-7.503924,0],[110.228374,-7.503508,0],[110.22708,-7.503551,0],[110.223884,-7.503132,0],[110.223724,-7.503147,0],[110.223804,-7.504175,0],[110.219521,-7.505863,0],[110.219343,-7.505352,0],[110.219872,-7.505125,0],[110.22025,-7.503866,0],[110.218627,-7.50347,0],[110.218584,-7.503604,0],[110.217693,-7.503442,0],[110.218191,-7.501774,0],[110.218107,-7.501599,0],[110.216787,-7.502092,0],[110.215324,-7.502,0],[110.21488,-7.502242,0],[110.214044,-7.503066,0],[110.213062,-7.504837,0],[110.212915,-7.505772,0],[110.212643,-7.505737,0],[110.21248,-7.506027,0],[110.211475,-7.505446,0],[110.211396,-7.505732,0],[110.209839,-7.505002,0],[110.207257,-7.504287,0],[110.205575,-7.503535,0],[110.204062,-7.502533,0],[110.203107,-7.500296,0],[110.201976,-7.499131,0],[110.201934,-7.498651,0],[110.202198,-7.498175,0],[110.202989,-7.497542,0],[110.203213,-7.495616,0],[110.204038,-7.493813,0],[110.206,-7.492411,0],[110.205199,-7.492577,0],[110.203192,-7.492601,0],[110.20226,-7.492043,0],[110.201951,-7.491559,0]]]}},
    {"type":"Feature","id":"330811","properties":{"id":"330811","name":"Tempuran","slug":"tempuran","role":"context","sourceCode":"33.08.11","county":"Magelang","province":"Jawa Tengah","boundarySource":"BIG BATAS_KECAMATAN_AR"},"geometry":{"type":"Polygon","coordinates":[[[110.135359,-7.490119,0],[110.129281,-7.489048,0],[110.129119,-7.490135,0],[110.129174,-7.490807,0],[110.129733,-7.492266,0],[110.130266,-7.492911,0],[110.131694,-7.495549,0],[110.133265,-7.497401,0],[110.134414,-7.499085,0],[110.134544,-7.499783,0],[110.133899,-7.500251,0],[110.133556,-7.50146,0],[110.13377,-7.5027,0],[110.132524,-7.503138,0],[110.132254,-7.503935,0],[110.131331,-7.505434,0],[110.131165,-7.506348,0],[110.131559,-7.506916,0],[110.132033,-7.508332,0],[110.132263,-7.510344,0],[110.132825,-7.510988,0],[110.133129,-7.511797,0],[110.133629,-7.512342,0],[110.133906,-7.513161,0],[110.134906,-7.513949,0],[110.135412,-7.515145,0],[110.135508,-7.515511,0],[110.135386,-7.517141,0],[110.135905,-7.518909,0],[110.136832,-7.519607,0],[110.134967,-7.520388,0],[110.134638,-7.520792,0],[110.134328,-7.521594,0],[110.134388,-7.522662,0],[110.134143,-7.523386,0],[110.133839,-7.523509,0],[110.1327,-7.525299,0],[110.132277,-7.526289,0],[110.132412,-7.52669,0],[110.133437,-7.527776,0],[110.133794,-7.528804,0],[110.133474,-7.530635,0],[110.133528,-7.531804,0],[110.133832,-7.532193,0],[110.133478,-7.532678,0],[110.134031,-7.533653,0],[110.134194,-7.535469,0],[110.134949,-7.536653,0],[110.134472,-7.538158,0],[110.134918,-7.53826,0],[110.135388,-7.538155,0],[110.13495,-7.541265,0],[110.13413,-7.543609,0],[110.134175,-7.545213,0],[110.133631,-7.546155,0],[110.134022,-7.548934,0],[110.134844,-7.551325,0],[110.135333,-7.551209,0],[110.135559,-7.551331,0],[110.136007,-7.552185,0],[110.135434,-7.552524,0],[110.136428,-7.554092,0],[110.136566,-7.555132,0],[110.136404,-7.557282,0],[110.137244,-7.558397,0],[110.138149,-7.55909,0],[110.139323,-7.558964,0],[110.139677,-7.558757,0],[110.141054,-7.558468,0],[110.141797,-7.558093,0],[110.142049,-7.560246,0],[110.141916,-7.560355,0],[110.141548,-7.560043,0],[110.141258,-7.560072,0],[110.141513,-7.560994,0],[110.141269,-7.561614,0],[110.140808,-7.561911,0],[110.14098,-7.562331,0],[110.142148,-7.56359,0],[110.14242,-7.564108,0],[110.143298,-7.564056,0],[110.143733,-7.564485,0],[110.144087,-7.564326,0],[110.144345,-7.562983,0],[110.144674,-7.563152,0],[110.144886,-7.562983,0],[110.144849,-7.56278,0],[110.145006,-7.562773,0],[110.145141,-7.56303,0],[110.145202,-7.56363,0],[110.146206,-7.563269,0],[110.146512,-7.56351,0],[110.146925,-7.563389,0],[110.146868,-7.56388,0],[110.14706,-7.564012,0],[110.147107,-7.564592,0],[110.146744,-7.565815,0],[110.147086,-7.565992,0],[110.1472,-7.565728,0],[110.147485,-7.565729,0],[110.147471,-7.566288,0],[110.148371,-7.565957,0],[110.148533,-7.566345,0],[110.14851,-7.56775,0],[110.148785,-7.568082,0],[110.149185,-7.567539,0],[110.149528,-7.567714,0],[110.150368,-7.566479,0],[110.15076,-7.566763,0],[110.151133,-7.565988,0],[110.15319,-7.566058,0],[110.153594,-7.565647,0],[110.153981,-7.565597,0],[110.154903,-7.565865,0],[110.154894,-7.565552,0],[110.155685,-7.56524,0],[110.156141,-7.564707,0],[110.156035,-7.564211,0],[110.155289,-7.563172,0],[110.156453,-7.562648,0],[110.157632,-7.563179,0],[110.158476,-7.56333,0],[110.158799,-7.563643,0],[110.159159,-7.563725,0],[110.159188,-7.56445,0],[110.159462,-7.564575,0],[110.159786,-7.564186,0],[110.160174,-7.564019,0],[110.162165,-7.564464,0],[110.162677,-7.565157,0],[110.163286,-7.565521,0],[110.163293,-7.565792,0],[110.163138,-7.5661,0],[110.163163,-7.567073,0],[110.162696,-7.568517,0],[110.162307,-7.569065,0],[110.162852,-7.5703,0],[110.161867,-7.571613,0],[110.161734,-7.57212,0],[110.16276,-7.572335,0],[110.163706,-7.572862,0],[110.163858,-7.572763,0],[110.163843,-7.573043,0],[110.164067,-7.573168,0],[110.163634,-7.573512,0],[110.16366,-7.573862,0],[110.162456,-7.573656,0],[110.162249,-7.575765,0],[110.161325,-7.575811,0],[110.161376,-7.576944,0],[110.161131,-7.577389,0],[110.160528,-7.577736,0],[110.160225,-7.578483,0],[110.160518,-7.57977,0],[110.160037,-7.580788,0],[110.160114,-7.581597,0],[110.159619,-7.58278,0],[110.159643,-7.583184,0],[110.161452,-7.584376,0],[110.161769,-7.584074,0],[110.161766,-7.582827,0],[110.162292,-7.582572,0],[110.162998,-7.58256,0],[110.163343,-7.582707,0],[110.163561,-7.583052,0],[110.163929,-7.584883,0],[110.164337,-7.584985,0],[110.164861,-7.585393,0],[110.165051,-7.586309,0],[110.16541,-7.586483,0],[110.165563,-7.586271,0],[110.165478,-7.585242,0],[110.165596,-7.58506,0],[110.165827,-7.585096,0],[110.169471,-7.587299,0],[110.171625,-7.58809,0],[110.172865,-7.588362,0],[110.175234,-7.588327,0],[110.175043,-7.589601,0],[110.175085,-7.590598,0],[110.175719,-7.591705,0],[110.175721,-7.592435,0],[110.176277,-7.593112,0],[110.176724,-7.593083,0],[110.177907,-7.593565,0],[110.178501,-7.593518,0],[110.179257,-7.593193,0],[110.179577,-7.593314,0],[110.179964,-7.593225,0],[110.180311,-7.591894,0],[110.180729,-7.591614,0],[110.181068,-7.591097,0],[110.181304,-7.590314,0],[110.182026,-7.589026,0],[110.181768,-7.587488,0],[110.181888,-7.587266,0],[110.182442,-7.587393,0],[110.182769,-7.587143,0],[110.182308,-7.586339,0],[110.182458,-7.584572,0],[110.182907,-7.584148,0],[110.18427,-7.584206,0],[110.184743,-7.583654,0],[110.184554,-7.582159,0],[110.184786,-7.581019,0],[110.18462,-7.579724,0],[110.184808,-7.57943,0],[110.185886,-7.579119,0],[110.187337,-7.579095,0],[110.187851,-7.578613,0],[110.187922,-7.577692,0],[110.187581,-7.576609,0],[110.187648,-7.576466,0],[110.188669,-7.576391,0],[110.189155,-7.575992,0],[110.18916,-7.575631,0],[110.188913,-7.575238,0],[110.189007,-7.574528,0],[110.189867,-7.572933,0],[110.191297,-7.572285,0],[110.191602,-7.572371,0],[110.192017,-7.572899,0],[110.19259,-7.573168,0],[110.19223,-7.571934,0],[110.192998,-7.569723,0],[110.192127,-7.569521,0],[110.189656,-7.569605,0],[110.188907,-7.569359,0],[110.188668,-7.568856,0],[110.188941,-7.567321,0],[110.188813,-7.567037,0],[110.188235,-7.566785,0],[110.188077,-7.56621,0],[110.188472,-7.565063,0],[110.188089,-7.563262,0],[110.186832,-7.561974,0],[110.186537,-7.561996,0],[110.185731,-7.56269,0],[110.185491,-7.562714,0],[110.184849,-7.562181,0],[110.184178,-7.562012,0],[110.183732,-7.561253,0],[110.183552,-7.560228,0],[110.184031,-7.559442,0],[110.184856,-7.558748,0],[110.18486,-7.558339,0],[110.184524,-7.557344,0],[110.183369,-7.555285,0],[110.181705,-7.552843,0],[110.181529,-7.551124,0],[110.181832,-7.547938,0],[110.1817,-7.54676,0],[110.180584,-7.546189,0],[110.180086,-7.545805,0],[110.179751,-7.545278,0],[110.179742,-7.545101,0],[110.180804,-7.544002,0],[110.181059,-7.543433,0],[110.181061,-7.542828,0],[110.180746,-7.542138,0],[110.179884,-7.541576,0],[110.179195,-7.540256,0],[110.179357,-7.539942,0],[110.18018,-7.539324,0],[110.180459,-7.538028,0],[110.178609,-7.536488,0],[110.17764,-7.534479,0],[110.177807,-7.533891,0],[110.180442,-7.532905,0],[110.180886,-7.532691,0],[110.181092,-7.532408,0],[110.181125,-7.531913,0],[110.180391,-7.529969,0],[110.180117,-7.528393,0],[110.180256,-7.52714,0],[110.180723,-7.526207,0],[110.181019,-7.525805,0],[110.181674,-7.525526,0],[110.182454,-7.52546,0],[110.183393,-7.525673,0],[110.184103,-7.524795,0],[110.184159,-7.523726,0],[110.183631,-7.523018,0],[110.18269,-7.52218,0],[110.182586,-7.521704,0],[110.182731,-7.521236,0],[110.183238,-7.52087,0],[110.183934,-7.520904,0],[110.184683,-7.521654,0],[110.185282,-7.522788,0],[110.185715,-7.522856,0],[110.186292,-7.522538,0],[110.186435,-7.52103,0],[110.186401,-7.520681,0],[110.186078,-7.520247,0],[110.186046,-7.519431,0],[110.185899,-7.519154,0],[110.186111,-7.518576,0],[110.185817,-7.517505,0],[110.186301,-7.517269,0],[110.186767,-7.517683,0],[110.187054,-7.517653,0],[110.18713,-7.517101,0],[110.186875,-7.516541,0],[110.187034,-7.516143,0],[110.186779,-7.51572,0],[110.186453,-7.515624,0],[110.186454,-7.51513,0],[110.186133,-7.515355,0],[110.185776,-7.514803,0],[110.185699,-7.515155,0],[110.185314,-7.515265,0],[110.183942,-7.513976,0],[110.183674,-7.513934,0],[110.183911,-7.513605,0],[110.184417,-7.513535,0],[110.184446,-7.513362,0],[110.184156,-7.513314,0],[110.184142,-7.513087,0],[110.184807,-7.512542,0],[110.184703,-7.51214,0],[110.184291,-7.511909,0],[110.184655,-7.511326,0],[110.184151,-7.510682,0],[110.183657,-7.51064,0],[110.183034,-7.510222,0],[110.18179,-7.510665,0],[110.18086,-7.509999,0],[110.180679,-7.509693,0],[110.179926,-7.509847,0],[110.179808,-7.50952,0],[110.180255,-7.509097,0],[110.180364,-7.508749,0],[110.179818,-7.508292,0],[110.179051,-7.508219,0],[110.177095,-7.508593,0],[110.175199,-7.508087,0],[110.173978,-7.506918,0],[110.172943,-7.50532,0],[110.172047,-7.504559,0],[110.170387,-7.503568,0],[110.169889,-7.502931,0],[110.169461,-7.502769,0],[110.169211,-7.502314,0],[110.168719,-7.501914,0],[110.167563,-7.501245,0],[110.167283,-7.500462,0],[110.166633,-7.500079,0],[110.1662,-7.5002,0],[110.165439,-7.499659,0],[110.165003,-7.499685,0],[110.164747,-7.498902,0],[110.164091,-7.498012,0],[110.163677,-7.497679,0],[110.162611,-7.497465,0],[110.162335,-7.49727,0],[110.161658,-7.495937,0],[110.161525,-7.495313,0],[110.160714,-7.494393,0],[110.160732,-7.493905,0],[110.16047,-7.493364,0],[110.160381,-7.492668,0],[110.15955,-7.492219,0],[110.159116,-7.491587,0],[110.158457,-7.491582,0],[110.157239,-7.490975,0],[110.156316,-7.490079,0],[110.155204,-7.49,0],[110.153061,-7.490623,0],[110.151167,-7.490037,0],[110.149694,-7.489894,0],[110.14901,-7.489535,0],[110.145373,-7.491179,0],[110.143843,-7.491432,0],[110.143025,-7.491279,0],[110.140137,-7.490016,0],[110.136792,-7.490346,0],[110.135359,-7.490119,0]]]}},
    {"type":"Feature","id":"330812","properties":{"id":"330812","name":"Kajoran","slug":"kajoran","role":"context","sourceCode":"33.08.12","county":"Magelang","province":"Jawa Tengah","boundarySource":"BIG BATAS_KECAMATAN_AR"},"geometry":{"type":"Polygon","coordinates":[[[110.075748,-7.415644,0],[110.075637,-7.414221,0],[110.075001,-7.412056,0],[110.07437,-7.411472,0],[110.073937,-7.410666,0],[110.073736,-7.408928,0],[110.07315,-7.407315,0],[110.073178,-7.406305,0],[110.073511,-7.40571,0],[110.073687,-7.404014,0],[110.07347,-7.401617,0],[110.073678,-7.400666,0],[110.07468,-7.398218,0],[110.074886,-7.396653,0],[110.074939,-7.394882,0],[110.074591,-7.392456,0],[110.074649,-7.386696,0],[110.074382,-7.385105,0],[110.07362,-7.38816,0],[110.072731,-7.390368,0],[110.070535,-7.393224,0],[110.069023,-7.395954,0],[110.067981,-7.397118,0],[110.066754,-7.40024,0],[110.065923,-7.401592,0],[110.064907,-7.402845,0],[110.064096,-7.404717,0],[110.063528,-7.406586,0],[110.062721,-7.40817,0],[110.062496,-7.409177,0],[110.062332,-7.41261,0],[110.062698,-7.413648,0],[110.061477,-7.416227,0],[110.061367,-7.416993,0],[110.060379,-7.418738,0],[110.059548,-7.421825,0],[110.059865,-7.422552,0],[110.059608,-7.42348,0],[110.059996,-7.424298,0],[110.059687,-7.424829,0],[110.05987,-7.425669,0],[110.059218,-7.425951,0],[110.058973,-7.426229,0],[110.059313,-7.427236,0],[110.058656,-7.428156,0],[110.059097,-7.428529,0],[110.058894,-7.429187,0],[110.059446,-7.430515,0],[110.059453,-7.431734,0],[110.060076,-7.432248,0],[110.059894,-7.432461,0],[110.059605,-7.432489,0],[110.059684,-7.433104,0],[110.059173,-7.433138,0],[110.059093,-7.433392,0],[110.05963,-7.433914,0],[110.059598,-7.434936,0],[110.060092,-7.435501,0],[110.059792,-7.43722,0],[110.059992,-7.437688,0],[110.06003,-7.43854,0],[110.060006,-7.438754,0],[110.059541,-7.438892,0],[110.059393,-7.439202,0],[110.059395,-7.439586,0],[110.059735,-7.440018,0],[110.059182,-7.44032,0],[110.059222,-7.440954,0],[110.05884,-7.442869,0],[110.059152,-7.444243,0],[110.059698,-7.444717,0],[110.0602,-7.445574,0],[110.059654,-7.445914,0],[110.060007,-7.446414,0],[110.059964,-7.446705,0],[110.059608,-7.44689,0],[110.059559,-7.447621,0],[110.05899,-7.44751,0],[110.058905,-7.447799,0],[110.059047,-7.448288,0],[110.058698,-7.448906,0],[110.058926,-7.450131,0],[110.058829,-7.450565,0],[110.059304,-7.450936,0],[110.058952,-7.4515,0],[110.059122,-7.452014,0],[110.059045,-7.452341,0],[110.059535,-7.452759,0],[110.059632,-7.453389,0],[110.059886,-7.453559,0],[110.060151,-7.45351,0],[110.060354,-7.454513,0],[110.060652,-7.454812,0],[110.061842,-7.455493,0],[110.06258,-7.456215,0],[110.064551,-7.457633,0],[110.064959,-7.459512,0],[110.064853,-7.459971,0],[110.064039,-7.461278,0],[110.062864,-7.463899,0],[110.060067,-7.466391,0],[110.059815,-7.466978,0],[110.059775,-7.467584,0],[110.059949,-7.468222,0],[110.059909,-7.469483,0],[110.05964,-7.47017,0],[110.059264,-7.470586,0],[110.057736,-7.471383,0],[110.057033,-7.471964,0],[110.055268,-7.4755,0],[110.055007,-7.476705,0],[110.054085,-7.478389,0],[110.053912,-7.479842,0],[110.05211,-7.481788,0],[110.05188,-7.482524,0],[110.051878,-7.483129,0],[110.052624,-7.484125,0],[110.053682,-7.490528,0],[110.053904,-7.492763,0],[110.053799,-7.493495,0],[110.052355,-7.496186,0],[110.052008,-7.497246,0],[110.051186,-7.497825,0],[110.050183,-7.500582,0],[110.049684,-7.501082,0],[110.049245,-7.501252,0],[110.048949,-7.501659,0],[110.048588,-7.502703,0],[110.048741,-7.503164,0],[110.049378,-7.503506,0],[110.049964,-7.504221,0],[110.05003,-7.505054,0],[110.050573,-7.505411,0],[110.050119,-7.507471,0],[110.049126,-7.507816,0],[110.0471,-7.509433,0],[110.04699,-7.509664,0],[110.047031,-7.510017,0],[110.04745,-7.510213,0],[110.047287,-7.511222,0],[110.048105,-7.511244,0],[110.048398,-7.511553,0],[110.048872,-7.511603,0],[110.049303,-7.513011,0],[110.049073,-7.51377,0],[110.047637,-7.514715,0],[110.047494,-7.51509,0],[110.047925,-7.516074,0],[110.047824,-7.516514,0],[110.047052,-7.517018,0],[110.047244,-7.517871,0],[110.047116,-7.51808,0],[110.046324,-7.518028,0],[110.046331,-7.519099,0],[110.046062,-7.519591,0],[110.045578,-7.519874,0],[110.044732,-7.519824,0],[110.044426,-7.520129,0],[110.044474,-7.520817,0],[110.045054,-7.521556,0],[110.044808,-7.523149,0],[110.043986,-7.523454,0],[110.044,-7.524123,0],[110.044769,-7.524703,0],[110.044209,-7.526054,0],[110.044166,-7.526874,0],[110.043455,-7.527495,0],[110.043879,-7.528036,0],[110.045102,-7.528803,0],[110.044329,-7.530912,0],[110.044416,-7.531121,0],[110.04496,-7.531374,0],[110.044865,-7.53179,0],[110.045003,-7.531911,0],[110.045712,-7.531957,0],[110.045746,-7.532515,0],[110.04488,-7.532956,0],[110.044805,-7.533345,0],[110.045625,-7.534054,0],[110.045795,-7.534528,0],[110.044287,-7.534748,0],[110.044089,-7.535223,0],[110.044096,-7.535811,0],[110.044694,-7.536265,0],[110.04474,-7.536599,0],[110.044028,-7.537602,0],[110.044387,-7.537802,0],[110.045338,-7.537921,0],[110.045772,-7.538501,0],[110.046351,-7.538909,0],[110.046711,-7.540131,0],[110.047302,-7.54101,0],[110.048257,-7.541591,0],[110.049648,-7.543384,0],[110.049781,-7.5439,0],[110.04955,-7.54456,0],[110.049607,-7.544922,0],[110.04995,-7.545402,0],[110.050733,-7.545901,0],[110.052449,-7.548139,0],[110.052545,-7.5486,0],[110.051442,-7.549258,0],[110.051597,-7.550715,0],[110.051085,-7.551329,0],[110.051048,-7.551663,0],[110.052599,-7.552128,0],[110.053532,-7.552654,0],[110.053413,-7.554083,0],[110.054638,-7.555072,0],[110.055364,-7.556475,0],[110.055786,-7.556549,0],[110.056196,-7.556332,0],[110.05672,-7.556297,0],[110.057167,-7.556398,0],[110.057448,-7.556715,0],[110.057939,-7.55828,0],[110.058433,-7.55739,0],[110.059041,-7.557411,0],[110.059565,-7.55702,0],[110.060254,-7.556949,0],[110.060817,-7.55642,0],[110.062266,-7.556834,0],[110.062352,-7.557334,0],[110.062518,-7.557424,0],[110.06328,-7.556948,0],[110.063537,-7.556939,0],[110.064222,-7.557481,0],[110.065012,-7.5577,0],[110.066261,-7.558546,0],[110.066496,-7.558448,0],[110.066671,-7.558623,0],[110.067067,-7.558504,0],[110.067167,-7.558661,0],[110.067252,-7.558526,0],[110.068047,-7.558426,0],[110.068357,-7.558542,0],[110.068571,-7.558253,0],[110.069483,-7.558662,0],[110.069612,-7.558421,0],[110.070129,-7.558665,0],[110.070654,-7.558345,0],[110.071315,-7.558416,0],[110.073297,-7.557775,0],[110.074817,-7.558467,0],[110.075638,-7.558432,0],[110.075995,-7.558981,0],[110.076239,-7.558806,0],[110.076719,-7.558863,0],[110.076991,-7.558393,0],[110.077469,-7.558824,0],[110.077862,-7.558682,0],[110.078404,-7.558792,0],[110.078804,-7.55724,0],[110.079227,-7.55733,0],[110.079151,-7.558015,0],[110.07938,-7.558058,0],[110.08036,-7.557392,0],[110.081783,-7.557125,0],[110.081783,-7.556802,0],[110.081331,-7.556473,0],[110.081183,-7.555374,0],[110.081221,-7.555017,0],[110.081754,-7.554265,0],[110.08174,-7.554037,0],[110.080274,-7.553551,0],[110.07997,-7.553133,0],[110.079988,-7.552289,0],[110.079512,-7.552155,0],[110.079161,-7.551668,0],[110.078671,-7.551825,0],[110.078716,-7.550427,0],[110.07814,-7.550132,0],[110.07713,-7.549016,0],[110.076749,-7.547981,0],[110.076839,-7.547401,0],[110.076244,-7.546796,0],[110.076441,-7.545667,0],[110.076868,-7.545308,0],[110.076675,-7.544737,0],[110.076846,-7.543266,0],[110.077271,-7.543013,0],[110.077336,-7.542586,0],[110.076921,-7.541408,0],[110.07588,-7.540248,0],[110.07582,-7.539652,0],[110.07529,-7.538873,0],[110.07521,-7.538175,0],[110.075086,-7.53813,0],[110.075299,-7.537627,0],[110.076177,-7.536597,0],[110.076279,-7.535698,0],[110.07656,-7.535329,0],[110.077565,-7.534753,0],[110.078576,-7.535074,0],[110.079205,-7.535752,0],[110.080105,-7.535854,0],[110.080923,-7.537089,0],[110.081862,-7.537963,0],[110.082148,-7.537804,0],[110.082598,-7.53704,0],[110.083083,-7.536611,0],[110.083254,-7.536647,0],[110.083189,-7.536968,0],[110.083456,-7.537572,0],[110.08364,-7.537257,0],[110.083586,-7.536933,0],[110.084217,-7.536041,0],[110.085047,-7.535833,0],[110.084842,-7.535508,0],[110.085172,-7.535286,0],[110.08596,-7.535662,0],[110.086242,-7.535159,0],[110.087459,-7.535301,0],[110.088332,-7.534682,0],[110.089568,-7.535214,0],[110.089636,-7.535787,0],[110.089826,-7.535831,0],[110.090465,-7.535445,0],[110.0906,-7.535655,0],[110.090567,-7.536507,0],[110.090713,-7.537059,0],[110.091155,-7.537819,0],[110.091812,-7.538306,0],[110.091932,-7.538575,0],[110.09187,-7.53977,0],[110.092501,-7.540157,0],[110.093378,-7.542167,0],[110.093197,-7.542452,0],[110.092423,-7.5429,0],[110.092543,-7.543296,0],[110.093654,-7.543344,0],[110.094219,-7.54357,0],[110.094386,-7.543863,0],[110.093939,-7.54406,0],[110.093971,-7.544583,0],[110.094179,-7.545524,0],[110.094755,-7.546371,0],[110.095172,-7.546727,0],[110.095862,-7.546715,0],[110.097371,-7.548172,0],[110.097614,-7.547955,0],[110.097449,-7.547767,0],[110.097459,-7.547465,0],[110.09804,-7.547755,0],[110.098999,-7.548554,0],[110.099483,-7.5495,0],[110.100162,-7.550202,0],[110.100688,-7.549767,0],[110.100346,-7.548333,0],[110.100503,-7.548267,0],[110.100642,-7.54843,0],[110.10119,-7.548158,0],[110.100708,-7.5479,0],[110.100795,-7.546757,0],[110.100023,-7.546346,0],[110.100462,-7.545776,0],[110.100548,-7.544618,0],[110.100453,-7.544196,0],[110.100136,-7.543923,0],[110.100062,-7.543645,0],[110.100525,-7.543042,0],[110.100535,-7.542159,0],[110.100743,-7.541977,0],[110.100875,-7.541228,0],[110.100673,-7.540894,0],[110.100658,-7.540469,0],[110.101085,-7.541023,0],[110.101472,-7.540944,0],[110.101541,-7.541196,0],[110.101652,-7.540933,0],[110.101783,-7.541144,0],[110.102104,-7.54102,0],[110.102487,-7.540573,0],[110.103212,-7.540343,0],[110.104927,-7.541893,0],[110.106481,-7.542716,0],[110.10713,-7.543854,0],[110.107655,-7.544249,0],[110.107622,-7.544465,0],[110.108502,-7.545473,0],[110.109022,-7.54582,0],[110.109224,-7.545615,0],[110.110151,-7.545617,0],[110.110569,-7.546402,0],[110.110451,-7.546556,0],[110.110819,-7.546666,0],[110.111661,-7.546289,0],[110.111472,-7.545885,0],[110.111306,-7.544316,0],[110.1114,-7.541642,0],[110.110822,-7.539135,0],[110.111118,-7.539049,0],[110.111072,-7.538662,0],[110.111265,-7.538295,0],[110.110712,-7.537806,0],[110.110501,-7.536842,0],[110.110865,-7.536032,0],[110.110747,-7.534647,0],[110.110267,-7.533764,0],[110.109729,-7.533412,0],[110.10953,-7.532869,0],[110.109623,-7.532481,0],[110.10938,-7.53225,0],[110.10944,-7.531773,0],[110.109277,-7.531504,0],[110.109722,-7.531712,0],[110.109401,-7.530763,0],[110.109601,-7.530306,0],[110.110065,-7.530013,0],[110.110122,-7.530313,0],[110.110772,-7.52997,0],[110.110191,-7.529287,0],[110.110094,-7.528785,0],[110.11052,-7.528454,0],[110.110171,-7.52733,0],[110.109824,-7.527044,0],[110.108916,-7.527137,0],[110.108613,-7.526935,0],[110.108554,-7.526442,0],[110.107789,-7.525584,0],[110.107735,-7.525042,0],[110.108373,-7.524741,0],[110.10882,-7.525089,0],[110.109412,-7.524694,0],[110.110392,-7.524728,0],[110.110893,-7.525019,0],[110.110802,-7.525417,0],[110.111221,-7.525828,0],[110.111438,-7.52639,0],[110.111393,-7.527094,0],[110.111654,-7.527503,0],[110.111783,-7.528695,0],[110.112511,-7.529669,0],[110.112963,-7.531026,0],[110.113353,-7.53135,0],[110.113592,-7.532117,0],[110.114191,-7.532853,0],[110.114359,-7.533296,0],[110.114292,-7.533845,0],[110.114901,-7.534455,0],[110.115023,-7.534856,0],[110.115339,-7.534564,0],[110.115499,-7.533981,0],[110.116106,-7.533309,0],[110.116659,-7.533377,0],[110.117088,-7.53238,0],[110.116657,-7.531503,0],[110.116766,-7.530157,0],[110.116628,-7.529224,0],[110.117101,-7.528808,0],[110.116241,-7.528636,0],[110.115658,-7.526996,0],[110.11587,-7.526479,0],[110.116514,-7.525878,0],[110.116393,-7.525464,0],[110.117456,-7.524233,0],[110.117339,-7.523551,0],[110.118031,-7.522787,0],[110.118395,-7.521731,0],[110.118398,-7.520333,0],[110.121279,-7.52089,0],[110.122608,-7.521697,0],[110.12356,-7.52184,0],[110.124401,-7.522249,0],[110.125195,-7.522319,0],[110.125493,-7.521895,0],[110.125824,-7.52187,0],[110.128894,-7.523351,0],[110.129651,-7.523547,0],[110.129768,-7.523787,0],[110.13014,-7.523969,0],[110.130511,-7.523804,0],[110.130561,-7.524061,0],[110.132499,-7.524047,0],[110.133595,-7.523917,0],[110.133839,-7.523509,0],[110.134143,-7.523386,0],[110.134388,-7.522662,0],[110.134328,-7.521594,0],[110.13486,-7.520487,0],[110.136832,-7.519607,0],[110.135905,-7.518909,0],[110.135386,-7.517141,0],[110.135508,-7.515511,0],[110.135412,-7.515145,0],[110.134906,-7.513949,0],[110.133906,-7.513161,0],[110.133629,-7.512342,0],[110.133129,-7.511797,0],[110.132825,-7.510988,0],[110.132263,-7.510344,0],[110.132033,-7.508332,0],[110.131559,-7.506916,0],[110.131165,-7.506348,0],[110.131331,-7.505434,0],[110.132254,-7.503935,0],[110.132524,-7.503138,0],[110.13377,-7.5027,0],[110.133556,-7.50146,0],[110.133899,-7.500251,0],[110.134544,-7.499783,0],[110.134414,-7.499085,0],[110.133265,-7.497401,0],[110.131694,-7.495549,0],[110.130266,-7.492911,0],[110.129425,-7.491677,0],[110.129119,-7.490135,0],[110.129281,-7.489048,0],[110.128363,-7.488648,0],[110.126744,-7.488501,0],[110.125846,-7.488193,0],[110.12482,-7.488298,0],[110.124656,-7.488099,0],[110.124787,-7.487549,0],[110.124165,-7.48684,0],[110.123373,-7.486476,0],[110.122409,-7.485741,0],[110.122048,-7.485779,0],[110.121773,-7.486095,0],[110.121915,-7.483689,0],[110.120079,-7.482848,0],[110.119673,-7.48241,0],[110.119594,-7.481006,0],[110.119748,-7.480192,0],[110.120547,-7.47833,0],[110.120765,-7.477,0],[110.119901,-7.476427,0],[110.118826,-7.475976,0],[110.117039,-7.473517,0],[110.117006,-7.472625,0],[110.11725,-7.471228,0],[110.117077,-7.470603,0],[110.11659,-7.469961,0],[110.116291,-7.469757,0],[110.115139,-7.469714,0],[110.114176,-7.469903,0],[110.113014,-7.471248,0],[110.109974,-7.473383,0],[110.109688,-7.473922,0],[110.109462,-7.475514,0],[110.108788,-7.475481,0],[110.108709,-7.4757,0],[110.107794,-7.476054,0],[110.107739,-7.476284,0],[110.108088,-7.476432,0],[110.108292,-7.477157,0],[110.108137,-7.477469,0],[110.108275,-7.477787,0],[110.107761,-7.477976,0],[110.107561,-7.478518,0],[110.107211,-7.478802,0],[110.107339,-7.479611,0],[110.10679,-7.479963,0],[110.106542,-7.480439,0],[110.106603,-7.481964,0],[110.106292,-7.482878,0],[110.106549,-7.483802,0],[110.106091,-7.483725,0],[110.105508,-7.48307,0],[110.105185,-7.481393,0],[110.104802,-7.481029,0],[110.105371,-7.480087,0],[110.105271,-7.479218,0],[110.104636,-7.478949,0],[110.104526,-7.478216,0],[110.104652,-7.477686,0],[110.103796,-7.476624,0],[110.103653,-7.47602,0],[110.102765,-7.475298,0],[110.102627,-7.475488,0],[110.102152,-7.475189,0],[110.101595,-7.475689,0],[110.100127,-7.476234,0],[110.098977,-7.475355,0],[110.098896,-7.474637,0],[110.09859,-7.473869,0],[110.097846,-7.473157,0],[110.097825,-7.472684,0],[110.098137,-7.472298,0],[110.097616,-7.471536,0],[110.097432,-7.470579,0],[110.096843,-7.470179,0],[110.096379,-7.468587,0],[110.095804,-7.468177,0],[110.095886,-7.46777,0],[110.095722,-7.467191,0],[110.095042,-7.466493,0],[110.094482,-7.466293,0],[110.094024,-7.465099,0],[110.093165,-7.464522,0],[110.093151,-7.463587,0],[110.091695,-7.460453,0],[110.09061,-7.459853,0],[110.090181,-7.459268,0],[110.089268,-7.457119,0],[110.08834,-7.456056,0],[110.087219,-7.455277,0],[110.086948,-7.4541,0],[110.087183,-7.453229,0],[110.086169,-7.452051,0],[110.085584,-7.449795,0],[110.084977,-7.448517,0],[110.083814,-7.447754,0],[110.0835,-7.445277,0],[110.081908,-7.442921,0],[110.081035,-7.441148,0],[110.080718,-7.439913,0],[110.080925,-7.436894,0],[110.08074,-7.436408,0],[110.07994,-7.43658,0],[110.079512,-7.436087,0],[110.078729,-7.435582,0],[110.078486,-7.435154,0],[110.078486,-7.434098,0],[110.076806,-7.432008,0],[110.076732,-7.429283,0],[110.07625,-7.428798,0],[110.075893,-7.427843,0],[110.076134,-7.427263,0],[110.076119,-7.426615,0],[110.075937,-7.426228,0],[110.075901,-7.422532,0],[110.076131,-7.420014,0],[110.075801,-7.418602,0],[110.075771,-7.416232,0],[110.075518,-7.415691,0],[110.075748,-7.415644,0]]]}},
    {"type":"Feature","id":"330813","properties":{"id":"330813","name":"Kaliangkrik","slug":"kaliangkrik","role":"context","sourceCode":"33.08.13","county":"Magelang","province":"Jawa Tengah","boundarySource":"BIG BATAS_KECAMATAN_AR"},"geometry":{"type":"Polygon","coordinates":[[[110.098028,-7.40718,0],[110.097796,-7.407115,0],[110.097396,-7.406329,0],[110.096756,-7.405724,0],[110.096121,-7.405463,0],[110.095454,-7.404815,0],[110.09416,-7.403007,0],[110.093194,-7.402185,0],[110.092858,-7.400823,0],[110.092129,-7.399377,0],[110.091112,-7.398747,0],[110.088775,-7.39628,0],[110.085927,-7.392262,0],[110.085109,-7.391505,0],[110.083442,-7.389221,0],[110.082503,-7.388237,0],[110.081652,-7.387573,0],[110.080226,-7.386811,0],[110.077941,-7.385988,0],[110.077005,-7.38514,0],[110.076029,-7.383633,0],[110.074382,-7.385105,0],[110.074649,-7.386696,0],[110.074591,-7.392456,0],[110.074939,-7.394882,0],[110.074886,-7.396653,0],[110.07468,-7.398218,0],[110.073678,-7.400666,0],[110.07347,-7.401617,0],[110.073687,-7.404014,0],[110.073511,-7.40571,0],[110.073178,-7.406305,0],[110.07315,-7.407315,0],[110.073736,-7.408928,0],[110.073937,-7.410666,0],[110.07437,-7.411472,0],[110.074947,-7.411893,0],[110.075637,-7.414221,0],[110.075761,-7.415596,0],[110.075518,-7.415691,0],[110.075771,-7.416232,0],[110.075801,-7.418602,0],[110.076131,-7.420014,0],[110.075901,-7.422532,0],[110.075937,-7.426228,0],[110.076119,-7.426615,0],[110.076134,-7.427263,0],[110.075893,-7.427843,0],[110.07625,-7.428798,0],[110.076732,-7.429283,0],[110.076806,-7.432008,0],[110.078486,-7.434098,0],[110.078486,-7.435154,0],[110.078729,-7.435582,0],[110.079512,-7.436087,0],[110.07994,-7.43658,0],[110.080668,-7.436323,0],[110.080861,-7.436651,0],[110.080697,-7.439514,0],[110.081035,-7.441148,0],[110.081908,-7.442921,0],[110.0835,-7.445277,0],[110.083814,-7.447754,0],[110.084977,-7.448517,0],[110.085584,-7.449795,0],[110.086169,-7.452051,0],[110.087183,-7.453229,0],[110.086948,-7.4541,0],[110.087219,-7.455277,0],[110.08834,-7.456056,0],[110.089268,-7.457119,0],[110.090181,-7.459268,0],[110.09061,-7.459853,0],[110.091695,-7.460453,0],[110.093151,-7.463587,0],[110.093165,-7.464522,0],[110.094024,-7.465099,0],[110.094482,-7.466293,0],[110.095042,-7.466493,0],[110.095722,-7.467191,0],[110.095886,-7.46777,0],[110.095804,-7.468177,0],[110.096379,-7.468587,0],[110.096843,-7.470179,0],[110.097432,-7.470579,0],[110.097616,-7.471536,0],[110.098137,-7.472298,0],[110.097825,-7.472684,0],[110.097846,-7.473157,0],[110.09859,-7.473869,0],[110.098896,-7.474637,0],[110.098977,-7.475355,0],[110.100127,-7.476234,0],[110.101595,-7.475689,0],[110.102152,-7.475189,0],[110.102627,-7.475488,0],[110.102765,-7.475298,0],[110.103653,-7.47602,0],[110.103796,-7.476624,0],[110.104652,-7.477686,0],[110.104526,-7.478216,0],[110.104636,-7.478949,0],[110.105271,-7.479218,0],[110.105371,-7.480087,0],[110.104802,-7.481029,0],[110.105185,-7.481393,0],[110.105508,-7.48307,0],[110.105835,-7.483502,0],[110.106204,-7.483781,0],[110.106549,-7.483802,0],[110.106292,-7.482878,0],[110.106603,-7.481964,0],[110.106542,-7.480439,0],[110.10679,-7.479963,0],[110.107339,-7.479611,0],[110.107211,-7.478802,0],[110.107561,-7.478518,0],[110.107761,-7.477976,0],[110.108275,-7.477787,0],[110.108137,-7.477469,0],[110.108292,-7.477157,0],[110.108088,-7.476432,0],[110.107739,-7.476284,0],[110.107794,-7.476054,0],[110.108709,-7.4757,0],[110.108788,-7.475481,0],[110.109462,-7.475514,0],[110.109688,-7.473922,0],[110.109974,-7.473383,0],[110.113014,-7.471248,0],[110.114176,-7.469903,0],[110.115139,-7.469714,0],[110.116291,-7.469757,0],[110.11659,-7.469961,0],[110.117077,-7.470603,0],[110.11725,-7.471228,0],[110.117006,-7.472625,0],[110.117039,-7.473517,0],[110.118826,-7.475976,0],[110.119901,-7.476427,0],[110.120765,-7.477,0],[110.120547,-7.47833,0],[110.119748,-7.480192,0],[110.119594,-7.481006,0],[110.119673,-7.48241,0],[110.120079,-7.482848,0],[110.121915,-7.483689,0],[110.121773,-7.486095,0],[110.122048,-7.485779,0],[110.122409,-7.485741,0],[110.123373,-7.486476,0],[110.124165,-7.48684,0],[110.124787,-7.487549,0],[110.124656,-7.488099,0],[110.12482,-7.488298,0],[110.125846,-7.488193,0],[110.126744,-7.488501,0],[110.128363,-7.488648,0],[110.129281,-7.489048,0],[110.131004,-7.489298,0],[110.132099,-7.489636,0],[110.136792,-7.490346,0],[110.140137,-7.490016,0],[110.143025,-7.491279,0],[110.143843,-7.491432,0],[110.145373,-7.491179,0],[110.14901,-7.489535,0],[110.149694,-7.489894,0],[110.151167,-7.490037,0],[110.153061,-7.490623,0],[110.155204,-7.49,0],[110.156075,-7.489975,0],[110.157239,-7.490975,0],[110.158457,-7.491582,0],[110.15889,-7.491645,0],[110.159116,-7.491587,0],[110.160498,-7.48997,0],[110.161071,-7.490469,0],[110.161478,-7.490566,0],[110.162582,-7.490424,0],[110.16313,-7.489717,0],[110.164253,-7.488907,0],[110.164893,-7.487471,0],[110.166266,-7.487587,0],[110.167058,-7.487248,0],[110.167848,-7.48759,0],[110.169164,-7.48785,0],[110.170142,-7.486822,0],[110.170491,-7.485784,0],[110.170972,-7.485355,0],[110.171493,-7.485177,0],[110.172799,-7.485149,0],[110.173703,-7.485333,0],[110.174009,-7.484792,0],[110.174197,-7.483072,0],[110.172798,-7.481963,0],[110.171777,-7.481639,0],[110.171458,-7.480973,0],[110.171815,-7.480323,0],[110.171579,-7.479494,0],[110.171211,-7.4791,0],[110.170796,-7.479119,0],[110.170334,-7.478829,0],[110.169762,-7.478173,0],[110.169275,-7.478164,0],[110.168769,-7.477376,0],[110.167791,-7.476689,0],[110.167324,-7.475928,0],[110.167179,-7.475319,0],[110.166154,-7.475023,0],[110.165648,-7.474388,0],[110.165161,-7.474213,0],[110.164904,-7.473476,0],[110.164323,-7.473176,0],[110.164057,-7.472279,0],[110.163215,-7.472189,0],[110.162641,-7.471469,0],[110.162125,-7.471643,0],[110.161541,-7.471587,0],[110.161109,-7.471137,0],[110.16092,-7.471249,0],[110.160803,-7.471695,0],[110.161118,-7.472128,0],[110.16058,-7.472368,0],[110.159995,-7.473279,0],[110.159876,-7.472675,0],[110.159477,-7.472378,0],[110.159408,-7.471978,0],[110.158905,-7.47146,0],[110.158498,-7.471338,0],[110.158437,-7.470971,0],[110.15777,-7.470464,0],[110.157807,-7.470229,0],[110.156971,-7.46922,0],[110.156753,-7.468419,0],[110.156206,-7.468699,0],[110.155483,-7.46836,0],[110.154836,-7.468337,0],[110.154537,-7.46817,0],[110.153796,-7.468432,0],[110.153655,-7.467614,0],[110.152835,-7.46784,0],[110.151955,-7.466746,0],[110.151145,-7.464902,0],[110.151471,-7.464297,0],[110.152167,-7.464257,0],[110.152346,-7.463454,0],[110.152642,-7.462973,0],[110.151706,-7.462441,0],[110.150627,-7.460955,0],[110.150615,-7.46071,0],[110.149755,-7.460738,0],[110.149318,-7.460483,0],[110.149114,-7.460656,0],[110.148725,-7.4603,0],[110.148289,-7.460194,0],[110.148141,-7.459473,0],[110.147665,-7.459034,0],[110.146975,-7.458703,0],[110.146301,-7.458862,0],[110.14506,-7.458364,0],[110.144565,-7.457953,0],[110.144607,-7.457723,0],[110.144253,-7.457166,0],[110.143896,-7.455414,0],[110.142864,-7.453466,0],[110.142741,-7.452891,0],[110.142851,-7.451881,0],[110.143536,-7.450393,0],[110.143389,-7.449608,0],[110.141283,-7.447675,0],[110.140536,-7.447273,0],[110.14026,-7.446494,0],[110.139788,-7.446355,0],[110.140112,-7.44576,0],[110.139732,-7.445562,0],[110.140024,-7.445134,0],[110.139626,-7.444739,0],[110.139066,-7.4446,0],[110.138802,-7.444345,0],[110.139202,-7.443757,0],[110.139191,-7.443437,0],[110.139593,-7.4433,0],[110.13984,-7.442669,0],[110.140233,-7.442224,0],[110.140255,-7.441524,0],[110.140536,-7.440744,0],[110.139491,-7.439521,0],[110.138632,-7.439558,0],[110.137527,-7.439869,0],[110.137143,-7.439692,0],[110.13692,-7.438777,0],[110.136497,-7.438154,0],[110.136448,-7.437782,0],[110.136602,-7.437426,0],[110.137307,-7.436988,0],[110.137197,-7.436428,0],[110.137482,-7.436044,0],[110.137476,-7.435655,0],[110.136897,-7.435628,0],[110.136376,-7.434918,0],[110.135705,-7.4351,0],[110.135656,-7.434512,0],[110.134845,-7.434316,0],[110.134434,-7.433484,0],[110.133782,-7.433264,0],[110.133542,-7.432887,0],[110.132517,-7.432804,0],[110.132086,-7.432259,0],[110.13144,-7.432181,0],[110.131094,-7.431937,0],[110.130337,-7.432229,0],[110.129652,-7.431746,0],[110.129011,-7.431698,0],[110.128456,-7.430342,0],[110.127059,-7.430069,0],[110.126823,-7.429815,0],[110.126653,-7.429198,0],[110.126294,-7.429069,0],[110.126181,-7.428724,0],[110.125489,-7.428309,0],[110.124232,-7.426832,0],[110.123935,-7.426117,0],[110.123091,-7.425573,0],[110.12288,-7.425116,0],[110.122216,-7.424383,0],[110.122503,-7.424118,0],[110.122366,-7.42397,0],[110.12361,-7.422841,0],[110.123901,-7.422776,0],[110.124185,-7.423066,0],[110.124617,-7.422828,0],[110.124757,-7.422221,0],[110.125105,-7.421975,0],[110.124824,-7.421475,0],[110.124295,-7.42155,0],[110.123954,-7.421416,0],[110.123496,-7.421685,0],[110.123252,-7.421659,0],[110.122766,-7.420537,0],[110.122706,-7.419628,0],[110.122495,-7.419379,0],[110.121475,-7.418903,0],[110.120077,-7.417952,0],[110.117365,-7.416818,0],[110.116911,-7.415941,0],[110.116289,-7.415437,0],[110.115158,-7.415219,0],[110.113843,-7.414316,0],[110.113315,-7.41377,0],[110.112586,-7.413644,0],[110.111207,-7.412785,0],[110.110262,-7.412478,0],[110.109085,-7.411313,0],[110.10716,-7.410207,0],[110.106395,-7.409297,0],[110.104905,-7.408339,0],[110.103712,-7.408165,0],[110.103377,-7.406488,0],[110.103097,-7.406203,0],[110.102522,-7.406152,0],[110.101658,-7.406355,0],[110.099898,-7.407397,0],[110.099146,-7.406984,0],[110.098028,-7.40718,0]]]}},
    {"type":"Feature","id":"330814","properties":{"id":"330814","name":"Bandongan","slug":"bandongan","role":"focus","sourceCode":"33.08.14","county":"Magelang","province":"Jawa Tengah","boundarySource":"BIG BATAS_KECAMATAN_AR"},"geometry":{"type":"Polygon","coordinates":[[[110.167099,-7.425595,0],[110.165823,-7.425494,0],[110.164537,-7.424821,0],[110.163309,-7.42469,0],[110.16309,-7.424273,0],[110.162534,-7.421582,0],[110.162521,-7.420826,0],[110.162229,-7.420385,0],[110.161713,-7.417019,0],[110.161051,-7.415379,0],[110.159096,-7.419498,0],[110.157774,-7.421074,0],[110.155604,-7.423211,0],[110.154991,-7.424242,0],[110.153887,-7.430983,0],[110.153491,-7.43203,0],[110.152209,-7.433413,0],[110.151657,-7.434353,0],[110.151497,-7.436686,0],[110.150904,-7.43728,0],[110.150838,-7.437661,0],[110.150551,-7.437374,0],[110.150211,-7.437447,0],[110.149899,-7.437883,0],[110.15002,-7.438235,0],[110.149084,-7.438934,0],[110.150014,-7.439444,0],[110.1502,-7.4401,0],[110.150738,-7.440581,0],[110.152063,-7.440761,0],[110.152485,-7.440962,0],[110.152656,-7.442027,0],[110.153532,-7.442381,0],[110.153909,-7.44304,0],[110.154415,-7.442678,0],[110.154798,-7.442709,0],[110.155281,-7.443483,0],[110.155068,-7.444015,0],[110.155124,-7.444357,0],[110.155588,-7.444689,0],[110.15601,-7.444539,0],[110.156688,-7.445591,0],[110.157102,-7.445864,0],[110.157245,-7.447009,0],[110.157798,-7.447218,0],[110.157667,-7.448606,0],[110.157256,-7.44877,0],[110.156885,-7.448617,0],[110.156406,-7.447193,0],[110.156138,-7.447242,0],[110.155857,-7.447689,0],[110.155363,-7.447302,0],[110.154359,-7.447231,0],[110.153098,-7.446542,0],[110.153086,-7.44623,0],[110.153434,-7.445985,0],[110.153372,-7.445039,0],[110.152961,-7.444821,0],[110.151641,-7.444758,0],[110.151274,-7.443616,0],[110.150691,-7.443079,0],[110.14985,-7.442931,0],[110.148582,-7.443807,0],[110.148103,-7.443847,0],[110.147748,-7.443472,0],[110.148031,-7.442681,0],[110.147844,-7.442242,0],[110.147459,-7.442072,0],[110.146603,-7.442115,0],[110.146009,-7.4415,0],[110.145568,-7.441573,0],[110.144863,-7.441308,0],[110.143768,-7.440822,0],[110.143542,-7.440526,0],[110.142253,-7.441312,0],[110.141459,-7.440861,0],[110.141387,-7.440539,0],[110.140536,-7.440744,0],[110.140255,-7.441524,0],[110.140233,-7.442224,0],[110.13984,-7.442669,0],[110.139593,-7.4433,0],[110.139191,-7.443437,0],[110.139202,-7.443757,0],[110.138802,-7.444345,0],[110.139066,-7.4446,0],[110.139626,-7.444739,0],[110.140024,-7.445134,0],[110.139732,-7.445562,0],[110.140112,-7.44576,0],[110.139788,-7.446355,0],[110.14026,-7.446494,0],[110.140536,-7.447273,0],[110.141283,-7.447675,0],[110.143389,-7.449608,0],[110.143536,-7.450393,0],[110.142851,-7.451881,0],[110.142741,-7.452891,0],[110.142864,-7.453466,0],[110.143896,-7.455414,0],[110.144253,-7.457166,0],[110.144607,-7.457723,0],[110.144565,-7.457953,0],[110.14506,-7.458364,0],[110.146301,-7.458862,0],[110.146975,-7.458703,0],[110.147665,-7.459034,0],[110.148141,-7.459473,0],[110.148289,-7.460194,0],[110.148725,-7.4603,0],[110.149114,-7.460656,0],[110.149318,-7.460483,0],[110.149755,-7.460738,0],[110.150615,-7.46071,0],[110.150627,-7.460955,0],[110.151706,-7.462441,0],[110.15262,-7.462899,0],[110.152167,-7.464257,0],[110.151471,-7.464297,0],[110.15114,-7.464951,0],[110.151891,-7.46665,0],[110.152835,-7.46784,0],[110.153655,-7.467614,0],[110.153796,-7.468432,0],[110.154537,-7.46817,0],[110.154836,-7.468337,0],[110.155483,-7.46836,0],[110.156206,-7.468699,0],[110.156753,-7.468419,0],[110.156971,-7.46922,0],[110.157807,-7.470229,0],[110.15777,-7.470464,0],[110.158437,-7.470971,0],[110.158498,-7.471338,0],[110.158905,-7.47146,0],[110.159408,-7.471978,0],[110.159477,-7.472378,0],[110.159876,-7.472675,0],[110.160036,-7.473308,0],[110.160041,-7.47308,0],[110.16058,-7.472368,0],[110.161118,-7.472128,0],[110.160803,-7.471695,0],[110.16092,-7.471249,0],[110.161109,-7.471137,0],[110.161541,-7.471587,0],[110.162125,-7.471643,0],[110.162641,-7.471469,0],[110.163215,-7.472189,0],[110.164057,-7.472279,0],[110.164323,-7.473176,0],[110.164904,-7.473476,0],[110.165161,-7.474213,0],[110.165648,-7.474388,0],[110.166154,-7.475023,0],[110.167179,-7.475319,0],[110.167324,-7.475928,0],[110.167791,-7.476689,0],[110.168769,-7.477376,0],[110.169275,-7.478164,0],[110.169762,-7.478173,0],[110.170334,-7.478829,0],[110.170796,-7.479119,0],[110.171211,-7.4791,0],[110.171579,-7.479494,0],[110.171815,-7.480323,0],[110.171458,-7.480973,0],[110.171777,-7.481639,0],[110.172798,-7.481963,0],[110.174197,-7.483072,0],[110.174009,-7.484792,0],[110.173703,-7.485333,0],[110.172799,-7.485149,0],[110.171493,-7.485177,0],[110.170972,-7.485355,0],[110.170491,-7.485784,0],[110.170142,-7.486822,0],[110.169164,-7.48785,0],[110.167848,-7.48759,0],[110.167058,-7.487248,0],[110.166266,-7.487587,0],[110.164893,-7.487471,0],[110.164253,-7.488907,0],[110.16313,-7.489717,0],[110.162582,-7.490424,0],[110.161478,-7.490566,0],[110.161071,-7.490469,0],[110.160498,-7.48997,0],[110.159116,-7.491587,0],[110.15955,-7.492219,0],[110.160381,-7.492668,0],[110.16047,-7.493364,0],[110.160732,-7.493905,0],[110.160714,-7.494393,0],[110.161525,-7.495313,0],[110.161658,-7.495937,0],[110.162335,-7.49727,0],[110.162611,-7.497465,0],[110.163677,-7.497679,0],[110.164091,-7.498012,0],[110.164747,-7.498902,0],[110.165003,-7.499685,0],[110.165439,-7.499659,0],[110.1662,-7.5002,0],[110.166633,-7.500079,0],[110.167283,-7.500462,0],[110.167563,-7.501245,0],[110.168719,-7.501914,0],[110.169211,-7.502314,0],[110.169461,-7.502769,0],[110.169889,-7.502931,0],[110.170387,-7.503568,0],[110.172047,-7.504559,0],[110.172943,-7.50532,0],[110.173978,-7.506918,0],[110.175199,-7.508087,0],[110.177095,-7.508593,0],[110.179051,-7.508219,0],[110.179818,-7.508292,0],[110.180364,-7.508749,0],[110.180255,-7.509097,0],[110.179808,-7.50952,0],[110.179926,-7.509847,0],[110.180679,-7.509693,0],[110.18086,-7.509999,0],[110.18179,-7.510665,0],[110.183034,-7.510222,0],[110.183657,-7.51064,0],[110.184151,-7.510682,0],[110.184655,-7.511326,0],[110.184291,-7.511909,0],[110.184703,-7.51214,0],[110.184807,-7.512542,0],[110.184142,-7.513087,0],[110.184156,-7.513314,0],[110.184446,-7.513362,0],[110.184417,-7.513535,0],[110.183911,-7.513605,0],[110.183674,-7.513934,0],[110.183942,-7.513976,0],[110.185314,-7.515265,0],[110.185699,-7.515155,0],[110.185776,-7.514803,0],[110.186133,-7.515355,0],[110.186454,-7.51513,0],[110.186453,-7.515624,0],[110.186779,-7.51572,0],[110.187034,-7.516143,0],[110.186875,-7.516541,0],[110.18713,-7.517101,0],[110.187054,-7.517653,0],[110.186767,-7.517683,0],[110.186374,-7.517279,0],[110.185835,-7.517438,0],[110.185826,-7.517886,0],[110.186118,-7.518689,0],[110.185899,-7.519154,0],[110.186083,-7.518777,0],[110.186752,-7.518378,0],[110.188627,-7.51806,0],[110.189501,-7.515532,0],[110.189576,-7.5145,0],[110.19015,-7.51384,0],[110.189279,-7.512112,0],[110.187979,-7.508879,0],[110.189605,-7.505944,0],[110.189549,-7.505317,0],[110.1893,-7.504745,0],[110.190252,-7.503934,0],[110.191418,-7.502163,0],[110.19478,-7.500308,0],[110.195299,-7.499817,0],[110.196533,-7.497952,0],[110.196903,-7.497108,0],[110.196342,-7.495313,0],[110.198074,-7.494273,0],[110.199154,-7.493161,0],[110.198892,-7.493031,0],[110.199139,-7.492576,0],[110.199989,-7.489399,0],[110.200384,-7.489352,0],[110.200703,-7.490164,0],[110.201102,-7.490271,0],[110.203686,-7.489022,0],[110.204179,-7.488601,0],[110.205457,-7.486688,0],[110.205528,-7.485724,0],[110.205956,-7.484339,0],[110.207463,-7.481719,0],[110.207377,-7.481427,0],[110.206463,-7.481298,0],[110.206156,-7.481034,0],[110.205814,-7.480292,0],[110.205721,-7.479271,0],[110.206345,-7.476698,0],[110.206668,-7.476526,0],[110.208391,-7.476536,0],[110.209871,-7.473854,0],[110.209678,-7.473347,0],[110.208772,-7.472584,0],[110.208679,-7.47197,0],[110.209136,-7.470563,0],[110.210556,-7.468058,0],[110.210892,-7.466923,0],[110.211361,-7.463128,0],[110.211864,-7.462203,0],[110.211641,-7.461451,0],[110.210451,-7.460756,0],[110.210018,-7.460323,0],[110.210003,-7.459785,0],[110.212183,-7.455455,0],[110.211669,-7.453737,0],[110.211721,-7.453166,0],[110.213311,-7.452166,0],[110.213725,-7.451719,0],[110.214053,-7.450924,0],[110.213868,-7.450277,0],[110.21195,-7.447841,0],[110.211779,-7.446765,0],[110.211874,-7.446403,0],[110.212456,-7.445719,0],[110.214127,-7.445173,0],[110.214455,-7.44438,0],[110.214434,-7.443679,0],[110.214207,-7.44344,0],[110.213943,-7.443421,0],[110.213158,-7.443665,0],[110.212372,-7.443574,0],[110.211882,-7.442927,0],[110.211848,-7.442089,0],[110.212059,-7.441384,0],[110.213717,-7.439257,0],[110.214319,-7.437966,0],[110.215578,-7.436386,0],[110.215128,-7.434609,0],[110.215374,-7.433765,0],[110.213934,-7.432207,0],[110.213897,-7.431766,0],[110.212963,-7.431514,0],[110.212521,-7.431739,0],[110.212349,-7.431649,0],[110.21216,-7.431241,0],[110.212238,-7.430356,0],[110.211437,-7.430202,0],[110.211343,-7.429757,0],[110.211046,-7.429634,0],[110.210085,-7.430046,0],[110.209329,-7.430014,0],[110.209224,-7.429779,0],[110.209356,-7.428956,0],[110.209193,-7.428758,0],[110.208682,-7.428434,0],[110.208102,-7.428419,0],[110.207977,-7.428025,0],[110.207546,-7.427635,0],[110.206859,-7.427549,0],[110.206568,-7.427352,0],[110.205599,-7.427486,0],[110.205209,-7.427033,0],[110.204956,-7.426064,0],[110.20481,-7.426033,0],[110.204623,-7.426456,0],[110.204263,-7.426319,0],[110.20401,-7.4258,0],[110.203649,-7.426192,0],[110.203496,-7.426142,0],[110.20322,-7.425875,0],[110.202954,-7.424814,0],[110.202416,-7.424913,0],[110.201908,-7.424805,0],[110.20156,-7.424379,0],[110.201559,-7.423954,0],[110.201181,-7.423921,0],[110.200997,-7.423211,0],[110.200407,-7.422896,0],[110.199021,-7.423614,0],[110.198656,-7.42463,0],[110.197878,-7.425856,0],[110.196345,-7.426619,0],[110.194617,-7.427175,0],[110.194539,-7.427716,0],[110.194825,-7.428133,0],[110.194723,-7.428585,0],[110.194291,-7.429187,0],[110.194454,-7.429387,0],[110.194112,-7.429737,0],[110.194067,-7.430009,0],[110.193656,-7.430089,0],[110.193872,-7.430367,0],[110.193618,-7.430694,0],[110.193666,-7.430907,0],[110.193193,-7.431999,0],[110.192915,-7.432114,0],[110.192906,-7.433009,0],[110.192288,-7.43483,0],[110.192026,-7.436256,0],[110.19142,-7.437475,0],[110.190814,-7.438284,0],[110.191125,-7.438572,0],[110.190945,-7.438834,0],[110.190358,-7.439119,0],[110.190387,-7.439276,0],[110.189569,-7.43892,0],[110.189005,-7.439012,0],[110.188869,-7.438894,0],[110.188664,-7.439028,0],[110.188534,-7.438803,0],[110.18818,-7.438882,0],[110.187448,-7.438463,0],[110.186514,-7.438322,0],[110.18628,-7.437872,0],[110.185918,-7.437665,0],[110.185299,-7.436869,0],[110.184165,-7.436958,0],[110.182479,-7.435878,0],[110.181857,-7.435307,0],[110.179541,-7.435231,0],[110.177481,-7.434251,0],[110.176565,-7.433028,0],[110.176136,-7.432927,0],[110.175478,-7.433077,0],[110.175565,-7.432641,0],[110.175081,-7.432372,0],[110.174805,-7.431391,0],[110.174101,-7.430652,0],[110.173906,-7.430073,0],[110.173404,-7.429488,0],[110.173127,-7.428607,0],[110.171887,-7.427725,0],[110.171321,-7.427691,0],[110.169337,-7.426092,0],[110.16825,-7.425684,0],[110.167099,-7.425595,0]]]}},
    {"type":"Feature","id":"330815","properties":{"id":"330815","name":"Candimulyo","slug":"candimulyo","role":"context","sourceCode":"33.08.15","county":"Magelang","province":"Jawa Tengah","boundarySource":"BIG BATAS_KECAMATAN_AR"},"geometry":{"type":"Polygon","coordinates":[[[110.327334,-7.461571,0],[110.327308,-7.461017,0],[110.327815,-7.460698,0],[110.327938,-7.460234,0],[110.328276,-7.460107,0],[110.328351,-7.459914,0],[110.327251,-7.458406,0],[110.326792,-7.458065,0],[110.326472,-7.458058,0],[110.324227,-7.45893,0],[110.32364,-7.459303,0],[110.3227,-7.460278,0],[110.321329,-7.460624,0],[110.319971,-7.461602,0],[110.318515,-7.461445,0],[110.317255,-7.461992,0],[110.316518,-7.46212,0],[110.315719,-7.462054,0],[110.315091,-7.461655,0],[110.313726,-7.461548,0],[110.309929,-7.463205,0],[110.309186,-7.46327,0],[110.308299,-7.463023,0],[110.30752,-7.463196,0],[110.306255,-7.463068,0],[110.305229,-7.463587,0],[110.30369,-7.463811,0],[110.302861,-7.464899,0],[110.301571,-7.465453,0],[110.300576,-7.46544,0],[110.298951,-7.466023,0],[110.296412,-7.46806,0],[110.295129,-7.468297,0],[110.294828,-7.468961,0],[110.293941,-7.469375,0],[110.294208,-7.469559,0],[110.294232,-7.469822,0],[110.293857,-7.470301,0],[110.293473,-7.470195,0],[110.292226,-7.470396,0],[110.290924,-7.471013,0],[110.290744,-7.471339,0],[110.290324,-7.471354,0],[110.287866,-7.472223,0],[110.285971,-7.471998,0],[110.285736,-7.4718,0],[110.284871,-7.471799,0],[110.284121,-7.470625,0],[110.284239,-7.470087,0],[110.284104,-7.469892,0],[110.284264,-7.469762,0],[110.284043,-7.469316,0],[110.283498,-7.469064,0],[110.282828,-7.468441,0],[110.282208,-7.468344,0],[110.282283,-7.46788,0],[110.281861,-7.467633,0],[110.281465,-7.468871,0],[110.281503,-7.469394,0],[110.280638,-7.470787,0],[110.280162,-7.470991,0],[110.280087,-7.471133,0],[110.280232,-7.471318,0],[110.279815,-7.471998,0],[110.278998,-7.472428,0],[110.278407,-7.472411,0],[110.278625,-7.472781,0],[110.278609,-7.473656,0],[110.27838,-7.474764,0],[110.278404,-7.475652,0],[110.278162,-7.475926,0],[110.276407,-7.477075,0],[110.276014,-7.477157,0],[110.275633,-7.477023,0],[110.275079,-7.477195,0],[110.27454,-7.476936,0],[110.274223,-7.476955,0],[110.273695,-7.477746,0],[110.273298,-7.478018,0],[110.272862,-7.477996,0],[110.27264,-7.477445,0],[110.272312,-7.477275,0],[110.27146,-7.477671,0],[110.270694,-7.477709,0],[110.270531,-7.477798,0],[110.270459,-7.478142,0],[110.269481,-7.479013,0],[110.268529,-7.479127,0],[110.268411,-7.479701,0],[110.267713,-7.479669,0],[110.267502,-7.479805,0],[110.267115,-7.480641,0],[110.266597,-7.480814,0],[110.265676,-7.480795,0],[110.265082,-7.48113,0],[110.264432,-7.481999,0],[110.263962,-7.482065,0],[110.263109,-7.481834,0],[110.261946,-7.484264,0],[110.261213,-7.484095,0],[110.260536,-7.48441,0],[110.259506,-7.483951,0],[110.258272,-7.484504,0],[110.257041,-7.484059,0],[110.256875,-7.484145,0],[110.256975,-7.48481,0],[110.256761,-7.484936,0],[110.256078,-7.48462,0],[110.255453,-7.485363,0],[110.255185,-7.48547,0],[110.254231,-7.485224,0],[110.253396,-7.485625,0],[110.252886,-7.486203,0],[110.252302,-7.485611,0],[110.252122,-7.485642,0],[110.251434,-7.486924,0],[110.250637,-7.486818,0],[110.250345,-7.487056,0],[110.249451,-7.4871,0],[110.248909,-7.486952,0],[110.248107,-7.48758,0],[110.247575,-7.486818,0],[110.247384,-7.48687,0],[110.247074,-7.487444,0],[110.245099,-7.485366,0],[110.245044,-7.485078,0],[110.24323,-7.485541,0],[110.242128,-7.485135,0],[110.241424,-7.486121,0],[110.241081,-7.486412,0],[110.240706,-7.486439,0],[110.240355,-7.486776,0],[110.239549,-7.486563,0],[110.238731,-7.486573,0],[110.237822,-7.486837,0],[110.237401,-7.487185,0],[110.237378,-7.487675,0],[110.23701,-7.488373,0],[110.235625,-7.489348,0],[110.236601,-7.491014,0],[110.236472,-7.491547,0],[110.236039,-7.492061,0],[110.23603,-7.49247,0],[110.237219,-7.493036,0],[110.237476,-7.493351,0],[110.237419,-7.493646,0],[110.236629,-7.494616,0],[110.237048,-7.495716,0],[110.236901,-7.495987,0],[110.236515,-7.496168,0],[110.23534,-7.496382,0],[110.234036,-7.497638,0],[110.233698,-7.498048,0],[110.233584,-7.499328,0],[110.233826,-7.500418,0],[110.234583,-7.50175,0],[110.236015,-7.502659,0],[110.236656,-7.504208,0],[110.237747,-7.50456,0],[110.237961,-7.504824,0],[110.237961,-7.505313,0],[110.237678,-7.50575,0],[110.236812,-7.506275,0],[110.236761,-7.50705,0],[110.237094,-7.509131,0],[110.237935,-7.509635,0],[110.239449,-7.509798,0],[110.240051,-7.510162,0],[110.240224,-7.510614,0],[110.239838,-7.51196,0],[110.240097,-7.512215,0],[110.240952,-7.512347,0],[110.241154,-7.512516,0],[110.241465,-7.513454,0],[110.241511,-7.514657,0],[110.242187,-7.515466,0],[110.241458,-7.515852,0],[110.241821,-7.517539,0],[110.2412,-7.518489,0],[110.24106,-7.519553,0],[110.240177,-7.521814,0],[110.24121,-7.52289,0],[110.241646,-7.524002,0],[110.241529,-7.524789,0],[110.240559,-7.525706,0],[110.241115,-7.526445,0],[110.241693,-7.527822,0],[110.242007,-7.527976,0],[110.242753,-7.527879,0],[110.243743,-7.528003,0],[110.243859,-7.528424,0],[110.243427,-7.529009,0],[110.241452,-7.529851,0],[110.240941,-7.530635,0],[110.240789,-7.533196,0],[110.24112,-7.535065,0],[110.239712,-7.537726,0],[110.239916,-7.537971,0],[110.240757,-7.538298,0],[110.241389,-7.538274,0],[110.241718,-7.538885,0],[110.241915,-7.539943,0],[110.241628,-7.540811,0],[110.240776,-7.541676,0],[110.240522,-7.542311,0],[110.241059,-7.542129,0],[110.241761,-7.541622,0],[110.242885,-7.541756,0],[110.243047,-7.541541,0],[110.243046,-7.540458,0],[110.242681,-7.54031,0],[110.242657,-7.540068,0],[110.242999,-7.539976,0],[110.243535,-7.540273,0],[110.244039,-7.540241,0],[110.244349,-7.539673,0],[110.245078,-7.539282,0],[110.246045,-7.538216,0],[110.247429,-7.53823,0],[110.248169,-7.538847,0],[110.249227,-7.538576,0],[110.249408,-7.538052,0],[110.249243,-7.537604,0],[110.24933,-7.537224,0],[110.249798,-7.537004,0],[110.249686,-7.536341,0],[110.250294,-7.535725,0],[110.250473,-7.534766,0],[110.250677,-7.534656,0],[110.251596,-7.534729,0],[110.251565,-7.534408,0],[110.251175,-7.533776,0],[110.251252,-7.533508,0],[110.251551,-7.534035,0],[110.251731,-7.533836,0],[110.251883,-7.533411,0],[110.251739,-7.532331,0],[110.252738,-7.532539,0],[110.252838,-7.531761,0],[110.253653,-7.531966,0],[110.25436,-7.5319,0],[110.254504,-7.532396,0],[110.254676,-7.532415,0],[110.254938,-7.532145,0],[110.254817,-7.531537,0],[110.255002,-7.531322,0],[110.255604,-7.531412,0],[110.255524,-7.531813,0],[110.255686,-7.532012,0],[110.256328,-7.531336,0],[110.256797,-7.531644,0],[110.257337,-7.531602,0],[110.257481,-7.53138,0],[110.257342,-7.530687,0],[110.25759,-7.530428,0],[110.258635,-7.530952,0],[110.259204,-7.53102,0],[110.259427,-7.531693,0],[110.259643,-7.531822,0],[110.259872,-7.531378,0],[110.25979,-7.530942,0],[110.260115,-7.530552,0],[110.260627,-7.530799,0],[110.260743,-7.529865,0],[110.261307,-7.529773,0],[110.261653,-7.529191,0],[110.263049,-7.529304,0],[110.263529,-7.528735,0],[110.263739,-7.528687,0],[110.264695,-7.52926,0],[110.264889,-7.529686,0],[110.265105,-7.529695,0],[110.265546,-7.528858,0],[110.265942,-7.528494,0],[110.268157,-7.527914,0],[110.267836,-7.527369,0],[110.267944,-7.527117,0],[110.269016,-7.527075,0],[110.269352,-7.526424,0],[110.269645,-7.526777,0],[110.269969,-7.526663,0],[110.270604,-7.525692,0],[110.271311,-7.526152,0],[110.271693,-7.526174,0],[110.27234,-7.525869,0],[110.273283,-7.526334,0],[110.274804,-7.525746,0],[110.275973,-7.525708,0],[110.27774,-7.525324,0],[110.27868,-7.525572,0],[110.280393,-7.524974,0],[110.28124,-7.524048,0],[110.281729,-7.524004,0],[110.281912,-7.523585,0],[110.282875,-7.523312,0],[110.283067,-7.522827,0],[110.283986,-7.522332,0],[110.284702,-7.522378,0],[110.284765,-7.522217,0],[110.284522,-7.521685,0],[110.284596,-7.521299,0],[110.284935,-7.521462,0],[110.286376,-7.521256,0],[110.286455,-7.521089,0],[110.285994,-7.520707,0],[110.286566,-7.520454,0],[110.28658,-7.51986,0],[110.287906,-7.519474,0],[110.288481,-7.51858,0],[110.289105,-7.518771,0],[110.289647,-7.518219,0],[110.290389,-7.518867,0],[110.290691,-7.518924,0],[110.290727,-7.518516,0],[110.290343,-7.517927,0],[110.290612,-7.517913,0],[110.291054,-7.518229,0],[110.291601,-7.518029,0],[110.291305,-7.517117,0],[110.291306,-7.516565,0],[110.291615,-7.516416,0],[110.292283,-7.516937,0],[110.292801,-7.516878,0],[110.292615,-7.515323,0],[110.292936,-7.515233,0],[110.293289,-7.515596,0],[110.293784,-7.515516,0],[110.293716,-7.514936,0],[110.294014,-7.514308,0],[110.295,-7.514389,0],[110.29513,-7.513858,0],[110.29635,-7.51369,0],[110.296405,-7.513074,0],[110.297981,-7.513467,0],[110.298581,-7.512965,0],[110.299461,-7.512983,0],[110.299619,-7.512813,0],[110.29941,-7.512539,0],[110.299412,-7.512236,0],[110.299613,-7.511835,0],[110.300416,-7.511828,0],[110.300947,-7.511379,0],[110.301399,-7.511675,0],[110.302361,-7.511322,0],[110.302353,-7.511054,0],[110.30268,-7.510808,0],[110.303606,-7.511196,0],[110.304397,-7.510826,0],[110.30515,-7.510992,0],[110.306771,-7.510857,0],[110.307267,-7.510265,0],[110.308173,-7.509998,0],[110.308209,-7.509797,0],[110.307919,-7.509357,0],[110.308443,-7.509058,0],[110.309072,-7.509193,0],[110.309374,-7.508487,0],[110.310165,-7.508932,0],[110.310115,-7.508547,0],[110.310429,-7.508562,0],[110.311063,-7.508103,0],[110.310748,-7.507349,0],[110.310959,-7.507002,0],[110.31186,-7.507185,0],[110.312481,-7.506798,0],[110.313208,-7.506972,0],[110.313328,-7.506472,0],[110.313861,-7.506566,0],[110.314053,-7.506063,0],[110.315041,-7.505862,0],[110.315266,-7.50513,0],[110.315706,-7.505543,0],[110.316153,-7.50534,0],[110.316195,-7.504889,0],[110.316695,-7.505204,0],[110.317088,-7.505249,0],[110.317301,-7.504962,0],[110.317694,-7.504963,0],[110.318114,-7.504587,0],[110.318651,-7.504567,0],[110.318865,-7.503935,0],[110.31969,-7.503818,0],[110.320152,-7.503382,0],[110.320733,-7.503586,0],[110.321105,-7.503461,0],[110.321706,-7.502577,0],[110.322168,-7.50226,0],[110.322414,-7.50183,0],[110.32278,-7.501789,0],[110.323501,-7.500826,0],[110.324377,-7.500307,0],[110.325103,-7.50029,0],[110.326604,-7.49842,0],[110.327492,-7.498092,0],[110.328098,-7.497674,0],[110.32853,-7.497621,0],[110.329159,-7.49782,0],[110.329597,-7.497725,0],[110.329856,-7.496714,0],[110.330575,-7.49693,0],[110.330803,-7.496781,0],[110.330702,-7.49626,0],[110.330852,-7.496021,0],[110.331679,-7.496088,0],[110.33327,-7.4949,0],[110.333701,-7.494979,0],[110.333912,-7.494399,0],[110.334158,-7.494315,0],[110.334398,-7.494322,0],[110.334715,-7.494896,0],[110.335026,-7.494999,0],[110.335525,-7.494114,0],[110.336773,-7.493631,0],[110.336006,-7.492844,0],[110.335747,-7.492323,0],[110.335799,-7.491269,0],[110.335656,-7.490966,0],[110.335105,-7.490844,0],[110.333776,-7.491419,0],[110.332863,-7.492492,0],[110.332539,-7.492721,0],[110.332293,-7.492683,0],[110.332166,-7.492905,0],[110.330935,-7.493288,0],[110.32975,-7.492632,0],[110.3294,-7.492143,0],[110.329369,-7.491636,0],[110.328682,-7.490187,0],[110.329318,-7.489723,0],[110.328966,-7.488912,0],[110.328769,-7.487794,0],[110.329169,-7.486987,0],[110.329131,-7.486709,0],[110.328593,-7.485903,0],[110.327927,-7.485977,0],[110.327061,-7.485805,0],[110.326443,-7.486463,0],[110.325462,-7.486664,0],[110.324934,-7.486989,0],[110.32468,-7.487027,0],[110.324203,-7.486765,0],[110.323783,-7.487048,0],[110.323472,-7.4869,0],[110.323225,-7.487595,0],[110.322746,-7.487799,0],[110.322922,-7.488058,0],[110.32259,-7.488639,0],[110.322302,-7.488886,0],[110.32159,-7.488917,0],[110.321269,-7.489157,0],[110.318794,-7.487199,0],[110.317673,-7.48579,0],[110.316542,-7.485315,0],[110.315305,-7.485284,0],[110.314763,-7.485125,0],[110.314683,-7.483943,0],[110.315058,-7.483666,0],[110.315126,-7.48334,0],[110.315061,-7.48188,0],[110.314644,-7.481406,0],[110.314654,-7.481074,0],[110.315859,-7.480516,0],[110.316417,-7.48055,0],[110.31675,-7.480915,0],[110.31711,-7.481011,0],[110.319108,-7.480208,0],[110.3193,-7.480227,0],[110.319338,-7.480603,0],[110.319587,-7.480735,0],[110.319996,-7.480168,0],[110.320657,-7.48027,0],[110.32112,-7.480034,0],[110.321811,-7.480063,0],[110.321795,-7.479566,0],[110.321913,-7.479472,0],[110.323347,-7.479458,0],[110.324351,-7.479747,0],[110.325154,-7.479537,0],[110.325883,-7.479871,0],[110.326034,-7.479429,0],[110.326636,-7.478908,0],[110.326649,-7.477726,0],[110.327006,-7.476868,0],[110.32683,-7.476037,0],[110.326884,-7.475455,0],[110.326661,-7.475148,0],[110.32635,-7.475076,0],[110.325804,-7.475401,0],[110.325115,-7.475083,0],[110.324134,-7.475509,0],[110.323708,-7.47525,0],[110.323472,-7.475288,0],[110.322119,-7.476214,0],[110.322357,-7.47709,0],[110.322117,-7.477262,0],[110.321576,-7.476974,0],[110.321432,-7.477031,0],[110.321636,-7.478137,0],[110.320955,-7.477983,0],[110.320822,-7.477346,0],[110.320506,-7.47736,0],[110.320213,-7.477594,0],[110.319996,-7.478288,0],[110.319549,-7.478517,0],[110.319334,-7.478464,0],[110.318932,-7.47786,0],[110.318217,-7.477989,0],[110.3178,-7.477902,0],[110.317291,-7.47825,0],[110.317086,-7.478733,0],[110.316684,-7.478288,0],[110.316534,-7.477732,0],[110.316183,-7.47765,0],[110.315958,-7.477773,0],[110.315793,-7.47829,0],[110.314858,-7.478013,0],[110.314677,-7.478569,0],[110.313359,-7.478134,0],[110.313082,-7.478977,0],[110.312494,-7.479161,0],[110.312042,-7.478939,0],[110.311417,-7.47817,0],[110.310521,-7.477923,0],[110.309915,-7.478009,0],[110.309622,-7.477658,0],[110.310277,-7.47771,0],[110.311055,-7.477295,0],[110.311406,-7.476546,0],[110.311816,-7.476544,0],[110.311905,-7.476202,0],[110.312477,-7.475622,0],[110.312394,-7.47498,0],[110.312538,-7.474653,0],[110.31279,-7.474567,0],[110.313253,-7.474876,0],[110.313586,-7.474893,0],[110.314239,-7.474301,0],[110.314545,-7.473583,0],[110.314753,-7.473555,0],[110.315045,-7.473979,0],[110.315232,-7.474018,0],[110.315669,-7.473652,0],[110.316576,-7.473536,0],[110.316767,-7.47252,0],[110.317138,-7.472496,0],[110.317661,-7.472776,0],[110.318236,-7.472577,0],[110.318261,-7.471823,0],[110.31888,-7.471515,0],[110.319229,-7.470657,0],[110.319949,-7.470287,0],[110.320019,-7.469619,0],[110.320787,-7.469192,0],[110.321344,-7.468664,0],[110.321973,-7.468545,0],[110.322413,-7.467534,0],[110.323158,-7.466649,0],[110.323831,-7.466783,0],[110.323956,-7.466668,0],[110.323967,-7.466065,0],[110.325072,-7.464473,0],[110.326066,-7.463948,0],[110.326591,-7.46332,0],[110.326371,-7.462908,0],[110.326574,-7.462356,0],[110.327156,-7.462208,0],[110.327334,-7.461571,0]]]}},
    {"type":"Feature","id":"330816","properties":{"id":"330816","name":"Pakis","slug":"pakis","role":"context","sourceCode":"33.08.16","county":"Magelang","province":"Jawa Tengah","boundarySource":"BIG BATAS_KECAMATAN_AR"},"geometry":{"type":"Polygon","coordinates":[[[110.377164,-7.417464,0],[110.375891,-7.417584,0],[110.374265,-7.417489,0],[110.374084,-7.417846,0],[110.374169,-7.418449,0],[110.374025,-7.418698,0],[110.372585,-7.419394,0],[110.372671,-7.419586,0],[110.37294,-7.419663,0],[110.373035,-7.420123,0],[110.372517,-7.420438,0],[110.371558,-7.420551,0],[110.370806,-7.420842,0],[110.369041,-7.420729,0],[110.367287,-7.421247,0],[110.366004,-7.421155,0],[110.364922,-7.42165,0],[110.364367,-7.421682,0],[110.363987,-7.42164,0],[110.363822,-7.421281,0],[110.360523,-7.421246,0],[110.360165,-7.420951,0],[110.359534,-7.420799,0],[110.358213,-7.421051,0],[110.357869,-7.421496,0],[110.356684,-7.421588,0],[110.355197,-7.422842,0],[110.354631,-7.423006,0],[110.352235,-7.422908,0],[110.350377,-7.423906,0],[110.347353,-7.424317,0],[110.345818,-7.425108,0],[110.343444,-7.425816,0],[110.341321,-7.425619,0],[110.340149,-7.425744,0],[110.338523,-7.426193,0],[110.336624,-7.427138,0],[110.334489,-7.427085,0],[110.333948,-7.427465,0],[110.332622,-7.429364,0],[110.330385,-7.431031,0],[110.32967,-7.430944,0],[110.32698,-7.431278,0],[110.326457,-7.431143,0],[110.326091,-7.430589,0],[110.325868,-7.430503,0],[110.325537,-7.43056,0],[110.324795,-7.431191,0],[110.324536,-7.43124,0],[110.322897,-7.430807,0],[110.321119,-7.430655,0],[110.32007,-7.430946,0],[110.319986,-7.431479,0],[110.319805,-7.43163,0],[110.317465,-7.431859,0],[110.317431,-7.432943,0],[110.317837,-7.433077,0],[110.317408,-7.43415,0],[110.318122,-7.434965,0],[110.317973,-7.435536,0],[110.318399,-7.435618,0],[110.319109,-7.43605,0],[110.319071,-7.436298,0],[110.319382,-7.436612,0],[110.319108,-7.437301,0],[110.319255,-7.43845,0],[110.317879,-7.438537,0],[110.317785,-7.43877,0],[110.317412,-7.438518,0],[110.317077,-7.438598,0],[110.316836,-7.439187,0],[110.316946,-7.439656,0],[110.316751,-7.439649,0],[110.316712,-7.440038,0],[110.316954,-7.440342,0],[110.316907,-7.440837,0],[110.317097,-7.441111,0],[110.317591,-7.441232,0],[110.317773,-7.441532,0],[110.316703,-7.441856,0],[110.315711,-7.442616,0],[110.314666,-7.442724,0],[110.314004,-7.443223,0],[110.313472,-7.442998,0],[110.313105,-7.443804,0],[110.313195,-7.444298,0],[110.313939,-7.444679,0],[110.315567,-7.444932,0],[110.316337,-7.444868,0],[110.317069,-7.44624,0],[110.317525,-7.446525,0],[110.317496,-7.446869,0],[110.317161,-7.447177,0],[110.316819,-7.447191,0],[110.316112,-7.446759,0],[110.3151,-7.446636,0],[110.313924,-7.446767,0],[110.312674,-7.446208,0],[110.312145,-7.446775,0],[110.311299,-7.447204,0],[110.310901,-7.448662,0],[110.31032,-7.448709,0],[110.309563,-7.448442,0],[110.308712,-7.449222,0],[110.307811,-7.449618,0],[110.306716,-7.450913,0],[110.305945,-7.450459,0],[110.305168,-7.45107,0],[110.303863,-7.452962,0],[110.303285,-7.454153,0],[110.302758,-7.454382,0],[110.302762,-7.455215,0],[110.302594,-7.455514,0],[110.301181,-7.456665,0],[110.299048,-7.456035,0],[110.298883,-7.457124,0],[110.298955,-7.459272,0],[110.297866,-7.45921,0],[110.296008,-7.45953,0],[110.295885,-7.461753,0],[110.296381,-7.46202,0],[110.296474,-7.462329,0],[110.29674,-7.462222,0],[110.297126,-7.463407,0],[110.297193,-7.465206,0],[110.296006,-7.466285,0],[110.2957,-7.467251,0],[110.293987,-7.46898,0],[110.293941,-7.469375,0],[110.294828,-7.468961,0],[110.295129,-7.468297,0],[110.296172,-7.468161,0],[110.29691,-7.467755,0],[110.298951,-7.466023,0],[110.300576,-7.46544,0],[110.301571,-7.465453,0],[110.302861,-7.464899,0],[110.30369,-7.463811,0],[110.305229,-7.463587,0],[110.306255,-7.463068,0],[110.30752,-7.463196,0],[110.308299,-7.463023,0],[110.309186,-7.46327,0],[110.309929,-7.463205,0],[110.313726,-7.461548,0],[110.315091,-7.461655,0],[110.315719,-7.462054,0],[110.316518,-7.46212,0],[110.317255,-7.461992,0],[110.318515,-7.461445,0],[110.319971,-7.461602,0],[110.321329,-7.460624,0],[110.3227,-7.460278,0],[110.32364,-7.459303,0],[110.324425,-7.458826,0],[110.326472,-7.458058,0],[110.326792,-7.458065,0],[110.327251,-7.458406,0],[110.327378,-7.458739,0],[110.328265,-7.459724,0],[110.328333,-7.460025,0],[110.327938,-7.460234,0],[110.327815,-7.460698,0],[110.327308,-7.461017,0],[110.327216,-7.462145,0],[110.326574,-7.462356,0],[110.326371,-7.462908,0],[110.326591,-7.46332,0],[110.326066,-7.463948,0],[110.325072,-7.464473,0],[110.323967,-7.466065,0],[110.323956,-7.466668,0],[110.323831,-7.466783,0],[110.323158,-7.466649,0],[110.322413,-7.467534,0],[110.321973,-7.468545,0],[110.321344,-7.468664,0],[110.320787,-7.469192,0],[110.320019,-7.469619,0],[110.319949,-7.470287,0],[110.319229,-7.470657,0],[110.31888,-7.471515,0],[110.318261,-7.471823,0],[110.318236,-7.472577,0],[110.317661,-7.472776,0],[110.317138,-7.472496,0],[110.316767,-7.47252,0],[110.316576,-7.473536,0],[110.315669,-7.473652,0],[110.315232,-7.474018,0],[110.315045,-7.473979,0],[110.314753,-7.473555,0],[110.314545,-7.473583,0],[110.314239,-7.474301,0],[110.313586,-7.474893,0],[110.313253,-7.474876,0],[110.31279,-7.474567,0],[110.312538,-7.474653,0],[110.312394,-7.47498,0],[110.312477,-7.475622,0],[110.311905,-7.476202,0],[110.311816,-7.476544,0],[110.311406,-7.476546,0],[110.311055,-7.477295,0],[110.310277,-7.47771,0],[110.309622,-7.477658,0],[110.309915,-7.478009,0],[110.310521,-7.477923,0],[110.311417,-7.47817,0],[110.312042,-7.478939,0],[110.312494,-7.479161,0],[110.313082,-7.478977,0],[110.313359,-7.478134,0],[110.314677,-7.478569,0],[110.314858,-7.478013,0],[110.315793,-7.47829,0],[110.315958,-7.477773,0],[110.316183,-7.47765,0],[110.316534,-7.477732,0],[110.316684,-7.478288,0],[110.317086,-7.478733,0],[110.317291,-7.47825,0],[110.3178,-7.477902,0],[110.318217,-7.477989,0],[110.318932,-7.47786,0],[110.319334,-7.478464,0],[110.319549,-7.478517,0],[110.319996,-7.478288,0],[110.320213,-7.477594,0],[110.320506,-7.47736,0],[110.320822,-7.477346,0],[110.320955,-7.477983,0],[110.321636,-7.478137,0],[110.321432,-7.477031,0],[110.321576,-7.476974,0],[110.322117,-7.477262,0],[110.322357,-7.47709,0],[110.322119,-7.476214,0],[110.323472,-7.475288,0],[110.323708,-7.47525,0],[110.324134,-7.475509,0],[110.325115,-7.475083,0],[110.325804,-7.475401,0],[110.326562,-7.475097,0],[110.326884,-7.475455,0],[110.32683,-7.476037,0],[110.327006,-7.476868,0],[110.326649,-7.477726,0],[110.326636,-7.478908,0],[110.326034,-7.479429,0],[110.325962,-7.479821,0],[110.325154,-7.479537,0],[110.324351,-7.479747,0],[110.323347,-7.479458,0],[110.321913,-7.479472,0],[110.321795,-7.479566,0],[110.321811,-7.480063,0],[110.32112,-7.480034,0],[110.320657,-7.48027,0],[110.319996,-7.480168,0],[110.319587,-7.480735,0],[110.319338,-7.480603,0],[110.319274,-7.480198,0],[110.317038,-7.481021,0],[110.316417,-7.48055,0],[110.31566,-7.480564,0],[110.314577,-7.48117,0],[110.315061,-7.48188,0],[110.315121,-7.483537,0],[110.314683,-7.483943,0],[110.314763,-7.485125,0],[110.315305,-7.485284,0],[110.316542,-7.485315,0],[110.317673,-7.48579,0],[110.318794,-7.487199,0],[110.321269,-7.489157,0],[110.32159,-7.488917,0],[110.322302,-7.488886,0],[110.32259,-7.488639,0],[110.322922,-7.488058,0],[110.322746,-7.487799,0],[110.323225,-7.487595,0],[110.323472,-7.4869,0],[110.323783,-7.487048,0],[110.324203,-7.486765,0],[110.32468,-7.487027,0],[110.324934,-7.486989,0],[110.325462,-7.486664,0],[110.326443,-7.486463,0],[110.327061,-7.485805,0],[110.327927,-7.485977,0],[110.328593,-7.485903,0],[110.329131,-7.486709,0],[110.329169,-7.486987,0],[110.328769,-7.487794,0],[110.328966,-7.488912,0],[110.329318,-7.489723,0],[110.328682,-7.490187,0],[110.329369,-7.491636,0],[110.3294,-7.492143,0],[110.32975,-7.492632,0],[110.330451,-7.493128,0],[110.330935,-7.493288,0],[110.332166,-7.492905,0],[110.332293,-7.492683,0],[110.332539,-7.492721,0],[110.332863,-7.492492,0],[110.333776,-7.491419,0],[110.335105,-7.490844,0],[110.335656,-7.490966,0],[110.335799,-7.491269,0],[110.335747,-7.492323,0],[110.336006,-7.492844,0],[110.337222,-7.493937,0],[110.338068,-7.493627,0],[110.338475,-7.493753,0],[110.338841,-7.493449,0],[110.339284,-7.493778,0],[110.339465,-7.493396,0],[110.33983,-7.493522,0],[110.340238,-7.493211,0],[110.340664,-7.493529,0],[110.34167,-7.49371,0],[110.342451,-7.492784,0],[110.342817,-7.492695,0],[110.343679,-7.493175,0],[110.344004,-7.492798,0],[110.344789,-7.49277,0],[110.345012,-7.492285,0],[110.345383,-7.492286,0],[110.345552,-7.49173,0],[110.345947,-7.491862,0],[110.34641,-7.491384,0],[110.347158,-7.491906,0],[110.347172,-7.491068,0],[110.347436,-7.490853,0],[110.347778,-7.49074,0],[110.348131,-7.490914,0],[110.348581,-7.490897,0],[110.349669,-7.488762,0],[110.350569,-7.488028,0],[110.351438,-7.488232,0],[110.352106,-7.486319,0],[110.353187,-7.485225,0],[110.353326,-7.48428,0],[110.353692,-7.484012,0],[110.353765,-7.483701,0],[110.35413,-7.483719,0],[110.354293,-7.48345,0],[110.354478,-7.48351,0],[110.354586,-7.483803,0],[110.354766,-7.48375,0],[110.355079,-7.482865,0],[110.355511,-7.48268,0],[110.35553,-7.482016,0],[110.356058,-7.481496,0],[110.35664,-7.481294,0],[110.357334,-7.481463,0],[110.357351,-7.481786,0],[110.356858,-7.482223,0],[110.356994,-7.482568,0],[110.357332,-7.482766,0],[110.357494,-7.482698,0],[110.357657,-7.482242,0],[110.358103,-7.482013,0],[110.358204,-7.481597,0],[110.358998,-7.481496,0],[110.35964,-7.481856,0],[110.359553,-7.482306,0],[110.359153,-7.482707,0],[110.360109,-7.483096,0],[110.360271,-7.482931,0],[110.360279,-7.482407,0],[110.360502,-7.4823,0],[110.36086,-7.483116,0],[110.361081,-7.48323,0],[110.361357,-7.483183,0],[110.362018,-7.482227,0],[110.363337,-7.482294,0],[110.363982,-7.481939,0],[110.364605,-7.480268,0],[110.364959,-7.479824,0],[110.366192,-7.479433,0],[110.366561,-7.4802,0],[110.36699,-7.48,0],[110.36749,-7.48014,0],[110.36822,-7.479254,0],[110.369867,-7.478147,0],[110.370062,-7.478222,0],[110.370716,-7.47793,0],[110.370777,-7.47756,0],[110.371076,-7.477216,0],[110.37186,-7.476752,0],[110.372149,-7.475849,0],[110.372653,-7.475008,0],[110.372927,-7.474954,0],[110.373182,-7.47433,0],[110.374078,-7.473902,0],[110.375289,-7.472323,0],[110.376498,-7.47139,0],[110.378798,-7.471542,0],[110.380412,-7.47119,0],[110.38118,-7.47072,0],[110.382917,-7.470198,0],[110.383895,-7.470238,0],[110.385022,-7.470014,0],[110.385468,-7.470134,0],[110.385856,-7.469601,0],[110.387574,-7.468021,0],[110.388491,-7.467656,0],[110.389498,-7.467478,0],[110.390692,-7.466634,0],[110.392051,-7.465958,0],[110.394071,-7.464028,0],[110.395582,-7.463394,0],[110.395785,-7.462859,0],[110.398631,-7.461496,0],[110.403199,-7.460552,0],[110.405134,-7.460591,0],[110.405271,-7.460526,0],[110.405711,-7.459091,0],[110.405985,-7.458768,0],[110.408784,-7.458047,0],[110.409756,-7.457574,0],[110.410347,-7.456735,0],[110.412069,-7.456051,0],[110.416675,-7.454439,0],[110.419821,-7.454013,0],[110.421923,-7.452742,0],[110.42506,-7.452526,0],[110.426719,-7.452165,0],[110.427401,-7.451859,0],[110.429885,-7.451547,0],[110.430663,-7.451145,0],[110.433243,-7.451043,0],[110.434605,-7.45072,0],[110.435247,-7.450399,0],[110.433808,-7.447744,0],[110.431959,-7.445827,0],[110.431459,-7.445023,0],[110.430407,-7.442917,0],[110.429702,-7.440893,0],[110.429005,-7.440204,0],[110.424819,-7.438128,0],[110.423535,-7.436928,0],[110.421924,-7.435747,0],[110.420172,-7.435209,0],[110.417485,-7.43357,0],[110.416379,-7.433223,0],[110.414983,-7.431357,0],[110.414811,-7.430897,0],[110.414478,-7.430676,0],[110.414197,-7.430611,0],[110.413808,-7.430826,0],[110.41201,-7.431061,0],[110.410392,-7.43057,0],[110.409716,-7.430936,0],[110.409032,-7.431086,0],[110.407925,-7.430754,0],[110.406636,-7.430908,0],[110.405114,-7.430535,0],[110.402872,-7.430376,0],[110.402417,-7.430028,0],[110.40226,-7.42938,0],[110.401761,-7.429609,0],[110.401571,-7.429498,0],[110.402259,-7.429001,0],[110.402943,-7.428025,0],[110.403812,-7.427313,0],[110.402925,-7.426649,0],[110.40196,-7.426127,0],[110.401149,-7.4261,0],[110.400517,-7.425716,0],[110.397358,-7.425583,0],[110.394915,-7.424783,0],[110.394434,-7.424437,0],[110.393204,-7.424012,0],[110.391031,-7.424153,0],[110.390438,-7.423804,0],[110.389967,-7.423725,0],[110.388432,-7.424405,0],[110.387125,-7.424691,0],[110.386579,-7.424505,0],[110.386164,-7.424764,0],[110.385553,-7.424476,0],[110.385179,-7.424748,0],[110.384683,-7.424517,0],[110.384244,-7.42489,0],[110.383171,-7.424886,0],[110.381966,-7.424562,0],[110.381746,-7.424383,0],[110.381844,-7.423861,0],[110.383844,-7.422389,0],[110.384869,-7.422055,0],[110.385104,-7.421451,0],[110.385673,-7.421135,0],[110.385818,-7.420537,0],[110.385639,-7.419759,0],[110.384299,-7.41913,0],[110.382982,-7.419401,0],[110.382314,-7.41783,0],[110.380304,-7.417994,0],[110.379513,-7.418338,0],[110.378338,-7.418116,0],[110.377164,-7.417464,0]]]}},
    {"type":"Feature","id":"330817","properties":{"id":"330817","name":"Ngablak","slug":"ngablak","role":"context","sourceCode":"33.08.17","county":"Magelang","province":"Jawa Tengah","boundarySource":"BIG BATAS_KECAMATAN_AR"},"geometry":{"type":"Polygon","coordinates":[[[110.387999,-7.352382,0],[110.386829,-7.352392,0],[110.385972,-7.352602,0],[110.385088,-7.352522,0],[110.384557,-7.352768,0],[110.38437,-7.353055,0],[110.383827,-7.353084,0],[110.382115,-7.354163,0],[110.38072,-7.353935,0],[110.379742,-7.353123,0],[110.37887,-7.353517,0],[110.378006,-7.353426,0],[110.377341,-7.353798,0],[110.376777,-7.353516,0],[110.375879,-7.353485,0],[110.374917,-7.35364,0],[110.37413,-7.353982,0],[110.373918,-7.355584,0],[110.373388,-7.355937,0],[110.371793,-7.356471,0],[110.370955,-7.357966,0],[110.370026,-7.358347,0],[110.36965,-7.358701,0],[110.368739,-7.360621,0],[110.366876,-7.361336,0],[110.366003,-7.362522,0],[110.36504,-7.362945,0],[110.364923,-7.363831,0],[110.364149,-7.365108,0],[110.363951,-7.366014,0],[110.363681,-7.366089,0],[110.36199,-7.365734,0],[110.361309,-7.365809,0],[110.360955,-7.366085,0],[110.359959,-7.368232,0],[110.36017,-7.368728,0],[110.36127,-7.369071,0],[110.361514,-7.369502,0],[110.360079,-7.369945,0],[110.359981,-7.370354,0],[110.360217,-7.370856,0],[110.358699,-7.371085,0],[110.358292,-7.372399,0],[110.356199,-7.37294,0],[110.35559,-7.374161,0],[110.355615,-7.374999,0],[110.356376,-7.375748,0],[110.361543,-7.377222,0],[110.363228,-7.378099,0],[110.364272,-7.379126,0],[110.364608,-7.379699,0],[110.364776,-7.380624,0],[110.364741,-7.3817,0],[110.364027,-7.38513,0],[110.363706,-7.385785,0],[110.362693,-7.386473,0],[110.35706,-7.38776,0],[110.356234,-7.387992,0],[110.354936,-7.388722,0],[110.351612,-7.389418,0],[110.350492,-7.389919,0],[110.349963,-7.390504,0],[110.348756,-7.39119,0],[110.347897,-7.392035,0],[110.347273,-7.39232,0],[110.346666,-7.39237,0],[110.3452,-7.391815,0],[110.344296,-7.391688,0],[110.343208,-7.391914,0],[110.341767,-7.392632,0],[110.341164,-7.391861,0],[110.3406,-7.392118,0],[110.340052,-7.392662,0],[110.340004,-7.392825,0],[110.340186,-7.39294,0],[110.339965,-7.39362,0],[110.339715,-7.393772,0],[110.339599,-7.396287,0],[110.339907,-7.396762,0],[110.340107,-7.397688,0],[110.341013,-7.398113,0],[110.341457,-7.398918,0],[110.341562,-7.399823,0],[110.341404,-7.400628,0],[110.341599,-7.40159,0],[110.341997,-7.402123,0],[110.34199,-7.402841,0],[110.341809,-7.403667,0],[110.341275,-7.403989,0],[110.340903,-7.403946,0],[110.340511,-7.40338,0],[110.340202,-7.403329,0],[110.339862,-7.402892,0],[110.339453,-7.402826,0],[110.339255,-7.403041,0],[110.339582,-7.403436,0],[110.339393,-7.403915,0],[110.339515,-7.404332,0],[110.339436,-7.405221,0],[110.339192,-7.405953,0],[110.339349,-7.406323,0],[110.340821,-7.40814,0],[110.341936,-7.411426,0],[110.342398,-7.411992,0],[110.343417,-7.412416,0],[110.343242,-7.412494,0],[110.343364,-7.413622,0],[110.343585,-7.414154,0],[110.344185,-7.414375,0],[110.344353,-7.4159,0],[110.345269,-7.416806,0],[110.345625,-7.417938,0],[110.345989,-7.418239,0],[110.347177,-7.418543,0],[110.347579,-7.41889,0],[110.347555,-7.419148,0],[110.347173,-7.419129,0],[110.347235,-7.419617,0],[110.349083,-7.419865,0],[110.350589,-7.420253,0],[110.352233,-7.420206,0],[110.353842,-7.420411,0],[110.354788,-7.420279,0],[110.356357,-7.421165,0],[110.357757,-7.421161,0],[110.35961,-7.420789,0],[110.360165,-7.420951,0],[110.360523,-7.421246,0],[110.363822,-7.421281,0],[110.363987,-7.42164,0],[110.364625,-7.421677,0],[110.366121,-7.421135,0],[110.367287,-7.421247,0],[110.369002,-7.420735,0],[110.370443,-7.420886,0],[110.372517,-7.420438,0],[110.373035,-7.420123,0],[110.37294,-7.419663,0],[110.372671,-7.419586,0],[110.372585,-7.419394,0],[110.374025,-7.418698,0],[110.374169,-7.418449,0],[110.374084,-7.417846,0],[110.374265,-7.417489,0],[110.375891,-7.417584,0],[110.377164,-7.417464,0],[110.378338,-7.418116,0],[110.379513,-7.418338,0],[110.380304,-7.417994,0],[110.382314,-7.41783,0],[110.382982,-7.419401,0],[110.38409,-7.419108,0],[110.384615,-7.419252,0],[110.385639,-7.419759,0],[110.385818,-7.420537,0],[110.385673,-7.421135,0],[110.385104,-7.421451,0],[110.384869,-7.422055,0],[110.383844,-7.422389,0],[110.381844,-7.423861,0],[110.381746,-7.424383,0],[110.381966,-7.424562,0],[110.383171,-7.424886,0],[110.384244,-7.42489,0],[110.384683,-7.424517,0],[110.385179,-7.424748,0],[110.385553,-7.424476,0],[110.386164,-7.424764,0],[110.386579,-7.424505,0],[110.387125,-7.424691,0],[110.388432,-7.424405,0],[110.389967,-7.423725,0],[110.390438,-7.423804,0],[110.391031,-7.424153,0],[110.392132,-7.424011,0],[110.39347,-7.424063,0],[110.394915,-7.424783,0],[110.397358,-7.425583,0],[110.40021,-7.425678,0],[110.401149,-7.4261,0],[110.40196,-7.426127,0],[110.403812,-7.427313,0],[110.402943,-7.428025,0],[110.402259,-7.429001,0],[110.401571,-7.429498,0],[110.401761,-7.429609,0],[110.40226,-7.42938,0],[110.402549,-7.430208,0],[110.402872,-7.430376,0],[110.405114,-7.430535,0],[110.406636,-7.430908,0],[110.407925,-7.430754,0],[110.409032,-7.431086,0],[110.409716,-7.430936,0],[110.410392,-7.43057,0],[110.41201,-7.431061,0],[110.413808,-7.430826,0],[110.414197,-7.430611,0],[110.414478,-7.430676,0],[110.414811,-7.430897,0],[110.414983,-7.431357,0],[110.416379,-7.433223,0],[110.417485,-7.43357,0],[110.420172,-7.435209,0],[110.421924,-7.435747,0],[110.423535,-7.436928,0],[110.424819,-7.438128,0],[110.429005,-7.440204,0],[110.428463,-7.439285,0],[110.426282,-7.436642,0],[110.426316,-7.436493,0],[110.425673,-7.435495,0],[110.42575,-7.435139,0],[110.425376,-7.43502,0],[110.424642,-7.433998,0],[110.42441,-7.433452,0],[110.424447,-7.432255,0],[110.424195,-7.429715,0],[110.42376,-7.42918,0],[110.422896,-7.428577,0],[110.422853,-7.428212,0],[110.421998,-7.42748,0],[110.420847,-7.426118,0],[110.420431,-7.424315,0],[110.419341,-7.422287,0],[110.418298,-7.421497,0],[110.41765,-7.42063,0],[110.417642,-7.420244,0],[110.416952,-7.419761,0],[110.416531,-7.419223,0],[110.415735,-7.418954,0],[110.415257,-7.417717,0],[110.414341,-7.416649,0],[110.414154,-7.411954,0],[110.4137,-7.409216,0],[110.411606,-7.404081,0],[110.408689,-7.399356,0],[110.407993,-7.396174,0],[110.408009,-7.39565,0],[110.407395,-7.394285,0],[110.406626,-7.393818,0],[110.406179,-7.392957,0],[110.405975,-7.392107,0],[110.406108,-7.391199,0],[110.405286,-7.389534,0],[110.405709,-7.387394,0],[110.405618,-7.386082,0],[110.406142,-7.38465,0],[110.406052,-7.382364,0],[110.405464,-7.380982,0],[110.4056,-7.380692,0],[110.405536,-7.379665,0],[110.404983,-7.378472,0],[110.405298,-7.375461,0],[110.404206,-7.374957,0],[110.404226,-7.37411,0],[110.403445,-7.371045,0],[110.403405,-7.368667,0],[110.40381,-7.366554,0],[110.403282,-7.36471,0],[110.402453,-7.363597,0],[110.401449,-7.362615,0],[110.397781,-7.35943,0],[110.395033,-7.356538,0],[110.39436,-7.355587,0],[110.392846,-7.35491,0],[110.390807,-7.353079,0],[110.387999,-7.352382,0]]]}},
    {"type":"Feature","id":"330818","properties":{"id":"330818","name":"Grabag","slug":"grabag","role":"context","sourceCode":"33.08.18","county":"Magelang","province":"Jawa Tengah","boundarySource":"BIG BATAS_KECAMATAN_AR"},"geometry":{"type":"Polygon","coordinates":[[[110.339821,-7.324174,0],[110.338146,-7.32352,0],[110.337244,-7.322988,0],[110.335819,-7.324644,0],[110.330782,-7.323822,0],[110.330184,-7.324298,0],[110.327702,-7.324562,0],[110.326545,-7.323766,0],[110.326114,-7.325779,0],[110.325427,-7.327704,0],[110.324982,-7.328173,0],[110.324668,-7.328825,0],[110.323411,-7.329762,0],[110.322496,-7.330126,0],[110.320508,-7.330514,0],[110.319556,-7.330982,0],[110.318766,-7.331607,0],[110.319224,-7.332207,0],[110.318831,-7.332702,0],[110.319079,-7.333336,0],[110.318586,-7.335209,0],[110.318876,-7.336207,0],[110.317991,-7.336783,0],[110.317825,-7.3375,0],[110.318248,-7.337482,0],[110.319421,-7.338273,0],[110.320338,-7.338423,0],[110.321161,-7.339029,0],[110.321199,-7.339462,0],[110.322378,-7.340414,0],[110.323156,-7.340571,0],[110.32342,-7.341131,0],[110.323435,-7.341807,0],[110.32294,-7.342899,0],[110.322117,-7.343524,0],[110.322482,-7.344364,0],[110.321813,-7.344916,0],[110.321542,-7.345944,0],[110.320738,-7.346476,0],[110.320001,-7.347526,0],[110.318928,-7.347898,0],[110.3178,-7.349052,0],[110.317558,-7.349918,0],[110.316799,-7.351297,0],[110.316635,-7.352418,0],[110.315668,-7.352161,0],[110.3153,-7.352484,0],[110.315697,-7.353172,0],[110.314928,-7.353528,0],[110.314084,-7.354189,0],[110.31332,-7.354167,0],[110.312617,-7.354346,0],[110.311462,-7.355178,0],[110.310468,-7.354952,0],[110.309923,-7.355613,0],[110.309332,-7.355395,0],[110.308814,-7.35488,0],[110.308138,-7.354783,0],[110.307237,-7.354974,0],[110.306324,-7.355739,0],[110.303877,-7.356188,0],[110.30332,-7.357096,0],[110.302038,-7.358249,0],[110.298499,-7.359291,0],[110.298809,-7.360003,0],[110.297946,-7.360264,0],[110.297628,-7.359624,0],[110.296921,-7.359181,0],[110.295665,-7.359334,0],[110.294843,-7.360257,0],[110.29355,-7.361012,0],[110.292416,-7.362041,0],[110.291732,-7.362302,0],[110.290562,-7.361898,0],[110.287582,-7.362998,0],[110.287048,-7.363326,0],[110.286347,-7.364517,0],[110.285246,-7.364626,0],[110.284932,-7.365684,0],[110.283083,-7.366269,0],[110.28215,-7.367104,0],[110.281347,-7.366744,0],[110.281072,-7.367218,0],[110.280092,-7.368053,0],[110.27987,-7.369539,0],[110.278718,-7.370313,0],[110.277409,-7.370746,0],[110.27616,-7.371377,0],[110.275048,-7.371204,0],[110.27486,-7.371425,0],[110.274693,-7.372958,0],[110.271893,-7.37396,0],[110.271459,-7.374551,0],[110.270161,-7.37553,0],[110.270267,-7.376172,0],[110.268895,-7.37861,0],[110.268989,-7.379478,0],[110.268619,-7.380751,0],[110.268242,-7.38115,0],[110.268591,-7.381233,0],[110.268892,-7.38089,0],[110.269456,-7.380868,0],[110.269608,-7.381347,0],[110.270008,-7.381306,0],[110.270114,-7.381425,0],[110.269408,-7.382688,0],[110.268589,-7.384771,0],[110.268999,-7.385167,0],[110.269953,-7.385361,0],[110.270581,-7.386074,0],[110.270838,-7.38614,0],[110.271075,-7.385851,0],[110.27167,-7.385793,0],[110.272518,-7.386196,0],[110.273077,-7.387017,0],[110.273218,-7.386795,0],[110.273683,-7.386988,0],[110.274265,-7.386607,0],[110.275076,-7.386764,0],[110.27583,-7.387333,0],[110.276236,-7.38786,0],[110.276322,-7.388324,0],[110.276649,-7.388597,0],[110.277327,-7.388251,0],[110.277542,-7.388563,0],[110.277473,-7.388744,0],[110.277684,-7.388879,0],[110.277544,-7.389175,0],[110.278034,-7.389405,0],[110.278105,-7.388187,0],[110.278602,-7.38805,0],[110.27885,-7.386801,0],[110.279456,-7.386934,0],[110.279797,-7.386632,0],[110.28014,-7.385852,0],[110.280835,-7.385695,0],[110.281088,-7.385115,0],[110.281574,-7.384937,0],[110.281703,-7.384618,0],[110.282395,-7.384414,0],[110.283017,-7.383887,0],[110.283704,-7.383942,0],[110.284176,-7.383232,0],[110.285605,-7.382793,0],[110.286026,-7.382327,0],[110.286162,-7.382337,0],[110.285738,-7.382895,0],[110.285094,-7.383241,0],[110.285314,-7.383846,0],[110.286056,-7.383384,0],[110.286309,-7.383574,0],[110.286684,-7.383201,0],[110.286721,-7.382947,0],[110.2875,-7.382493,0],[110.287746,-7.382771,0],[110.288447,-7.382767,0],[110.288993,-7.383307,0],[110.290037,-7.383641,0],[110.289453,-7.38389,0],[110.289528,-7.384098,0],[110.289225,-7.384582,0],[110.289471,-7.384613,0],[110.289055,-7.384988,0],[110.288901,-7.385617,0],[110.288431,-7.385831,0],[110.287969,-7.386384,0],[110.287487,-7.386443,0],[110.287395,-7.386866,0],[110.286851,-7.38751,0],[110.286788,-7.388224,0],[110.286234,-7.388566,0],[110.285727,-7.389274,0],[110.285285,-7.390366,0],[110.285079,-7.390448,0],[110.284688,-7.390167,0],[110.284575,-7.390233,0],[110.284567,-7.390847,0],[110.286223,-7.390749,0],[110.287278,-7.391153,0],[110.28816,-7.391135,0],[110.289916,-7.390252,0],[110.293641,-7.389754,0],[110.294147,-7.390257,0],[110.294531,-7.390245,0],[110.295827,-7.389529,0],[110.296606,-7.389566,0],[110.297883,-7.390543,0],[110.299464,-7.391191,0],[110.300215,-7.391974,0],[110.297574,-7.393244,0],[110.297342,-7.393528,0],[110.296257,-7.395412,0],[110.296564,-7.397147,0],[110.293694,-7.397747,0],[110.292395,-7.398653,0],[110.290979,-7.399933,0],[110.290801,-7.400326,0],[110.290972,-7.401008,0],[110.29084,-7.401561,0],[110.291154,-7.401679,0],[110.291218,-7.401929,0],[110.290504,-7.402939,0],[110.290654,-7.403799,0],[110.289521,-7.404966,0],[110.289676,-7.40543,0],[110.288562,-7.405449,0],[110.28824,-7.405901,0],[110.289097,-7.40602,0],[110.289412,-7.40653,0],[110.288907,-7.406686,0],[110.289368,-7.406848,0],[110.289664,-7.407166,0],[110.289403,-7.407136,0],[110.289235,-7.407506,0],[110.288941,-7.407658,0],[110.289331,-7.407814,0],[110.28964,-7.407646,0],[110.289456,-7.408037,0],[110.288852,-7.408478,0],[110.28893,-7.408596,0],[110.289714,-7.408299,0],[110.29077,-7.408597,0],[110.290245,-7.408936,0],[110.289514,-7.410642,0],[110.289148,-7.410619,0],[110.289256,-7.410963,0],[110.289081,-7.411334,0],[110.288948,-7.412279,0],[110.289082,-7.412353,0],[110.288892,-7.412498,0],[110.28888,-7.412955,0],[110.288362,-7.412821,0],[110.288105,-7.41248,0],[110.28756,-7.412563,0],[110.28711,-7.412442,0],[110.28714,-7.413416,0],[110.286389,-7.413634,0],[110.285677,-7.414631,0],[110.28604,-7.414949,0],[110.287473,-7.414644,0],[110.288131,-7.415004,0],[110.2884,-7.415519,0],[110.288864,-7.415779,0],[110.289165,-7.415557,0],[110.289473,-7.414955,0],[110.289879,-7.415388,0],[110.289622,-7.415732,0],[110.289824,-7.416506,0],[110.289615,-7.416652,0],[110.288675,-7.416701,0],[110.288743,-7.417317,0],[110.288555,-7.417927,0],[110.287749,-7.418871,0],[110.28692,-7.420566,0],[110.287455,-7.421462,0],[110.287254,-7.421835,0],[110.286879,-7.422158,0],[110.286612,-7.421983,0],[110.286516,-7.421492,0],[110.286638,-7.420848,0],[110.286369,-7.420539,0],[110.28576,-7.420782,0],[110.285888,-7.421611,0],[110.285679,-7.421878,0],[110.284559,-7.422278,0],[110.284149,-7.421716,0],[110.28376,-7.421777,0],[110.283581,-7.422189,0],[110.28398,-7.423061,0],[110.283863,-7.423323,0],[110.283328,-7.42371,0],[110.28335,-7.424556,0],[110.28315,-7.424666,0],[110.282325,-7.424463,0],[110.282191,-7.424588,0],[110.282582,-7.426072,0],[110.28247,-7.427502,0],[110.282611,-7.428635,0],[110.282148,-7.429014,0],[110.282163,-7.429198,0],[110.282476,-7.429675,0],[110.283108,-7.430012,0],[110.282927,-7.430642,0],[110.283343,-7.431017,0],[110.283615,-7.431828,0],[110.284326,-7.433063,0],[110.285214,-7.43296,0],[110.285395,-7.433434,0],[110.285999,-7.433566,0],[110.28702,-7.434181,0],[110.287682,-7.433918,0],[110.288684,-7.433805,0],[110.288985,-7.434416,0],[110.289448,-7.434575,0],[110.291324,-7.434631,0],[110.29217,-7.434145,0],[110.292461,-7.434141,0],[110.293155,-7.434498,0],[110.293881,-7.434542,0],[110.294053,-7.435174,0],[110.29425,-7.435289,0],[110.294481,-7.435261,0],[110.294773,-7.434734,0],[110.295685,-7.435173,0],[110.296078,-7.434718,0],[110.296448,-7.43507,0],[110.297064,-7.434745,0],[110.298767,-7.435315,0],[110.299368,-7.435186,0],[110.300604,-7.435755,0],[110.301112,-7.435656,0],[110.301422,-7.435204,0],[110.303047,-7.435325,0],[110.30354,-7.434927,0],[110.303859,-7.435517,0],[110.304099,-7.435644,0],[110.30485,-7.435653,0],[110.305033,-7.435245,0],[110.305271,-7.435154,0],[110.30594,-7.435612,0],[110.306335,-7.435458,0],[110.306946,-7.435498,0],[110.307106,-7.434897,0],[110.307685,-7.434754,0],[110.307906,-7.434237,0],[110.308487,-7.434316,0],[110.308872,-7.433868,0],[110.309591,-7.433522,0],[110.309879,-7.433456,0],[110.311335,-7.433788,0],[110.311812,-7.433432,0],[110.31279,-7.433298,0],[110.313068,-7.432848,0],[110.313348,-7.432728,0],[110.314256,-7.433002,0],[110.316109,-7.432449,0],[110.317465,-7.431859,0],[110.319805,-7.43163,0],[110.319986,-7.431479,0],[110.32007,-7.430946,0],[110.320315,-7.430789,0],[110.321962,-7.430655,0],[110.324536,-7.43124,0],[110.324795,-7.431191,0],[110.325537,-7.43056,0],[110.325868,-7.430503,0],[110.326091,-7.430589,0],[110.326457,-7.431143,0],[110.32698,-7.431278,0],[110.32967,-7.430944,0],[110.330385,-7.431031,0],[110.332622,-7.429364,0],[110.333948,-7.427465,0],[110.334489,-7.427085,0],[110.336624,-7.427138,0],[110.338523,-7.426193,0],[110.340149,-7.425744,0],[110.341321,-7.425619,0],[110.343444,-7.425816,0],[110.345818,-7.425108,0],[110.347353,-7.424317,0],[110.350377,-7.423906,0],[110.352235,-7.422908,0],[110.354631,-7.423006,0],[110.355694,-7.422506,0],[110.356684,-7.421588,0],[110.357869,-7.421496,0],[110.358182,-7.421117,0],[110.356357,-7.421165,0],[110.354788,-7.420279,0],[110.353842,-7.420411,0],[110.352233,-7.420206,0],[110.350589,-7.420253,0],[110.349083,-7.419865,0],[110.347235,-7.419617,0],[110.347173,-7.419129,0],[110.347555,-7.419148,0],[110.347579,-7.41889,0],[110.347177,-7.418543,0],[110.345989,-7.418239,0],[110.345625,-7.417938,0],[110.345269,-7.416806,0],[110.344353,-7.4159,0],[110.344185,-7.414375,0],[110.343585,-7.414154,0],[110.343364,-7.413622,0],[110.343242,-7.412494,0],[110.343417,-7.412416,0],[110.342398,-7.411992,0],[110.341936,-7.411426,0],[110.340821,-7.40814,0],[110.339486,-7.406572,0],[110.339192,-7.405953,0],[110.339436,-7.405221,0],[110.339515,-7.404332,0],[110.339393,-7.403915,0],[110.339582,-7.403436,0],[110.339255,-7.403041,0],[110.339453,-7.402826,0],[110.339862,-7.402892,0],[110.340202,-7.403329,0],[110.340511,-7.40338,0],[110.340903,-7.403946,0],[110.341275,-7.403989,0],[110.341809,-7.403667,0],[110.34199,-7.402841,0],[110.341997,-7.402123,0],[110.341599,-7.40159,0],[110.341404,-7.400628,0],[110.341562,-7.399823,0],[110.341457,-7.398918,0],[110.341013,-7.398113,0],[110.340107,-7.397688,0],[110.339907,-7.396762,0],[110.339599,-7.396287,0],[110.339715,-7.393772,0],[110.339965,-7.39362,0],[110.340186,-7.39294,0],[110.340004,-7.392825,0],[110.340052,-7.392662,0],[110.3406,-7.392118,0],[110.341164,-7.391861,0],[110.341767,-7.392632,0],[110.343208,-7.391914,0],[110.344296,-7.391688,0],[110.3452,-7.391815,0],[110.346666,-7.39237,0],[110.347273,-7.39232,0],[110.347897,-7.392035,0],[110.348756,-7.39119,0],[110.349963,-7.390504,0],[110.350492,-7.389919,0],[110.351612,-7.389418,0],[110.354936,-7.388722,0],[110.356234,-7.387992,0],[110.35706,-7.38776,0],[110.362693,-7.386473,0],[110.363706,-7.385785,0],[110.364027,-7.38513,0],[110.364741,-7.3817,0],[110.364776,-7.380624,0],[110.364608,-7.379699,0],[110.364272,-7.379126,0],[110.363228,-7.378099,0],[110.361543,-7.377222,0],[110.356376,-7.375748,0],[110.355615,-7.374999,0],[110.355717,-7.373758,0],[110.356199,-7.37294,0],[110.358292,-7.372399,0],[110.358699,-7.371085,0],[110.360217,-7.370856,0],[110.359981,-7.370354,0],[110.360079,-7.369945,0],[110.361514,-7.369502,0],[110.36127,-7.369071,0],[110.36017,-7.368728,0],[110.359959,-7.368232,0],[110.360955,-7.366085,0],[110.361309,-7.365809,0],[110.36199,-7.365734,0],[110.363681,-7.366089,0],[110.363951,-7.366014,0],[110.364149,-7.365108,0],[110.364923,-7.363831,0],[110.36504,-7.362945,0],[110.366003,-7.362522,0],[110.366876,-7.361336,0],[110.368739,-7.360621,0],[110.36965,-7.358701,0],[110.370026,-7.358347,0],[110.370955,-7.357966,0],[110.371793,-7.356471,0],[110.373388,-7.355937,0],[110.373918,-7.355584,0],[110.37413,-7.353982,0],[110.374917,-7.35364,0],[110.375879,-7.353485,0],[110.376777,-7.353516,0],[110.377341,-7.353798,0],[110.378006,-7.353426,0],[110.37887,-7.353517,0],[110.379742,-7.353123,0],[110.38072,-7.353935,0],[110.38154,-7.354054,0],[110.381194,-7.350749,0],[110.380441,-7.348768,0],[110.380103,-7.348556,0],[110.379307,-7.346859,0],[110.37941,-7.345044,0],[110.379999,-7.343702,0],[110.379859,-7.342968,0],[110.379861,-7.339795,0],[110.380402,-7.338768,0],[110.380272,-7.336487,0],[110.379832,-7.335443,0],[110.37914,-7.334552,0],[110.378795,-7.33434,0],[110.37761,-7.334253,0],[110.375,-7.33353,0],[110.373897,-7.333461,0],[110.366521,-7.331113,0],[110.361462,-7.330267,0],[110.358878,-7.329207,0],[110.357641,-7.328143,0],[110.356543,-7.326906,0],[110.355144,-7.326165,0],[110.351083,-7.325386,0],[110.347761,-7.325185,0],[110.345921,-7.325298,0],[110.343698,-7.325999,0],[110.342344,-7.325593,0],[110.339821,-7.324174,0]]]}},
    {"type":"Feature","id":"330819","properties":{"id":"330819","name":"Tegalrejo","slug":"tegalrejo","role":"context","sourceCode":"33.08.19","county":"Magelang","province":"Jawa Tengah","boundarySource":"BIG BATAS_KECAMATAN_AR"},"geometry":{"type":"Polygon","coordinates":[[[110.280014,-7.428325,0],[110.278849,-7.427749,0],[110.277887,-7.428356,0],[110.277207,-7.427926,0],[110.276774,-7.42787,0],[110.276453,-7.42812,0],[110.275931,-7.429009,0],[110.27528,-7.429171,0],[110.274828,-7.429033,0],[110.274658,-7.42864,0],[110.274218,-7.428432,0],[110.271295,-7.428541,0],[110.270426,-7.428956,0],[110.269717,-7.429564,0],[110.268782,-7.429514,0],[110.268472,-7.429644,0],[110.268541,-7.430339,0],[110.268354,-7.430673,0],[110.267126,-7.430423,0],[110.266779,-7.430842,0],[110.266724,-7.431331,0],[110.266237,-7.431718,0],[110.26544,-7.431751,0],[110.2652,-7.431894,0],[110.265037,-7.433144,0],[110.264163,-7.433385,0],[110.263266,-7.434263,0],[110.262381,-7.434699,0],[110.262029,-7.434514,0],[110.262198,-7.433634,0],[110.261189,-7.432755,0],[110.258775,-7.43196,0],[110.257497,-7.431809,0],[110.257193,-7.432031,0],[110.257213,-7.432363,0],[110.258067,-7.432894,0],[110.25844,-7.433909,0],[110.258359,-7.434644,0],[110.257779,-7.435576,0],[110.258217,-7.436797,0],[110.258119,-7.437042,0],[110.256913,-7.437245,0],[110.256587,-7.438053,0],[110.256286,-7.438153,0],[110.255871,-7.437876,0],[110.255382,-7.436932,0],[110.254857,-7.436421,0],[110.253826,-7.436365,0],[110.252578,-7.435722,0],[110.251972,-7.435876,0],[110.251438,-7.437205,0],[110.251178,-7.438534,0],[110.250476,-7.439805,0],[110.250564,-7.440232,0],[110.249825,-7.442169,0],[110.249548,-7.442696,0],[110.248841,-7.443414,0],[110.24759,-7.443998,0],[110.24684,-7.444661,0],[110.246372,-7.444798,0],[110.244391,-7.445126,0],[110.243807,-7.445078,0],[110.243113,-7.444641,0],[110.242522,-7.444797,0],[110.24082,-7.44593,0],[110.240653,-7.446335,0],[110.240649,-7.447356,0],[110.24036,-7.447796,0],[110.239329,-7.447841,0],[110.238595,-7.447615,0],[110.238164,-7.447791,0],[110.237852,-7.447173,0],[110.237442,-7.447061,0],[110.237119,-7.44724,0],[110.235943,-7.448731,0],[110.235371,-7.448143,0],[110.234743,-7.448396,0],[110.234788,-7.448901,0],[110.234984,-7.448958,0],[110.235238,-7.449991,0],[110.234429,-7.451026,0],[110.23438,-7.451715,0],[110.234219,-7.451834,0],[110.234312,-7.451958,0],[110.233752,-7.452079,0],[110.233381,-7.452568,0],[110.232725,-7.452916,0],[110.23284,-7.453621,0],[110.23247,-7.453974,0],[110.232373,-7.454596,0],[110.231754,-7.454839,0],[110.231795,-7.456376,0],[110.232152,-7.456674,0],[110.231961,-7.45796,0],[110.230998,-7.457824,0],[110.230845,-7.457995,0],[110.230879,-7.459044,0],[110.231683,-7.458931,0],[110.23195,-7.459088,0],[110.23212,-7.460457,0],[110.232006,-7.460924,0],[110.231129,-7.460772,0],[110.230997,-7.461104,0],[110.231406,-7.461533,0],[110.232286,-7.461942,0],[110.23237,-7.462397,0],[110.231606,-7.463225,0],[110.230973,-7.462637,0],[110.230654,-7.46282,0],[110.230855,-7.463466,0],[110.231307,-7.463818,0],[110.231258,-7.464195,0],[110.230893,-7.464013,0],[110.230571,-7.463525,0],[110.23037,-7.463451,0],[110.230207,-7.46358,0],[110.230185,-7.464137,0],[110.230728,-7.464926,0],[110.230263,-7.465825,0],[110.230782,-7.465977,0],[110.230903,-7.466217,0],[110.229905,-7.466656,0],[110.230121,-7.466929,0],[110.230783,-7.467145,0],[110.230198,-7.468126,0],[110.230396,-7.468442,0],[110.231206,-7.468845,0],[110.231167,-7.469116,0],[110.230864,-7.469351,0],[110.230917,-7.469577,0],[110.232014,-7.46962,0],[110.232365,-7.469789,0],[110.232232,-7.470069,0],[110.231279,-7.470448,0],[110.23135,-7.470647,0],[110.231767,-7.470883,0],[110.231367,-7.471108,0],[110.231357,-7.471392,0],[110.231922,-7.471441,0],[110.232066,-7.471601,0],[110.231812,-7.471899,0],[110.231783,-7.472597,0],[110.231431,-7.473115,0],[110.231609,-7.474259,0],[110.231213,-7.475168,0],[110.231537,-7.476765,0],[110.231758,-7.477331,0],[110.232101,-7.477699,0],[110.233322,-7.478292,0],[110.232719,-7.479225,0],[110.232765,-7.479356,0],[110.233109,-7.479685,0],[110.234402,-7.479848,0],[110.234634,-7.480038,0],[110.234658,-7.480556,0],[110.233807,-7.48121,0],[110.233754,-7.481537,0],[110.234563,-7.482061,0],[110.234646,-7.482275,0],[110.234408,-7.482888,0],[110.234467,-7.483102,0],[110.235788,-7.483447,0],[110.236365,-7.483965,0],[110.236264,-7.484518,0],[110.23536,-7.485208,0],[110.235241,-7.485606,0],[110.23724,-7.487894,0],[110.237401,-7.487185,0],[110.237822,-7.486837,0],[110.238731,-7.486573,0],[110.239549,-7.486563,0],[110.240355,-7.486776,0],[110.240706,-7.486439,0],[110.241081,-7.486412,0],[110.241424,-7.486121,0],[110.242128,-7.485135,0],[110.24323,-7.485541,0],[110.245044,-7.485078,0],[110.245099,-7.485366,0],[110.247074,-7.487444,0],[110.247384,-7.48687,0],[110.247575,-7.486818,0],[110.248107,-7.48758,0],[110.248909,-7.486952,0],[110.249451,-7.4871,0],[110.250345,-7.487056,0],[110.250637,-7.486818,0],[110.251434,-7.486924,0],[110.252122,-7.485642,0],[110.252302,-7.485611,0],[110.252886,-7.486203,0],[110.253396,-7.485625,0],[110.254231,-7.485224,0],[110.255185,-7.48547,0],[110.255453,-7.485363,0],[110.256078,-7.48462,0],[110.256761,-7.484936,0],[110.256975,-7.48481,0],[110.256875,-7.484145,0],[110.257041,-7.484059,0],[110.258272,-7.484504,0],[110.259506,-7.483951,0],[110.260536,-7.48441,0],[110.261213,-7.484095,0],[110.261946,-7.484264,0],[110.263109,-7.481834,0],[110.263962,-7.482065,0],[110.264432,-7.481999,0],[110.265082,-7.48113,0],[110.265676,-7.480795,0],[110.266597,-7.480814,0],[110.267115,-7.480641,0],[110.267502,-7.479805,0],[110.267713,-7.479669,0],[110.268411,-7.479701,0],[110.268529,-7.479127,0],[110.269481,-7.479013,0],[110.270459,-7.478142,0],[110.270531,-7.477798,0],[110.270694,-7.477709,0],[110.27146,-7.477671,0],[110.272312,-7.477275,0],[110.27264,-7.477445,0],[110.272862,-7.477996,0],[110.273298,-7.478018,0],[110.273695,-7.477746,0],[110.274223,-7.476955,0],[110.27454,-7.476936,0],[110.275079,-7.477195,0],[110.275633,-7.477023,0],[110.276014,-7.477157,0],[110.276407,-7.477075,0],[110.278162,-7.475926,0],[110.278404,-7.475652,0],[110.27838,-7.474764,0],[110.278609,-7.473656,0],[110.278625,-7.472781,0],[110.278407,-7.472411,0],[110.278998,-7.472428,0],[110.279815,-7.471998,0],[110.280232,-7.471318,0],[110.280087,-7.471133,0],[110.280162,-7.470991,0],[110.280638,-7.470787,0],[110.281503,-7.469394,0],[110.281465,-7.468871,0],[110.281861,-7.467633,0],[110.282283,-7.46788,0],[110.282208,-7.468344,0],[110.282828,-7.468441,0],[110.283498,-7.469064,0],[110.284043,-7.469316,0],[110.284264,-7.469762,0],[110.284104,-7.469892,0],[110.284239,-7.470087,0],[110.284121,-7.470625,0],[110.284871,-7.471799,0],[110.285736,-7.4718,0],[110.285971,-7.471998,0],[110.287866,-7.472223,0],[110.290324,-7.471354,0],[110.290744,-7.471339,0],[110.290924,-7.471013,0],[110.292226,-7.470396,0],[110.293473,-7.470195,0],[110.293857,-7.470301,0],[110.294232,-7.469822,0],[110.294208,-7.469559,0],[110.293941,-7.469375,0],[110.293987,-7.46898,0],[110.2957,-7.467251,0],[110.296006,-7.466285,0],[110.296446,-7.465764,0],[110.297193,-7.465206,0],[110.297126,-7.463407,0],[110.29674,-7.462222,0],[110.296474,-7.462329,0],[110.296381,-7.46202,0],[110.295885,-7.461753,0],[110.296008,-7.45953,0],[110.297866,-7.45921,0],[110.298955,-7.459272,0],[110.298883,-7.457124,0],[110.299048,-7.456035,0],[110.301181,-7.456665,0],[110.302594,-7.455514,0],[110.302762,-7.455215,0],[110.302758,-7.454382,0],[110.303285,-7.454153,0],[110.303863,-7.452962,0],[110.305168,-7.45107,0],[110.305945,-7.450459,0],[110.306716,-7.450913,0],[110.307811,-7.449618,0],[110.308712,-7.449222,0],[110.309563,-7.448442,0],[110.31032,-7.448709,0],[110.310901,-7.448662,0],[110.311299,-7.447204,0],[110.312145,-7.446775,0],[110.312674,-7.446208,0],[110.313924,-7.446767,0],[110.3151,-7.446636,0],[110.316112,-7.446759,0],[110.316819,-7.447191,0],[110.317161,-7.447177,0],[110.317496,-7.446869,0],[110.317525,-7.446525,0],[110.317069,-7.44624,0],[110.316337,-7.444868,0],[110.315567,-7.444932,0],[110.313939,-7.444679,0],[110.313195,-7.444298,0],[110.313105,-7.443804,0],[110.313472,-7.442998,0],[110.314004,-7.443223,0],[110.314666,-7.442724,0],[110.315711,-7.442616,0],[110.316703,-7.441856,0],[110.317773,-7.441532,0],[110.317591,-7.441232,0],[110.317097,-7.441111,0],[110.316907,-7.440837,0],[110.316954,-7.440342,0],[110.316712,-7.440038,0],[110.316751,-7.439649,0],[110.316946,-7.439656,0],[110.316836,-7.439187,0],[110.317077,-7.438598,0],[110.317412,-7.438518,0],[110.317785,-7.43877,0],[110.317879,-7.438537,0],[110.319255,-7.43845,0],[110.319108,-7.437301,0],[110.319382,-7.436612,0],[110.319071,-7.436298,0],[110.319109,-7.43605,0],[110.318399,-7.435618,0],[110.317973,-7.435536,0],[110.318122,-7.434965,0],[110.317408,-7.43415,0],[110.317837,-7.433077,0],[110.317431,-7.432943,0],[110.317465,-7.431859,0],[110.316109,-7.432449,0],[110.314256,-7.433002,0],[110.313348,-7.432728,0],[110.313068,-7.432848,0],[110.31279,-7.433298,0],[110.311812,-7.433432,0],[110.311335,-7.433788,0],[110.309879,-7.433456,0],[110.309591,-7.433522,0],[110.308872,-7.433868,0],[110.308487,-7.434316,0],[110.307906,-7.434237,0],[110.307685,-7.434754,0],[110.307106,-7.434897,0],[110.306946,-7.435498,0],[110.306335,-7.435458,0],[110.30594,-7.435612,0],[110.305271,-7.435154,0],[110.305033,-7.435245,0],[110.30485,-7.435653,0],[110.304099,-7.435644,0],[110.303859,-7.435517,0],[110.30354,-7.434927,0],[110.303047,-7.435325,0],[110.301422,-7.435204,0],[110.301112,-7.435656,0],[110.300604,-7.435755,0],[110.299368,-7.435186,0],[110.298767,-7.435315,0],[110.297064,-7.434745,0],[110.296448,-7.43507,0],[110.296078,-7.434718,0],[110.295685,-7.435173,0],[110.294773,-7.434734,0],[110.294481,-7.435261,0],[110.29425,-7.435289,0],[110.294053,-7.435174,0],[110.293881,-7.434542,0],[110.293155,-7.434498,0],[110.292461,-7.434141,0],[110.29217,-7.434145,0],[110.291324,-7.434631,0],[110.289448,-7.434575,0],[110.288985,-7.434416,0],[110.288684,-7.433805,0],[110.287682,-7.433918,0],[110.28702,-7.434181,0],[110.285999,-7.433566,0],[110.285395,-7.433434,0],[110.285214,-7.43296,0],[110.284326,-7.433063,0],[110.283615,-7.431828,0],[110.283343,-7.431017,0],[110.282927,-7.430642,0],[110.283108,-7.430012,0],[110.282339,-7.429556,0],[110.282148,-7.429014,0],[110.281609,-7.428965,0],[110.280014,-7.428325,0]]]}},
    {"type":"Feature","id":"330820","properties":{"id":"330820","name":"Secang","slug":"secang","role":"context","sourceCode":"33.08.20","county":"Magelang","province":"Jawa Tengah","boundarySource":"BIG BATAS_KECAMATAN_AR"},"geometry":{"type":"Polygon","coordinates":[[[110.253322,-7.370907,0],[110.252519,-7.370392,0],[110.251972,-7.370359,0],[110.25107,-7.370935,0],[110.249347,-7.371508,0],[110.248092,-7.371442,0],[110.246645,-7.370861,0],[110.24613,-7.370861,0],[110.245486,-7.371116,0],[110.244842,-7.371853,0],[110.243972,-7.372173,0],[110.243393,-7.372011,0],[110.243297,-7.371722,0],[110.242526,-7.371368,0],[110.237986,-7.372612,0],[110.236731,-7.372674,0],[110.235541,-7.372447,0],[110.235058,-7.372703,0],[110.23485,-7.373233,0],[110.235009,-7.3741,0],[110.234781,-7.376122,0],[110.233943,-7.376762,0],[110.233491,-7.377532,0],[110.233521,-7.378944,0],[110.23323,-7.379811,0],[110.233257,-7.382539,0],[110.233031,-7.383148,0],[110.232483,-7.383501,0],[110.23139,-7.383306,0],[110.228461,-7.383429,0],[110.229071,-7.384586,0],[110.228651,-7.385035,0],[110.226655,-7.38593,0],[110.22614,-7.385961,0],[110.225079,-7.38551,0],[110.224921,-7.383937,0],[110.224248,-7.38217,0],[110.223702,-7.381656,0],[110.223219,-7.381559,0],[110.222736,-7.381847,0],[110.222478,-7.382167,0],[110.222702,-7.382713,0],[110.223664,-7.383889,0],[110.224273,-7.385431,0],[110.22456,-7.386779,0],[110.22459,-7.388128,0],[110.223815,-7.389731,0],[110.223781,-7.390469,0],[110.224068,-7.391882,0],[110.223809,-7.392941,0],[110.222746,-7.393677,0],[110.221684,-7.393547,0],[110.221492,-7.393194,0],[110.221138,-7.393161,0],[110.218942,-7.39398,0],[110.217975,-7.394877,0],[110.217394,-7.395839,0],[110.216106,-7.395965,0],[110.215977,-7.39635,0],[110.21604,-7.397024,0],[110.215297,-7.398884,0],[110.21494,-7.400296,0],[110.214706,-7.401966,0],[110.215123,-7.402175,0],[110.216157,-7.404324,0],[110.216553,-7.405477,0],[110.216548,-7.406498,0],[110.215754,-7.408705,0],[110.214917,-7.410096,0],[110.214707,-7.411497,0],[110.213721,-7.413432,0],[110.213633,-7.414387,0],[110.214013,-7.415752,0],[110.213981,-7.416843,0],[110.213764,-7.417695,0],[110.21269,-7.419387,0],[110.213246,-7.420963,0],[110.21429,-7.422859,0],[110.214261,-7.423402,0],[110.21295,-7.426033,0],[110.212865,-7.428896,0],[110.212986,-7.4295,0],[110.213255,-7.429826,0],[110.216324,-7.430128,0],[110.21715,-7.430495,0],[110.217347,-7.430669,0],[110.217418,-7.431046,0],[110.21725,-7.431285,0],[110.216621,-7.431296,0],[110.215624,-7.432598,0],[110.215128,-7.434609,0],[110.215578,-7.436386,0],[110.214319,-7.437966,0],[110.213717,-7.439257,0],[110.212059,-7.441384,0],[110.211848,-7.442089,0],[110.211882,-7.442927,0],[110.212169,-7.443436,0],[110.212792,-7.4437,0],[110.214207,-7.44344,0],[110.2145,-7.44396,0],[110.215358,-7.444196,0],[110.215719,-7.444016,0],[110.216357,-7.444402,0],[110.21722,-7.443812,0],[110.218003,-7.443815,0],[110.218967,-7.444464,0],[110.219243,-7.444485,0],[110.219013,-7.443941,0],[110.21931,-7.443437,0],[110.219288,-7.442564,0],[110.218421,-7.442637,0],[110.217718,-7.441627,0],[110.218022,-7.440136,0],[110.219088,-7.439266,0],[110.218781,-7.438683,0],[110.220359,-7.43851,0],[110.221191,-7.438857,0],[110.223053,-7.438851,0],[110.223532,-7.438634,0],[110.223672,-7.438035,0],[110.224023,-7.437569,0],[110.223506,-7.437292,0],[110.223672,-7.43689,0],[110.223412,-7.436601,0],[110.222624,-7.436552,0],[110.222473,-7.435782,0],[110.223023,-7.434434,0],[110.223816,-7.434652,0],[110.223963,-7.43395,0],[110.223305,-7.434135,0],[110.223345,-7.433533,0],[110.226487,-7.434253,0],[110.226972,-7.434221,0],[110.227451,-7.433863,0],[110.22837,-7.433983,0],[110.228108,-7.434964,0],[110.228246,-7.435065,0],[110.228898,-7.435398,0],[110.22956,-7.435442,0],[110.229607,-7.435256,0],[110.23074,-7.435243,0],[110.230832,-7.435356,0],[110.231008,-7.437155,0],[110.22864,-7.436972,0],[110.227539,-7.43988,0],[110.228501,-7.441064,0],[110.229135,-7.441092,0],[110.229108,-7.441405,0],[110.228676,-7.441416,0],[110.228222,-7.441937,0],[110.229236,-7.442401,0],[110.229367,-7.44229,0],[110.229634,-7.442927,0],[110.230617,-7.4433,0],[110.23049,-7.443557,0],[110.230652,-7.443635,0],[110.231359,-7.443678,0],[110.231557,-7.443983,0],[110.231418,-7.444533,0],[110.231503,-7.44487,0],[110.231069,-7.445512,0],[110.229784,-7.446156,0],[110.22969,-7.44717,0],[110.228628,-7.448168,0],[110.227836,-7.449328,0],[110.227741,-7.451023,0],[110.228102,-7.451848,0],[110.228259,-7.453442,0],[110.229605,-7.453794,0],[110.229684,-7.454473,0],[110.230056,-7.455342,0],[110.229994,-7.455753,0],[110.228739,-7.457101,0],[110.228867,-7.457451,0],[110.229561,-7.457801,0],[110.229693,-7.458022,0],[110.229175,-7.458816,0],[110.229395,-7.459739,0],[110.228976,-7.460286,0],[110.230025,-7.460855,0],[110.230127,-7.461054,0],[110.228641,-7.460999,0],[110.228594,-7.462268,0],[110.229105,-7.461884,0],[110.229248,-7.461956,0],[110.229136,-7.46255,0],[110.228482,-7.463437,0],[110.228755,-7.464214,0],[110.228254,-7.464638,0],[110.228433,-7.465149,0],[110.227373,-7.465331,0],[110.228848,-7.465862,0],[110.227328,-7.466367,0],[110.227824,-7.466845,0],[110.227789,-7.467399,0],[110.228152,-7.468105,0],[110.227801,-7.468717,0],[110.22866,-7.469293,0],[110.228332,-7.470237,0],[110.228571,-7.470675,0],[110.229449,-7.471525,0],[110.229829,-7.473073,0],[110.230995,-7.473665,0],[110.230633,-7.474899,0],[110.231213,-7.475168,0],[110.231609,-7.474259,0],[110.231431,-7.473115,0],[110.231783,-7.472597,0],[110.231812,-7.471899,0],[110.232066,-7.471601,0],[110.231922,-7.471441,0],[110.231357,-7.471392,0],[110.231367,-7.471108,0],[110.231767,-7.470883,0],[110.23135,-7.470647,0],[110.231283,-7.470421,0],[110.232232,-7.470069,0],[110.232365,-7.469789,0],[110.232014,-7.46962,0],[110.230917,-7.469577,0],[110.230864,-7.469351,0],[110.231167,-7.469116,0],[110.231206,-7.468845,0],[110.230396,-7.468442,0],[110.230207,-7.468171,0],[110.230795,-7.467188,0],[110.230558,-7.466972,0],[110.230121,-7.466929,0],[110.229905,-7.466656,0],[110.230811,-7.466353,0],[110.230903,-7.466154,0],[110.230782,-7.465977,0],[110.230263,-7.465825,0],[110.230728,-7.464926,0],[110.230185,-7.464137,0],[110.230118,-7.463755,0],[110.230439,-7.463455,0],[110.230893,-7.464013,0],[110.231258,-7.464195,0],[110.231307,-7.463818,0],[110.230855,-7.463466,0],[110.230654,-7.46282,0],[110.230973,-7.462637,0],[110.231606,-7.463225,0],[110.232331,-7.462495,0],[110.232376,-7.462125,0],[110.232197,-7.461876,0],[110.231406,-7.461533,0],[110.230997,-7.461104,0],[110.231129,-7.460772,0],[110.232006,-7.460924,0],[110.23212,-7.460457,0],[110.23195,-7.459088,0],[110.231683,-7.458931,0],[110.230879,-7.459044,0],[110.230837,-7.458043,0],[110.230998,-7.457824,0],[110.231961,-7.45796,0],[110.232152,-7.456674,0],[110.231795,-7.456376,0],[110.231754,-7.454839,0],[110.232373,-7.454596,0],[110.23247,-7.453974,0],[110.23284,-7.453621,0],[110.232725,-7.452916,0],[110.233381,-7.452568,0],[110.233752,-7.452079,0],[110.234312,-7.451958,0],[110.234219,-7.451834,0],[110.23438,-7.451715,0],[110.234429,-7.451026,0],[110.235238,-7.449991,0],[110.234984,-7.448958,0],[110.234788,-7.448901,0],[110.234743,-7.448396,0],[110.235371,-7.448143,0],[110.235943,-7.448731,0],[110.237119,-7.44724,0],[110.237442,-7.447061,0],[110.237852,-7.447173,0],[110.238164,-7.447791,0],[110.238595,-7.447615,0],[110.239329,-7.447841,0],[110.24036,-7.447796,0],[110.240649,-7.447356,0],[110.240653,-7.446335,0],[110.24082,-7.44593,0],[110.242522,-7.444797,0],[110.243113,-7.444641,0],[110.243807,-7.445078,0],[110.244391,-7.445126,0],[110.246372,-7.444798,0],[110.24684,-7.444661,0],[110.24759,-7.443998,0],[110.248841,-7.443414,0],[110.249548,-7.442696,0],[110.249825,-7.442169,0],[110.250564,-7.440232,0],[110.250476,-7.439805,0],[110.251178,-7.438534,0],[110.251438,-7.437205,0],[110.251972,-7.435876,0],[110.252578,-7.435722,0],[110.253826,-7.436365,0],[110.254857,-7.436421,0],[110.255382,-7.436932,0],[110.255871,-7.437876,0],[110.256286,-7.438153,0],[110.256587,-7.438053,0],[110.256913,-7.437245,0],[110.258119,-7.437042,0],[110.258217,-7.436797,0],[110.257779,-7.435576,0],[110.258359,-7.434644,0],[110.25844,-7.433909,0],[110.258067,-7.432894,0],[110.257213,-7.432363,0],[110.257193,-7.432031,0],[110.257497,-7.431809,0],[110.258775,-7.43196,0],[110.261189,-7.432755,0],[110.262198,-7.433634,0],[110.262029,-7.434514,0],[110.262318,-7.434709,0],[110.263266,-7.434263,0],[110.264163,-7.433385,0],[110.265037,-7.433144,0],[110.2652,-7.431894,0],[110.26544,-7.431751,0],[110.266237,-7.431718,0],[110.266724,-7.431331,0],[110.266779,-7.430842,0],[110.267126,-7.430423,0],[110.268354,-7.430673,0],[110.268541,-7.430339,0],[110.268472,-7.429644,0],[110.268782,-7.429514,0],[110.269717,-7.429564,0],[110.270426,-7.428956,0],[110.271295,-7.428541,0],[110.274218,-7.428432,0],[110.274658,-7.42864,0],[110.274828,-7.429033,0],[110.275458,-7.429166,0],[110.275931,-7.429009,0],[110.276453,-7.42812,0],[110.276774,-7.42787,0],[110.277207,-7.427926,0],[110.277887,-7.428356,0],[110.278766,-7.427744,0],[110.281609,-7.428965,0],[110.282148,-7.429014,0],[110.282503,-7.428763,0],[110.282611,-7.428635,0],[110.28247,-7.427502,0],[110.28259,-7.426175,0],[110.282191,-7.424588,0],[110.282325,-7.424463,0],[110.28315,-7.424666,0],[110.28335,-7.424556,0],[110.283328,-7.42371,0],[110.283863,-7.423323,0],[110.28398,-7.423061,0],[110.283581,-7.422189,0],[110.283661,-7.42188,0],[110.284117,-7.421699,0],[110.284436,-7.422221,0],[110.284658,-7.42228,0],[110.285679,-7.421878,0],[110.285888,-7.421611,0],[110.28576,-7.420782,0],[110.286369,-7.420539,0],[110.286638,-7.420848,0],[110.28659,-7.42194,0],[110.286746,-7.422132,0],[110.286989,-7.422109,0],[110.287462,-7.421507,0],[110.286951,-7.420784,0],[110.286933,-7.420522,0],[110.287749,-7.418871,0],[110.288555,-7.417927,0],[110.288743,-7.417317,0],[110.288675,-7.416701,0],[110.289615,-7.416652,0],[110.289824,-7.416506,0],[110.289622,-7.415732,0],[110.289879,-7.415388,0],[110.289473,-7.414955,0],[110.289165,-7.415557,0],[110.288864,-7.415779,0],[110.2884,-7.415519,0],[110.288131,-7.415004,0],[110.287473,-7.414644,0],[110.28604,-7.414949,0],[110.285677,-7.414631,0],[110.286389,-7.413634,0],[110.28714,-7.413416,0],[110.28711,-7.412442,0],[110.28756,-7.412563,0],[110.288105,-7.41248,0],[110.288362,-7.412821,0],[110.28888,-7.412955,0],[110.288892,-7.412498,0],[110.289082,-7.412353,0],[110.288948,-7.412279,0],[110.289081,-7.411334,0],[110.289256,-7.410963,0],[110.289148,-7.410619,0],[110.289514,-7.410642,0],[110.290245,-7.408936,0],[110.29077,-7.408597,0],[110.289714,-7.408299,0],[110.28893,-7.408596,0],[110.288852,-7.408478,0],[110.289456,-7.408037,0],[110.28964,-7.407646,0],[110.289331,-7.407814,0],[110.288941,-7.407658,0],[110.289235,-7.407506,0],[110.289403,-7.407136,0],[110.289664,-7.407166,0],[110.289368,-7.406848,0],[110.288907,-7.406686,0],[110.289412,-7.40653,0],[110.289097,-7.40602,0],[110.28824,-7.405901,0],[110.288562,-7.405449,0],[110.289676,-7.40543,0],[110.289521,-7.404966,0],[110.290654,-7.403799,0],[110.290504,-7.402939,0],[110.291225,-7.401843,0],[110.29084,-7.401561,0],[110.290972,-7.401008,0],[110.290801,-7.400415,0],[110.290883,-7.400048,0],[110.292395,-7.398653,0],[110.293694,-7.397747,0],[110.296564,-7.397147,0],[110.296257,-7.395412,0],[110.297342,-7.393528,0],[110.297574,-7.393244,0],[110.300215,-7.391974,0],[110.299464,-7.391191,0],[110.297883,-7.390543,0],[110.296606,-7.389566,0],[110.295827,-7.389529,0],[110.294531,-7.390245,0],[110.294147,-7.390257,0],[110.293641,-7.389754,0],[110.289916,-7.390252,0],[110.28816,-7.391135,0],[110.287278,-7.391153,0],[110.286223,-7.390749,0],[110.284567,-7.390847,0],[110.284575,-7.390233,0],[110.284688,-7.390167,0],[110.285079,-7.390448,0],[110.285285,-7.390366,0],[110.285727,-7.389274,0],[110.286234,-7.388566,0],[110.286788,-7.388224,0],[110.286851,-7.38751,0],[110.287395,-7.386866,0],[110.287487,-7.386443,0],[110.287969,-7.386384,0],[110.288431,-7.385831,0],[110.288901,-7.385617,0],[110.289055,-7.384988,0],[110.289471,-7.384613,0],[110.289225,-7.384582,0],[110.289528,-7.384098,0],[110.289453,-7.38389,0],[110.290037,-7.383641,0],[110.288993,-7.383307,0],[110.288447,-7.382767,0],[110.287746,-7.382771,0],[110.2875,-7.382493,0],[110.286721,-7.382947,0],[110.286684,-7.383201,0],[110.286309,-7.383574,0],[110.286056,-7.383384,0],[110.285314,-7.383846,0],[110.285094,-7.383241,0],[110.285738,-7.382895,0],[110.286162,-7.382337,0],[110.286026,-7.382327,0],[110.285605,-7.382793,0],[110.284176,-7.383232,0],[110.283704,-7.383942,0],[110.283017,-7.383887,0],[110.282395,-7.384414,0],[110.281703,-7.384618,0],[110.281574,-7.384937,0],[110.281088,-7.385115,0],[110.280835,-7.385695,0],[110.28014,-7.385852,0],[110.279797,-7.386632,0],[110.279456,-7.386934,0],[110.27885,-7.386801,0],[110.278602,-7.38805,0],[110.278105,-7.388187,0],[110.278034,-7.389405,0],[110.277544,-7.389175,0],[110.277684,-7.388879,0],[110.277473,-7.388744,0],[110.277542,-7.388563,0],[110.277327,-7.388251,0],[110.276649,-7.388597,0],[110.276322,-7.388324,0],[110.276236,-7.38786,0],[110.27583,-7.387333,0],[110.275076,-7.386764,0],[110.274265,-7.386607,0],[110.273683,-7.386988,0],[110.273218,-7.386795,0],[110.273077,-7.387017,0],[110.272518,-7.386196,0],[110.272217,-7.386042,0],[110.27167,-7.385793,0],[110.27124,-7.385804,0],[110.270751,-7.386131,0],[110.270375,-7.385942,0],[110.269953,-7.385361,0],[110.269393,-7.385312,0],[110.268808,-7.385021,0],[110.2686,-7.384624,0],[110.269631,-7.382216,0],[110.270127,-7.381509,0],[110.270037,-7.381315,0],[110.269608,-7.381347,0],[110.269456,-7.380868,0],[110.268892,-7.38089,0],[110.268591,-7.381233,0],[110.268242,-7.38115,0],[110.266565,-7.381927,0],[110.264088,-7.381473,0],[110.261613,-7.380217,0],[110.261098,-7.38012,0],[110.257333,-7.380339,0],[110.25672,-7.380851,0],[110.256203,-7.382359,0],[110.255816,-7.382583,0],[110.255334,-7.382582,0],[110.254884,-7.382228,0],[110.255142,-7.379801,0],[110.254628,-7.378966,0],[110.254472,-7.376494,0],[110.253894,-7.375434,0],[110.253542,-7.374342,0],[110.253867,-7.372673,0],[110.253804,-7.371774,0],[110.253322,-7.370907,0]]]}},
    {"type":"Feature","id":"330821","properties":{"id":"330821","name":"Windusari","slug":"windusari","role":"context","sourceCode":"33.08.21","county":"Magelang","province":"Jawa Tengah","boundarySource":"BIG BATAS_KECAMATAN_AR"},"geometry":{"type":"Polygon","coordinates":[[[110.202756,-7.385608,0],[110.202725,-7.385062,0],[110.201406,-7.384578,0],[110.200539,-7.383838,0],[110.199445,-7.383676,0],[110.198898,-7.383418,0],[110.196843,-7.381424,0],[110.195428,-7.38094,0],[110.194559,-7.380843,0],[110.19385,-7.381387,0],[110.193171,-7.382991,0],[110.191711,-7.383471,0],[110.190777,-7.384208,0],[110.192513,-7.384692,0],[110.19264,-7.385816,0],[110.192286,-7.385879,0],[110.191161,-7.38546,0],[110.190613,-7.385459,0],[110.190066,-7.385811,0],[110.190193,-7.386774,0],[110.189709,-7.387512,0],[110.188775,-7.388088,0],[110.187906,-7.388086,0],[110.186973,-7.387667,0],[110.18614,-7.385772,0],[110.185824,-7.385649,0],[110.185161,-7.385715,0],[110.184698,-7.385541,0],[110.184231,-7.38498,0],[110.182177,-7.384395,0],[110.180929,-7.384207,0],[110.180189,-7.384413,0],[110.179567,-7.384385,0],[110.178338,-7.383221,0],[110.176859,-7.382264,0],[110.176134,-7.382022,0],[110.174456,-7.381904,0],[110.171241,-7.382172,0],[110.169537,-7.383031,0],[110.168176,-7.383304,0],[110.166686,-7.384647,0],[110.165989,-7.384955,0],[110.16457,-7.384815,0],[110.16434,-7.384952,0],[110.163169,-7.384945,0],[110.159416,-7.386737,0],[110.158327,-7.386665,0],[110.15428,-7.385516,0],[110.151871,-7.386258,0],[110.151008,-7.386231,0],[110.149455,-7.385352,0],[110.148698,-7.385107,0],[110.146832,-7.385036,0],[110.145105,-7.384619,0],[110.14446,-7.384863,0],[110.144006,-7.38537,0],[110.143489,-7.385586,0],[110.142005,-7.385607,0],[110.140747,-7.385981,0],[110.139994,-7.386915,0],[110.139174,-7.38723,0],[110.137887,-7.388054,0],[110.136978,-7.388049,0],[110.136343,-7.387672,0],[110.136026,-7.387671,0],[110.135488,-7.38789,0],[110.13513,-7.388343,0],[110.13322,-7.38846,0],[110.132793,-7.388427,0],[110.131946,-7.387247,0],[110.131426,-7.38684,0],[110.130098,-7.386165,0],[110.129305,-7.386163,0],[110.12817,-7.385848,0],[110.126568,-7.385848,0],[110.126213,-7.385699,0],[110.125475,-7.385155,0],[110.12536,-7.384531,0],[110.124885,-7.38406,0],[110.123706,-7.383474,0],[110.122152,-7.383796,0],[110.121185,-7.383743,0],[110.1206,-7.384055,0],[110.119633,-7.384138,0],[110.119343,-7.384452,0],[110.118709,-7.384741,0],[110.114786,-7.385413,0],[110.113965,-7.385437,0],[110.111004,-7.384908,0],[110.11029,-7.384976,0],[110.107668,-7.385742,0],[110.104981,-7.385883,0],[110.103927,-7.385727,0],[110.102316,-7.385107,0],[110.10106,-7.385126,0],[110.099774,-7.38554,0],[110.098298,-7.385187,0],[110.09449,-7.38542,0],[110.09335,-7.385054,0],[110.090352,-7.385002,0],[110.089688,-7.384848,0],[110.087017,-7.383499,0],[110.085386,-7.383287,0],[110.082166,-7.383636,0],[110.081344,-7.383583,0],[110.080419,-7.38335,0],[110.079494,-7.382912,0],[110.078725,-7.38227,0],[110.078134,-7.382063,0],[110.077362,-7.382497,0],[110.076029,-7.383633,0],[110.077005,-7.38514,0],[110.077941,-7.385988,0],[110.080226,-7.386811,0],[110.081549,-7.387514,0],[110.083207,-7.388941,0],[110.084072,-7.39025,0],[110.085927,-7.392262,0],[110.088775,-7.39628,0],[110.091112,-7.398747,0],[110.092129,-7.399377,0],[110.092858,-7.400823,0],[110.093194,-7.402185,0],[110.094064,-7.402895,0],[110.095999,-7.405369,0],[110.096756,-7.405724,0],[110.097396,-7.406329,0],[110.097796,-7.407115,0],[110.098373,-7.407191,0],[110.099146,-7.406984,0],[110.099898,-7.407397,0],[110.101658,-7.406355,0],[110.102522,-7.406152,0],[110.103097,-7.406203,0],[110.103377,-7.406488,0],[110.103712,-7.408165,0],[110.104905,-7.408339,0],[110.106395,-7.409297,0],[110.10716,-7.410207,0],[110.109085,-7.411313,0],[110.110262,-7.412478,0],[110.111207,-7.412785,0],[110.112586,-7.413644,0],[110.113315,-7.41377,0],[110.113843,-7.414316,0],[110.115158,-7.415219,0],[110.116289,-7.415437,0],[110.116911,-7.415941,0],[110.117365,-7.416818,0],[110.120077,-7.417952,0],[110.121475,-7.418903,0],[110.122495,-7.419379,0],[110.122706,-7.419628,0],[110.122766,-7.420537,0],[110.123252,-7.421659,0],[110.123496,-7.421685,0],[110.123954,-7.421416,0],[110.124295,-7.42155,0],[110.124824,-7.421475,0],[110.125105,-7.421975,0],[110.124757,-7.422221,0],[110.124617,-7.422828,0],[110.124185,-7.423066,0],[110.123901,-7.422776,0],[110.123535,-7.422886,0],[110.122366,-7.42397,0],[110.122503,-7.424118,0],[110.122216,-7.424383,0],[110.12288,-7.425116,0],[110.123091,-7.425573,0],[110.123935,-7.426117,0],[110.124232,-7.426832,0],[110.125526,-7.428349,0],[110.126181,-7.428724,0],[110.126294,-7.429069,0],[110.126653,-7.429198,0],[110.126823,-7.429815,0],[110.127059,-7.430069,0],[110.128456,-7.430342,0],[110.129011,-7.431698,0],[110.129652,-7.431746,0],[110.130337,-7.432229,0],[110.131094,-7.431937,0],[110.13144,-7.432181,0],[110.132086,-7.432259,0],[110.132517,-7.432804,0],[110.133542,-7.432887,0],[110.133782,-7.433264,0],[110.134434,-7.433484,0],[110.134845,-7.434316,0],[110.135656,-7.434512,0],[110.135705,-7.4351,0],[110.136376,-7.434918,0],[110.136897,-7.435628,0],[110.137476,-7.435655,0],[110.137482,-7.436044,0],[110.137197,-7.436428,0],[110.137307,-7.436988,0],[110.136602,-7.437426,0],[110.13644,-7.437912,0],[110.13687,-7.438647,0],[110.137222,-7.439782,0],[110.137766,-7.439847,0],[110.138632,-7.439558,0],[110.139491,-7.439521,0],[110.140493,-7.440718,0],[110.140802,-7.440777,0],[110.141387,-7.440539,0],[110.141459,-7.440861,0],[110.142127,-7.44131,0],[110.142862,-7.441023,0],[110.143542,-7.440526,0],[110.143768,-7.440822,0],[110.144863,-7.441308,0],[110.145568,-7.441573,0],[110.146009,-7.4415,0],[110.146603,-7.442115,0],[110.147459,-7.442072,0],[110.147844,-7.442242,0],[110.148031,-7.442681,0],[110.147748,-7.443472,0],[110.148103,-7.443847,0],[110.148582,-7.443807,0],[110.14985,-7.442931,0],[110.150554,-7.443013,0],[110.151274,-7.443616,0],[110.151641,-7.444758,0],[110.153302,-7.444941,0],[110.153465,-7.445785,0],[110.153394,-7.446093,0],[110.153086,-7.44623,0],[110.153098,-7.446542,0],[110.154359,-7.447231,0],[110.155363,-7.447302,0],[110.155857,-7.447689,0],[110.156138,-7.447242,0],[110.156406,-7.447193,0],[110.156808,-7.448517,0],[110.157256,-7.44877,0],[110.157667,-7.448606,0],[110.157798,-7.447218,0],[110.157245,-7.447009,0],[110.157102,-7.445864,0],[110.156688,-7.445591,0],[110.15601,-7.444539,0],[110.155588,-7.444689,0],[110.155124,-7.444357,0],[110.155068,-7.444015,0],[110.155281,-7.443483,0],[110.154798,-7.442709,0],[110.154415,-7.442678,0],[110.153909,-7.44304,0],[110.153532,-7.442381,0],[110.152656,-7.442027,0],[110.152485,-7.440962,0],[110.152063,-7.440761,0],[110.150738,-7.440581,0],[110.1502,-7.4401,0],[110.150014,-7.439444,0],[110.149084,-7.438934,0],[110.15002,-7.438235,0],[110.149899,-7.437883,0],[110.150211,-7.437447,0],[110.150551,-7.437374,0],[110.150838,-7.437661,0],[110.150904,-7.43728,0],[110.151497,-7.436686,0],[110.151657,-7.434353,0],[110.152209,-7.433413,0],[110.153491,-7.43203,0],[110.153887,-7.430983,0],[110.154991,-7.424242,0],[110.155604,-7.423211,0],[110.157774,-7.421074,0],[110.159096,-7.419498,0],[110.161051,-7.415379,0],[110.161713,-7.417019,0],[110.162229,-7.420385,0],[110.162521,-7.420826,0],[110.162534,-7.421582,0],[110.16309,-7.424273,0],[110.163309,-7.42469,0],[110.164537,-7.424821,0],[110.165823,-7.425494,0],[110.168046,-7.425641,0],[110.169337,-7.426092,0],[110.171321,-7.427691,0],[110.171887,-7.427725,0],[110.173127,-7.428607,0],[110.173404,-7.429488,0],[110.173906,-7.430073,0],[110.174101,-7.430652,0],[110.174805,-7.431391,0],[110.175081,-7.432372,0],[110.175565,-7.432641,0],[110.175478,-7.433077,0],[110.176136,-7.432927,0],[110.176565,-7.433028,0],[110.177481,-7.434251,0],[110.179541,-7.435231,0],[110.181857,-7.435307,0],[110.182479,-7.435878,0],[110.184165,-7.436958,0],[110.185299,-7.436869,0],[110.185918,-7.437665,0],[110.18628,-7.437872,0],[110.186514,-7.438322,0],[110.187448,-7.438463,0],[110.18818,-7.438882,0],[110.188534,-7.438803,0],[110.188664,-7.439028,0],[110.188869,-7.438894,0],[110.189005,-7.439012,0],[110.189569,-7.43892,0],[110.190387,-7.439276,0],[110.190358,-7.439119,0],[110.190945,-7.438834,0],[110.191125,-7.438572,0],[110.190814,-7.438284,0],[110.19142,-7.437475,0],[110.192026,-7.436256,0],[110.192288,-7.43483,0],[110.192906,-7.433009,0],[110.192915,-7.432114,0],[110.193193,-7.431999,0],[110.193666,-7.430907,0],[110.193618,-7.430694,0],[110.193872,-7.430367,0],[110.193656,-7.430089,0],[110.194067,-7.430009,0],[110.194112,-7.429737,0],[110.194454,-7.429387,0],[110.194291,-7.429187,0],[110.194723,-7.428585,0],[110.194825,-7.428133,0],[110.194539,-7.427716,0],[110.194617,-7.427175,0],[110.196345,-7.426619,0],[110.197878,-7.425856,0],[110.198656,-7.42463,0],[110.199021,-7.423614,0],[110.200348,-7.42291,0],[110.200997,-7.423211,0],[110.201181,-7.423921,0],[110.201559,-7.423954,0],[110.20156,-7.424379,0],[110.201908,-7.424805,0],[110.202416,-7.424913,0],[110.202954,-7.424814,0],[110.20322,-7.425875,0],[110.203496,-7.426142,0],[110.203649,-7.426192,0],[110.20401,-7.4258,0],[110.204263,-7.426319,0],[110.204623,-7.426456,0],[110.20481,-7.426033,0],[110.204956,-7.426064,0],[110.205209,-7.427033,0],[110.205599,-7.427486,0],[110.206568,-7.427352,0],[110.206859,-7.427549,0],[110.207546,-7.427635,0],[110.207977,-7.428025,0],[110.208102,-7.428419,0],[110.208682,-7.428434,0],[110.209193,-7.428758,0],[110.209356,-7.428956,0],[110.209224,-7.429779,0],[110.209329,-7.430014,0],[110.210085,-7.430046,0],[110.211046,-7.429634,0],[110.211343,-7.429757,0],[110.211437,-7.430202,0],[110.212238,-7.430356,0],[110.21216,-7.431241,0],[110.212349,-7.431649,0],[110.212521,-7.431739,0],[110.212963,-7.431514,0],[110.213897,-7.431766,0],[110.213934,-7.432207,0],[110.215374,-7.433765,0],[110.215624,-7.432598,0],[110.21623,-7.43169,0],[110.216621,-7.431296,0],[110.21737,-7.431207,0],[110.217347,-7.430669,0],[110.216912,-7.430311,0],[110.215953,-7.430046,0],[110.214104,-7.430005,0],[110.213255,-7.429826,0],[110.212986,-7.4295,0],[110.212865,-7.428896,0],[110.21295,-7.426033,0],[110.214261,-7.423402,0],[110.21429,-7.422859,0],[110.213246,-7.420963,0],[110.21269,-7.419387,0],[110.213764,-7.417695,0],[110.213981,-7.416843,0],[110.214013,-7.415752,0],[110.213633,-7.414387,0],[110.213721,-7.413432,0],[110.214707,-7.411497,0],[110.214917,-7.410096,0],[110.215754,-7.408705,0],[110.216548,-7.406498,0],[110.216553,-7.405477,0],[110.21636,-7.404836,0],[110.215123,-7.402175,0],[110.214706,-7.401966,0],[110.214531,-7.403963,0],[110.213702,-7.4023,0],[110.212171,-7.398403,0],[110.213655,-7.394339,0],[110.213815,-7.391057,0],[110.214085,-7.390456,0],[110.212766,-7.390294,0],[110.21225,-7.390678,0],[110.211766,-7.391576,0],[110.210768,-7.391734,0],[110.208775,-7.390704,0],[110.208229,-7.390189,0],[110.207748,-7.388969,0],[110.207202,-7.38855,0],[110.206721,-7.387683,0],[110.206239,-7.387297,0],[110.205102,-7.387313,0],[110.204588,-7.387088,0],[110.203721,-7.386059,0],[110.203013,-7.386058,0],[110.20282,-7.385961,0],[110.202756,-7.385608,0]]]}}
  ]
}
